time,position_x,position_y,position_z,angle_x,angle_y,angle_z,pos_std
2026-05-16-19-06-36,-0.000000,-0.010000,-0.010000,-0.000000,-0.300000,-0.200000,0.100000
2026-05-16-19-06-36,-0.220000,-0.260000,-0.170000,-0.200000,2.100000,-5.500000,9.100000
2026-05-16-19-06-36,-0.220000,-0.280000,-0.170000,-0.200000,2.200000,-5.600000,9.100000
2026-05-16-19-06-37,-0.230000,-0.290000,-0.160000,-0.200000,2.200000,-5.700000,9.100000
2026-05-16-19-06-39,-0.170000,-0.260000,-0.180000,-0.400000,2.000000,-7.500000,10.700000
2026-05-16-19-06-41,0.100000,0.140000,-0.350000,-0.600000,2.200000,-13.000000,18.299999
2026-05-16-19-06-42,0.610000,0.820000,-0.690000,-0.800000,2.300000,-17.700001,32.200001
2026-05-16-19-06-44,1.240000,1.580000,-1.020000,-1.000000,2.300000,-22.000000,50.700001
2026-05-16-19-06-46,2.000000,2.440000,-1.290000,-1.100000,2.200000,-25.200001,71.900002
2026-05-16-19-06-47,3.210000,3.410000,-1.580000,-1.200000,2.200000,-27.500000,98.199997
2026-05-16-19-06-49,4.500000,4.510000,-1.930000,-1.300000,2.200000,-28.700001,127.000000
2026-05-16-19-06-51,6.080000,5.760000,-2.250000,-1.400000,2.100000,-29.100000,160.399994
2026-05-16-19-06-52,7.750000,6.990000,-2.580000,-1.500000,1.900000,-29.200001,195.100006
2026-05-16-19-06-54,9.730000,8.430000,-2.740000,-1.000000,2.600000,-29.600000,235.000000
2026-05-16-19-06-56,11.950000,10.090000,-3.140000,-1.100000,2.400000,-28.799999,279.299988
2026-05-16-19-06-58,14.350000,11.870000,-3.560000,-1.300000,2.400000,-27.200001,327.100006
2026-05-16-19-06-59,16.990000,13.700000,-4.110000,-1.100000,2.300000,-25.799999,377.600006
2026-05-16-19-07-01,19.940001,15.550000,-4.910000,-1.000000,2.600000,-24.900000,433.200012
2026-05-16-19-07-03,23.070000,17.590000,-5.760000,-1.200000,2.200000,-25.200001,492.899994
2026-05-16-19-07-05,26.379999,19.690001,-6.690000,-1.100000,2.300000,-26.799999,556.400024
2026-05-16-19-07-06,29.900000,22.110001,-7.840000,-1.300000,2.200000,-29.200001,627.299988
2026-05-16-19-07-08,33.709999,24.629999,-9.100000,-1.400000,2.400000,-31.900000,703.500000
2026-05-16-19-07-10,37.619999,27.070000,-10.360000,-1.500000,2.500000,-34.400002,780.200012
2026-05-16-19-07-12,41.930000,29.770000,-11.710000,-1.600000,2.600000,-36.799999,863.799988
2026-05-16-19-07-14,46.470001,32.540001,-12.990000,-1.700000,2.700000,-38.799999,948.000000
2026-05-16-19-07-15,51.369999,35.310001,-14.340000,-1.800000,2.700000,-40.200001,1036.000000
2026-05-16-19-07-17,56.669998,38.080002,-15.880000,-1.700000,2.700000,-41.299999,1129.300049
2026-05-16-19-07-19,62.250000,40.880001,-17.610001,-1.800000,2.600000,-42.000000,1228.500000
2026-05-16-19-07-21,68.019997,43.759998,-19.410000,-1.800000,2.500000,-42.500000,1328.900024
2026-05-16-19-07-22,73.919998,46.650002,-21.379999,-1.800000,2.600000,-42.900002,1432.900024
2026-05-16-19-07-24,80.470001,49.720001,-23.600000,-1.900000,2.600000,-43.000000,1547.699951
2026-05-16-19-07-26,87.160004,52.860001,-25.740000,-1.900000,2.600000,-43.000000,1662.500000
2026-05-16-19-07-28,94.019997,56.110001,-27.980000,-1.900000,2.500000,-43.000000,1779.599976
2026-05-16-19-07-30,101.330002,59.490002,-30.330000,-1.900000,2.700000,-43.000000,1905.000000
2026-05-16-19-07-31,108.519997,62.810001,-32.770000,-1.800000,2.700000,-43.000000,2030.000000
2026-05-16-19-07-33,115.900002,66.239998,-35.279999,-1.900000,2.600000,-42.799999,2158.600098
2026-05-16-19-07-35,123.500000,69.800003,-37.840000,-1.900000,2.600000,-42.599998,2291.699951
2026-05-16-19-07-36,131.339996,73.440002,-40.509998,-1.800000,2.700000,-42.099998,2430.600098
2026-05-16-19-07-38,139.360001,77.230003,-43.380001,-1.800000,2.600000,-41.299999,2573.600098
2026-05-16-19-07-40,147.339996,80.959999,-46.090000,-1.800000,2.600000,-40.299999,2716.300049
2026-05-16-19-07-42,155.740005,84.839996,-48.869999,-1.700000,2.600000,-38.799999,2868.000000
2026-05-16-19-07-43,163.970001,88.580002,-51.560001,-1.800000,2.800000,-37.000000,3015.800049
2026-05-16-19-07-45,172.679993,92.680000,-54.410000,-1.600000,2.800000,-34.700001,3174.899902
2026-05-16-19-07-47,181.509995,96.779999,-57.290001,-1.600000,2.900000,-32.200001,3338.399902
2026-05-16-19-07-48,190.229996,100.730003,-60.049999,-1.400000,2.900000,-29.400000,3498.600098
2026-05-16-19-07-50,199.399994,104.889999,-63.040001,-1.300000,2.900000,-26.400000,3665.699951
2026-05-16-19-07-52,209.059998,109.370003,-66.260002,-1.100000,2.900000,-23.100000,3844.300049
2026-05-16-19-07-53,218.949997,114.000000,-69.459999,-1.100000,2.900000,-19.600000,4026.699951
2026-05-16-19-07-55,229.240005,118.919998,-72.680000,-0.900000,3.000000,-16.000000,4216.500000
2026-05-16-19-07-57,239.580002,123.930000,-75.849998,-0.800000,3.000000,-12.100000,4408.899902
2026-05-16-19-07-59,250.100006,129.009995,-79.120003,-0.500000,3.000000,-8.300000,4605.100098
2026-05-16-19-08-00,260.369995,134.050003,-82.269997,-0.400000,3.000000,-4.300000,4799.200195
2026-05-16-19-08-02,270.529999,139.100006,-85.459999,-0.300000,3.000000,-0.400000,4993.000000
2026-05-16-19-08-04,281.450012,144.589996,-88.930000,-0.100000,2.800000,3.900000,5204.200195
2026-05-16-19-08-05,292.309998,150.119995,-92.440002,0.100000,2.700000,8.200000,5419.200195
2026-05-16-19-08-07,302.850006,155.720001,-95.930000,0.200000,2.800000,12.400000,5627.200195
2026-05-16-19-08-09,313.790009,161.820007,-99.599998,0.300000,2.700000,16.299999,5846.200195
2026-05-16-19-08-11,324.950012,168.279999,-103.360001,0.500000,2.600000,20.500000,6071.600098
2026-05-16-19-08-12,336.200012,174.919998,-107.330002,0.700000,2.400000,24.700001,6300.200195
2026-05-16-19-08-14,347.489990,181.639999,-111.330002,0.800000,2.400000,28.700001,6531.299805
2026-05-16-19-08-16,358.910004,188.500000,-115.449997,0.900000,2.300000,32.599998,6765.700195
2026-05-16-19-08-17,369.649994,195.160004,-119.320000,1.000000,2.200000,36.200001,6988.000000
2026-05-16-19-08-19,380.790009,202.339996,-123.440002,1.100000,2.000000,39.599998,7222.899902
2026-05-16-19-08-21,391.609985,209.320007,-127.660004,1.100000,1.900000,42.799999,7451.299805
2026-05-16-19-08-22,403.119995,216.970001,-132.300003,1.200000,1.800000,45.900002,7697.100098
2026-05-16-19-08-24,414.459991,224.899994,-136.869995,1.400000,1.700000,48.900002,7942.399902
2026-05-16-19-08-26,425.880005,233.160004,-141.570007,1.400000,1.700000,51.700001,8192.700195
2026-05-16-19-08-28,436.390015,241.059998,-146.039993,1.400000,1.600000,54.099998,8427.200195
2026-05-16-19-08-29,447.239990,249.460007,-150.600006,1.300000,1.500000,56.400002,8672.700195
2026-05-16-19-08-31,458.239990,258.209991,-155.309998,1.400000,1.400000,58.700001,8923.400391
2026-05-16-19-08-33,468.589996,266.820007,-159.830002,1.500000,1.400000,60.599998,9162.799805
2026-05-16-19-08-34,479.529999,276.230011,-164.559998,1.500000,1.300000,62.799999,9418.200195
2026-05-16-19-08-36,489.690002,285.309998,-168.899994,1.600000,1.200000,65.000000,9660.299805
2026-05-16-19-08-38,500.339996,295.049988,-173.580002,1.600000,1.100000,67.300003,9917.700195
2026-05-16-19-08-39,510.570007,304.679993,-178.100006,1.600000,1.200000,69.800003,10167.599609
2026-05-16-19-08-41,521.039978,314.750000,-182.860001,1.700000,1.000000,72.400002,10426.700195
2026-05-16-19-08-43,531.289978,324.980011,-187.619995,1.600000,0.800000,75.000000,10686.000000
2026-05-16-19-08-45,541.320007,335.369995,-192.320007,1.600000,0.800000,77.699997,10944.000000
2026-05-16-19-08-46,551.239990,346.059998,-197.130005,1.700000,0.600000,80.400002,11206.299805
2026-05-16-19-08-48,560.880005,356.769989,-201.970001,1.600000,0.500000,83.199997,11465.799805
2026-05-16-19-08-50,570.130005,367.390015,-206.729996,1.600000,0.300000,86.000000,11719.500000
2026-05-16-19-08-52,579.530029,378.500000,-211.690002,1.600000,0.300000,89.000000,11981.000000
2026-05-16-19-08-53,588.599976,389.640015,-216.600006,1.500000,0.100000,91.900002,12240.000000
2026-05-16-19-08-55,597.489990,400.950012,-221.550003,1.700000,0.100000,95.000000,12499.400391
2026-05-16-19-08-57,606.330017,412.429993,-226.750000,1.600000,-0.100000,98.099998,12759.799805
2026-05-16-19-08-59,614.840027,423.959991,-231.960007,1.500000,-0.200000,101.300003,13018.700195
2026-05-16-19-09-00,622.890015,435.390015,-236.979996,1.400000,-0.300000,104.400002,13269.400391
2026-05-16-19-09-02,630.869995,447.029999,-242.229996,1.300000,-0.500000,107.599998,13525.299805
2026-05-16-19-09-04,638.229980,458.190002,-247.279999,1.300000,-0.600000,111.000000,13767.900391
2026-05-16-19-09-05,645.460022,469.339996,-252.330002,1.300000,-0.700000,114.199997,14007.799805
2026-05-16-19-09-07,652.940002,481.170013,-257.720001,1.200000,-0.800000,117.199997,14261.900391
2026-05-16-19-09-09,659.719971,492.390015,-262.799988,1.200000,-0.900000,120.300003,14499.599609
2026-05-16-19-09-10,666.729980,504.040009,-267.929993,1.000000,-0.900000,123.300003,14744.799805
2026-05-16-19-09-12,673.710022,515.940002,-273.140015,0.900000,-1.000000,126.199997,14993.599609
2026-05-16-19-09-14,680.159973,527.059998,-278.239990,0.800000,-1.200000,129.000000,15226.000000
2026-05-16-19-09-15,686.690002,538.799988,-283.640015,0.700000,-1.300000,131.699997,15468.200195
2026-05-16-19-09-17,692.909973,550.739990,-289.160004,0.600000,-1.300000,134.699997,15710.700195
2026-05-16-19-09-19,698.590027,562.010010,-294.309998,0.600000,-1.400000,137.399994,15938.200195
2026-05-16-19-09-20,704.179993,573.539978,-299.700012,0.400000,-1.400000,140.000000,16169.900391
2026-05-16-19-09-22,709.780029,585.419983,-305.290009,0.300000,-1.500000,142.600006,16407.900391
2026-05-16-19-09-24,714.929993,596.409973,-310.649994,0.300000,-1.500000,145.000000,16628.300781
2026-05-16-19-09-26,720.239990,607.919983,-316.399994,0.200000,-1.600000,147.500000,16859.900391
2026-05-16-19-09-27,725.200012,618.869995,-321.920013,0.100000,-1.600000,149.800003,17077.500000
2026-05-16-19-09-29,730.219971,630.190002,-327.709991,-0.000000,-1.700000,152.199997,17302.199219
2026-05-16-19-09-31,734.940002,641.239990,-333.350006,-0.100000,-1.700000,154.600006,17520.000000
2026-05-16-19-09-32,739.679993,652.400024,-339.140015,-0.200000,-1.700000,156.899994,17739.199219
2026-05-16-19-09-34,744.000000,662.799988,-344.609985,-0.300000,-1.700000,159.100006,17945.099609
2026-05-16-19-09-36,748.460022,673.690002,-350.500000,-0.400000,-1.800000,161.399994,18159.800781
2026-05-16-19-09-38,752.820007,684.580017,-356.470001,-0.400000,-1.800000,163.600006,18373.900391
2026-05-16-19-09-39,756.929993,695.359985,-362.429993,-0.500000,-1.800000,165.699997,18584.400391
2026-05-16-19-09-41,760.770020,705.780029,-368.369995,-0.700000,-1.800000,167.699997,18787.099609
2026-05-16-19-09-43,764.510010,716.119995,-374.510010,-0.700000,-1.700000,169.600006,18990.900391
2026-05-16-19-09-44,768.289978,726.390015,-380.709991,-0.800000,-1.700000,171.500000,19193.400391
2026-05-16-19-09-46,772.000000,736.409973,-387.010010,-0.700000,-1.700000,173.300003,19391.800781
2026-05-16-19-09-48,775.669983,746.349976,-393.489990,-0.800000,-1.800000,175.000000,19588.400391
2026-05-16-19-09-50,779.250000,756.429993,-400.230011,-1.000000,-1.800000,176.699997,19789.000000
2026-05-16-19-09-51,782.520020,765.780029,-406.649994,-1.000000,-1.700000,178.500000,19979.000000
2026-05-16-19-09-53,785.830017,774.820007,-413.040009,-1.200000,-1.700000,-179.899994,20165.400391
2026-05-16-19-09-55,789.109985,783.510010,-419.480011,-1.200000,-1.700000,-178.199997,20350.400391
2026-05-16-19-09-57,792.219971,792.000000,-425.779999,-1.200000,-1.600000,-176.500000,20531.599609
2026-05-16-19-09-58,795.200012,800.210022,-432.239990,-1.300000,-1.600000,-174.600006,20710.199219
2026-05-16-19-10-00,798.080017,808.059998,-438.640015,-1.300000,-1.600000,-172.699997,20882.000000
2026-05-16-19-10-02,801.010010,816.090027,-445.260010,-1.400000,-1.700000,-170.699997,21057.000000
2026-05-16-19-10-04,803.969971,823.849976,-451.850006,-1.600000,-1.600000,-168.600006,21228.800781
2026-05-16-19-10-05,806.719971,830.900024,-457.959991,-1.600000,-1.500000,-166.399994,21388.400391
2026-05-16-19-10-07,809.539978,838.289978,-464.459991,-1.700000,-1.500000,-164.000000,21555.699219
2026-05-16-19-10-09,812.130005,844.989990,-470.589996,-1.800000,-1.500000,-161.800003,21710.099609
2026-05-16-19-10-10,814.700012,851.729980,-477.000000,-1.900000,-1.400000,-159.399994,21867.400391
2026-05-16-19-10-12,817.059998,858.090027,-483.320007,-2.000000,-1.400000,-157.100006,22018.599609
2026-05-16-19-10-14,819.489990,864.619995,-489.989990,-2.100000,-1.300000,-154.600006,22176.400391
2026-05-16-19-10-15,821.820007,870.590027,-496.359985,-2.100000,-1.200000,-152.199997,22322.000000
2026-05-16-19-10-17,824.330017,876.830017,-503.230011,-2.200000,-1.200000,-149.800003,22475.500000
2026-05-16-19-10-19,826.830017,882.909973,-510.089996,-2.300000,-1.100000,-147.300003,22627.099609
2026-05-16-19-10-20,829.130005,888.489990,-516.880005,-2.400000,-1.100000,-144.899994,22772.500000
2026-05-16-19-10-22,831.419983,893.570007,-523.549988,-2.400000,-1.000000,-142.600006,22912.099609
2026-05-16-19-10-24,833.770020,898.369995,-530.239990,-2.500000,-0.900000,-140.300003,23050.300781
2026-05-16-19-10-25,836.289978,903.250000,-537.409973,-2.500000,-0.900000,-138.199997,23195.199219
2026-05-16-19-10-27,838.770020,907.830017,-544.510010,-2.600000,-0.800000,-136.100006,23336.599609
2026-05-16-19-10-29,841.280029,912.210022,-551.669983,-2.700000,-0.700000,-134.000000,23478.099609
2026-05-16-19-10-31,843.830017,916.239990,-558.809998,-2.700000,-0.700000,-131.899994,23615.599609
2026-05-16-19-10-32,846.549988,920.210022,-566.150024,-2.800000,-0.600000,-129.800003,23754.500000
2026-05-16-19-10-34,849.429993,924.020020,-573.549988,-2.800000,-0.500000,-127.699997,23890.800781
2026-05-16-19-10-36,852.219971,927.380005,-580.580017,-2.900000,-0.400000,-125.699997,24019.300781
2026-05-16-19-10-37,855.429993,930.770020,-588.049988,-2.800000,-0.400000,-123.800003,24154.699219
2026-05-16-19-10-39,858.770020,933.909973,-595.580017,-2.900000,-0.300000,-121.800003,24289.699219
2026-05-16-19-10-41,862.049988,936.789978,-603.000000,-2.900000,-0.300000,-120.000000,24420.599609
2026-05-16-19-10-43,865.530029,939.570007,-610.559998,-2.900000,-0.200000,-118.199997,24553.699219
2026-05-16-19-10-44,869.150024,942.169983,-618.270020,-3.000000,-0.100000,-116.500000,24686.699219
2026-05-16-19-10-46,872.809998,944.450012,-625.940002,-3.000000,0.000000,-114.800003,24818.099609
2026-05-16-19-10-48,876.549988,946.650024,-633.700012,-2.900000,0.100000,-113.400002,24949.300781
2026-05-16-19-10-50,880.440002,948.770020,-641.659973,-3.000000,0.100000,-111.900002,25080.699219
2026-05-16-19-10-51,884.500000,950.669983,-649.580017,-3.100000,0.100000,-110.400002,25209.400391
2026-05-16-19-10-53,888.750000,952.450012,-657.599976,-3.100000,0.200000,-109.199997,25339.900391
2026-05-16-19-10-55,893.270020,954.059998,-665.789978,-3.100000,0.300000,-107.800003,25471.400391
2026-05-16-19-10-56,897.989990,955.539978,-674.159973,-3.000000,0.400000,-106.300003,25603.900391
2026-05-16-19-10-58,902.909973,956.760010,-682.669983,-3.000000,0.300000,-104.800003,25736.500000
2026-05-16-19-11-00,907.909973,957.760010,-691.159973,-3.100000,0.500000,-103.300003,25868.199219
2026-05-16-19-11-02,913.099976,958.650024,-699.700012,-3.000000,0.500000,-101.699997,25999.099609
2026-05-16-19-11-03,918.599976,959.380005,-708.609985,-3.100000,0.600000,-100.099998,26133.900391
2026-05-16-19-11-05,924.270020,960.059998,-717.729980,-3.000000,0.600000,-98.500000,26269.400391
2026-05-16-19-11-07,930.070007,960.719971,-726.849976,-3.000000,0.700000,-96.800003,26405.099609
2026-05-16-19-11-08,935.979980,961.210022,-735.500000,-3.100000,0.700000,-95.099998,26535.000000
2026-05-16-19-11-10,942.520020,961.719971,-745.059998,-3.000000,0.800000,-93.199997,26677.199219
2026-05-16-19-11-12,948.799988,962.020020,-754.020020,-3.000000,1.000000,-91.400002,26809.199219
2026-05-16-19-11-14,955.630005,962.330017,-763.580017,-3.000000,1.000000,-89.500000,26950.099609
2026-05-16-19-11-15,962.190002,962.679993,-772.789978,-3.000000,1.100000,-87.500000,27084.800781
2026-05-16-19-11-17,968.809998,962.960022,-781.950012,-3.000000,1.100000,-85.800003,27219.900391
2026-05-16-19-11-19,976.099976,963.169983,-791.909973,-2.900000,1.200000,-83.800003,27367.199219
2026-05-16-19-11-20,983.390015,963.309998,-801.609985,-2.900000,1.300000,-82.000000,27511.900391
2026-05-16-19-11-22,990.510010,963.330017,-811.000000,-2.900000,1.400000,-80.099998,27653.099609
2026-05-16-19-11-24,997.989990,963.260010,-820.559998,-2.800000,1.400000,-78.400002,27799.000000
2026-05-16-19-11-25,1005.940002,963.039978,-830.580017,-2.800000,1.500000,-76.500000,27952.500000
2026-05-16-19-11-27,1014.229980,962.710022,-840.849976,-2.700000,1.700000,-74.699997,28111.000000
2026-05-16-19-11-29,1022.340027,962.400024,-850.419983,-2.700000,1.700000,-73.000000,28262.800781
2026-05-16-19-11-30,1030.790039,961.979980,-860.419983,-2.700000,1.700000,-71.300003,28421.800781
2026-05-16-19-11-32,1039.069946,961.489990,-870.169983,-2.800000,1.800000,-69.599998,28577.400391
2026-05-16-19-11-34,1047.709961,960.960022,-880.109985,-2.700000,1.900000,-67.900002,28737.900391
2026-05-16-19-11-35,1057.089966,960.299988,-890.650024,-2.600000,1.900000,-66.099998,28910.199219
2026-05-16-19-11-37,1066.449951,959.750000,-900.960022,-2.600000,2.000000,-64.199997,29084.599609
2026-05-16-19-11-39,1076.050049,959.219971,-911.330017,-2.600000,2.000000,-62.000000,29263.000000
2026-05-16-19-11-41,1085.739990,958.599976,-921.419983,-2.500000,2.000000,-60.000000,29441.300781
2026-05-16-19-11-42,1095.160034,958.049988,-931.179993,-2.400000,2.100000,-58.000000,29613.400391
2026-05-16-19-11-44,1104.859985,957.440002,-941.210022,-2.400000,2.200000,-56.099998,29791.500000
2026-05-16-19-11-46,1115.319946,956.760010,-951.809998,-2.300000,2.200000,-54.200001,29983.500000
2026-05-16-19-11-47,1125.319946,956.190002,-961.789978,-2.300000,2.300000,-52.299999,30168.099609
2026-05-16-19-11-49,1135.479980,955.669983,-972.000000,-2.200000,2.400000,-50.500000,30356.500000
2026-05-16-19-11-51,1146.109985,955.080017,-982.549988,-2.200000,2.300000,-48.700001,30553.800781
2026-05-16-19-11-52,1157.479980,954.549988,-993.440002,-2.200000,2.500000,-46.599998,30762.199219
2026-05-16-19-11-54,1168.959961,953.919983,-1004.429993,-2.100000,2.500000,-44.500000,30974.300781
2026-05-16-19-11-56,1180.589966,953.450012,-1015.340027,-1.900000,2.500000,-42.400002,31189.900391
2026-05-16-19-11-58,1192.579956,953.080017,-1026.430054,-1.800000,2.500000,-40.200001,31411.400391
2026-05-16-19-11-59,1204.880005,952.859985,-1037.469971,-1.800000,2.500000,-38.099998,31636.500000
2026-05-16-19-12-01,1217.209961,952.729980,-1048.380005,-1.800000,2.600000,-35.900002,31860.900391
2026-05-16-19-12-03,1229.339966,952.650024,-1058.880005,-1.700000,2.700000,-33.799999,32081.300781
2026-05-16-19-12-04,1242.300049,952.840027,-1070.099976,-1.500000,2.700000,-31.600000,32317.800781
2026-05-16-19-12-06,1255.390015,953.150024,-1081.420044,-1.400000,2.800000,-29.400000,32559.500000
2026-05-16-19-12-08,1268.689941,953.520020,-1092.869995,-1.400000,2.900000,-27.400000,32805.699219
2026-05-16-19-12-10,1282.260010,953.940002,-1104.329956,-1.300000,2.800000,-25.500000,33056.000000
2026-05-16-19-12-11,1295.520020,954.549988,-1115.469971,-1.200000,2.900000,-23.700001,33303.000000
2026-05-16-19-12-13,1309.319946,955.549988,-1126.989990,-1.200000,2.800000,-22.100000,33561.601562
2026-05-16-19-12-15,1322.439941,956.630005,-1137.920044,-1.100000,2.800000,-20.799999,33808.300781
2026-05-16-19-12-16,1335.819946,957.880005,-1148.880005,-1.100000,2.800000,-19.600000,34060.398438
2026-05-16-19-12-18,1350.189941,959.409973,-1160.510010,-1.000000,2.900000,-18.600000,34330.199219
2026-05-16-19-12-20,1364.839966,961.020020,-1172.270020,-1.100000,2.900000,-17.900000,34604.398438
2026-05-16-19-12-21,1379.349976,962.700012,-1183.729980,-1.000000,2.900000,-17.400000,34877.398438
2026-05-16-19-12-23,1393.609985,964.489990,-1195.000000,-1.000000,2.800000,-17.200001,35145.398438
2026-05-16-19-12-25,1408.719971,966.500000,-1206.939941,-1.000000,2.900000,-17.200001,35432.300781
2026-05-16-19-12-27,1423.939941,968.700012,-1218.859985,-0.900000,2.900000,-17.400000,35721.699219
2026-05-16-19-12-28,1439.560059,971.159973,-1230.839966,-0.900000,2.900000,-17.900000,36019.101562
2026-05-16-19-12-30,1454.489990,973.640015,-1242.290039,-1.100000,2.900000,-18.400000,36305.699219
2026-05-16-19-12-32,1469.930054,976.250000,-1254.030029,-1.100000,2.900000,-18.900000,36601.601562
2026-05-16-19-12-33,1485.050049,978.950012,-1265.430054,-1.100000,2.900000,-19.400000,36892.601562
2026-05-16-19-12-35,1500.229980,981.859985,-1276.800049,-1.100000,3.000000,-19.700001,37186.000000
2026-05-16-19-12-37,1516.589966,985.030029,-1289.000000,-1.100000,3.000000,-19.900000,37504.199219
2026-05-16-19-12-38,1532.270020,988.200012,-1300.640015,-1.100000,2.900000,-20.000000,37809.300781
2026-05-16-19-12-40,1549.109985,991.659973,-1313.060059,-1.100000,2.900000,-19.900000,38139.000000
2026-05-16-19-12-42,1565.400024,995.070007,-1325.060059,-1.100000,2.900000,-19.600000,38460.601562
2026-05-16-19-12-44,1583.479980,998.900024,-1338.170044,-1.100000,2.900000,-19.000000,38814.300781
2026-05-16-19-12-45,1601.030029,1002.729980,-1350.959961,-1.000000,3.000000,-18.200001,39158.699219
2026-05-16-19-12-47,1618.479980,1006.549988,-1363.790039,-1.000000,2.900000,-17.299999,39504.300781
2026-05-16-19-12-49,1636.079956,1010.500000,-1376.670044,-0.800000,2.900000,-16.200001,39854.800781
2026-05-16-19-12-50,1653.930054,1014.729980,-1389.609985,-0.800000,3.000000,-15.000000,40212.199219
2026-05-16-19-12-52,1671.420044,1019.080017,-1402.040039,-0.900000,3.000000,-13.700000,40560.500000
2026-05-16-19-12-54,1689.579956,1023.830017,-1415.030029,-0.800000,3.000000,-12.500000,40926.898438
2026-05-16-19-12-56,1706.760010,1028.439941,-1427.439941,-0.700000,2.900000,-11.100000,41276.398438
2026-05-16-19-12-57,1725.239990,1033.489990,-1440.770020,-0.700000,2.900000,-9.800000,41655.398438
2026-05-16-19-12-59,1743.829956,1038.750000,-1454.099976,-0.600000,3.000000,-8.400000,42036.800781
2026-05-16-19-13-01,1761.560059,1043.949951,-1466.689941,-0.600000,2.900000,-7.100000,42402.300781
2026-05-16-19-13-02,1780.130005,1049.469971,-1479.979980,-0.500000,2.900000,-5.900000,42789.800781
2026-05-16-19-13-04,1797.859985,1054.910034,-1492.709961,-0.500000,2.900000,-4.600000,43164.500000
2026-05-16-19-13-06,1816.839966,1060.900024,-1506.290039,-0.500000,2.800000,-3.200000,43566.500000
2026-05-16-19-13-07,1835.930054,1067.040039,-1520.020020,-0.400000,2.900000,-1.700000,43973.800781
2026-05-16-19-13-09,1855.290039,1073.510010,-1533.760010,-0.300000,2.800000,-0.100000,44389.898438
2026-05-16-19-13-11,1874.140015,1079.920044,-1547.160034,-0.200000,2.900000,1.500000,44797.898438
2026-05-16-19-13-13,1892.479980,1086.280029,-1560.089966,-0.200000,2.800000,3.100000,45198.398438
2026-05-16-19-13-14,1911.910034,1093.339966,-1573.750000,-0.100000,2.800000,4.800000,45626.699219
2026-05-16-19-13-16,1931.550049,1100.630005,-1587.520020,0.000000,2.800000,6.600000,46060.500000
2026-05-16-19-13-18,1950.219971,1107.719971,-1600.640015,0.000000,2.800000,8.300000,46474.898438
2026-05-16-19-13-19,1968.979980,1115.069946,-1613.729980,0.100000,2.800000,10.000000,46892.500000
2026-05-16-19-13-21,1988.180054,1122.849976,-1627.180054,0.100000,2.700000,11.700000,47324.101562
2026-05-16-19-13-23,2006.890015,1130.530029,-1640.359985,0.200000,2.700000,13.500000,47749.398438
2026-05-16-19-13-25,2027.680054,1139.329956,-1655.239990,0.400000,2.700000,15.300000,48227.800781
2026-05-16-19-13-26,2047.449951,1147.849976,-1669.400024,0.400000,2.600000,17.100000,48688.300781
2026-05-16-19-13-28,2067.159912,1156.650024,-1683.569946,0.400000,2.600000,18.799999,49152.500000
2026-05-16-19-13-30,2087.010010,1165.650024,-1697.739990,0.500000,2.600000,20.400000,49620.000000
2026-05-16-19-13-31,2107.409912,1175.079956,-1712.469971,0.500000,2.600000,22.000000,50105.398438
2026-05-16-19-13-33,2126.159912,1183.829956,-1726.140015,0.600000,2.600000,23.400000,50555.699219
2026-05-16-19-13-35,2145.129883,1192.819946,-1740.150024,0.700000,2.400000,24.900000,51014.300781
2026-05-16-19-13-37,2164.800049,1202.329956,-1754.750000,0.600000,2.400000,26.299999,51496.898438
2026-05-16-19-13-38,2184.389893,1212.030029,-1769.250000,0.800000,2.400000,27.700001,51982.398438
2026-05-16-19-13-40,2204.189941,1221.920044,-1783.920044,0.800000,2.400000,29.200001,52477.398438
2026-05-16-19-13-42,2223.439941,1231.780029,-1798.250000,0.800000,2.400000,30.700001,52961.500000
2026-05-16-19-13-43,2243.429932,1242.300049,-1813.160034,0.800000,2.300000,32.200001,53466.898438
2026-05-16-19-13-45,2263.060059,1252.819946,-1827.969971,0.900000,2.200000,33.799999,53969.101562
2026-05-16-19-13-47,2282.659912,1263.560059,-1842.959961,1.000000,2.200000,35.299999,54475.699219
2026-05-16-19-13-49,2302.389893,1274.640015,-1857.979980,1.100000,2.100000,36.900002,54990.699219
2026-05-16-19-13-50,2320.659912,1285.050049,-1872.000000,1.000000,2.100000,38.299999,55471.699219
2026-05-16-19-13-52,2339.590088,1296.010010,-1886.540039,1.100000,2.100000,39.700001,55974.300781
2026-05-16-19-13-54,2357.929932,1306.859985,-1900.689941,1.200000,2.000000,41.099998,56464.898438
2026-05-16-19-13-55,2376.229980,1317.920044,-1914.750000,1.100000,2.000000,42.299999,56957.300781
2026-05-16-19-13-57,2395.610107,1329.890015,-1929.790039,1.200000,1.900000,43.500000,57482.898438
2026-05-16-19-13-59,2413.820068,1341.359985,-1944.229980,1.200000,1.900000,44.599998,57981.601562
2026-05-16-19-14-00,2433.050049,1353.739990,-1959.439941,1.200000,1.900000,45.599998,58513.300781
2026-05-16-19-14-02,2451.600098,1365.930054,-1974.180054,1.300000,1.800000,46.700001,59031.101562
2026-05-16-19-14-04,2470.550049,1378.689941,-1989.380005,1.300000,1.800000,47.599998,59564.898438
2026-05-16-19-14-05,2488.520020,1390.910034,-2003.890015,1.300000,1.700000,48.400002,60074.199219
2026-05-16-19-14-07,2507.530029,1404.140015,-2019.369995,1.300000,1.700000,49.099998,60616.000000
2026-05-16-19-14-09,2526.260010,1417.469971,-2034.900024,1.200000,1.700000,49.700001,61157.199219
2026-05-16-19-14-11,2544.870117,1431.040039,-2050.439941,1.200000,1.700000,50.299999,61699.800781
2026-05-16-19-14-12,2563.199951,1444.579956,-2065.699951,1.300000,1.700000,50.700001,62235.000000
2026-05-16-19-14-14,2580.979980,1457.890015,-2080.649902,1.400000,1.600000,51.099998,62757.000000
2026-05-16-19-14-16,2599.570068,1472.130005,-2096.500000,1.300000,1.600000,51.599998,63311.601562
2026-05-16-19-14-17,2617.989990,1486.729980,-2112.350098,1.300000,1.600000,52.000000,63867.601562
2026-05-16-19-14-19,2636.239990,1501.430054,-2128.320068,1.300000,1.600000,52.500000,64423.000000
2026-05-16-19-14-21,2654.699951,1516.579956,-2144.590088,1.400000,1.500000,53.000000,64990.699219
2026-05-16-19-14-23,2672.110107,1531.239990,-2160.199951,1.400000,1.600000,53.500000,65535.101562
2026-05-16-19-14-24,2689.060059,1545.699951,-2175.379883,1.300000,1.600000,53.900002,66068.703125
2026-05-16-19-14-26,2707.010010,1561.319946,-2191.709961,1.400000,1.500000,54.400002,66639.703125
2026-05-16-19-14-28,2723.699951,1576.170044,-2207.129883,1.400000,1.500000,54.799999,67179.296875
2026-05-16-19-14-29,2740.250000,1591.140015,-2222.580078,1.300000,1.400000,55.299999,67719.000000
2026-05-16-19-14-31,2757.850098,1607.380005,-2239.080078,1.400000,1.500000,55.900002,68298.500000
2026-05-16-19-14-33,2774.709961,1623.329956,-2255.270020,1.400000,1.500000,56.500000,68862.703125
2026-05-16-19-14-34,2790.989990,1638.930054,-2270.810059,1.400000,1.400000,57.099998,69411.203125
2026-05-16-19-14-36,2806.939941,1654.660034,-2286.250000,1.400000,1.400000,57.700001,69957.703125
2026-05-16-19-14-38,2823.659912,1671.430054,-2302.750000,1.500000,1.400000,58.400002,70538.296875
2026-05-16-19-14-39,2840.340088,1688.630005,-2319.399902,1.500000,1.400000,59.299999,71127.000000
2026-05-16-19-14-41,2856.649902,1705.890015,-2336.060059,1.500000,1.400000,60.299999,71714.601562
2026-05-16-19-14-43,2872.560059,1723.020020,-2352.469971,1.500000,1.300000,61.400002,72296.398438
2026-05-16-19-14-45,2888.379883,1740.400024,-2368.949951,1.600000,1.200000,62.599998,72883.203125
2026-05-16-19-14-46,2904.270020,1758.319946,-2385.739990,1.500000,1.200000,63.900002,73481.296875
2026-05-16-19-14-48,2920.050049,1776.579956,-2402.719971,1.600000,1.100000,65.199997,74086.101562
2026-05-16-19-14-50,2935.760010,1795.040039,-2419.750000,1.600000,1.000000,66.500000,74695.703125
2026-05-16-19-14-50,2935.760010,1795.040039,-2419.750000,1.600000,1.000000,66.500000,74695.703125
2026-05-16-19-14-51,0.020000,-0.020000,-0.000000,1.600000,1.000000,67.900002,0.700000
2026-05-16-19-14-53,-0.240000,0.180000,0.010000,-0.000000,-0.100000,0.900000,9.100000
2026-05-16-19-14-55,0.640000,0.590000,0.000000,-0.000000,-0.000000,2.300000,19.500000
2026-05-16-19-14-57,2.070000,1.110000,-0.040000,-0.100000,-0.000000,3.700000,32.400002
2026-05-16-19-14-58,3.900000,1.830000,-0.200000,-0.100000,-0.100000,5.300000,46.900002
2026-05-16-19-15-00,5.970000,2.890000,-0.320000,-0.100000,-0.100000,7.000000,63.400002
2026-05-16-19-15-01,8.340000,4.130000,-0.450000,-0.100000,-0.100000,8.700000,81.300003
2026-05-16-19-15-03,11.020000,5.500000,-0.600000,-0.100000,-0.100000,10.600000,100.500000
2026-05-16-19-15-05,14.000000,7.060000,-0.820000,-0.100000,-0.100000,12.400000,121.500000
2026-05-16-19-15-06,17.469999,9.000000,-1.180000,-0.100000,-0.200000,14.300000,145.500000
2026-05-16-19-15-08,20.930000,11.090000,-1.560000,-0.200000,-0.200000,16.299999,169.699997
2026-05-16-19-15-10,24.610001,13.320000,-2.170000,-0.200000,-0.200000,18.400000,195.800003
2026-05-16-19-15-11,28.430000,15.860000,-2.890000,-0.200000,-0.200000,20.299999,223.199997
2026-05-16-19-15-13,32.209999,18.450001,-3.600000,-0.200000,-0.200000,22.299999,251.300003
2026-05-16-19-15-14,36.099998,21.340000,-4.340000,-0.300000,-0.300000,24.299999,281.500000
2026-05-16-19-15-16,40.130001,24.420000,-5.100000,-0.300000,-0.200000,26.400000,313.200012
2026-05-16-19-15-18,44.540001,27.889999,-6.060000,-0.300000,-0.300000,28.400000,348.700012
2026-05-16-19-15-19,48.799999,31.480000,-6.930000,-0.300000,-0.300000,30.400000,383.899994
2026-05-16-19-15-21,53.150002,35.279999,-7.810000,-0.400000,-0.300000,32.400002,420.700012
2026-05-16-19-15-23,57.759998,39.419998,-8.740000,-0.500000,-0.300000,34.500000,460.600006
2026-05-16-19-15-24,62.230000,43.700001,-9.670000,-0.500000,-0.200000,36.599998,501.299988
2026-05-16-19-15-26,66.860001,48.240002,-10.700000,-0.500000,-0.300000,38.799999,543.599976
2026-05-16-19-15-28,71.540001,53.000000,-11.760000,-0.500000,-0.300000,40.900002,587.599976
2026-05-16-19-15-29,76.209999,57.950001,-12.800000,-0.500000,-0.200000,42.900002,632.799988
2026-05-16-19-15-31,80.889999,63.240002,-13.810000,-0.500000,-0.200000,45.099998,680.599976
2026-05-16-19-15-33,85.449997,68.529999,-14.770000,-0.600000,-0.300000,47.299999,728.700012
2026-05-16-19-15-34,90.139999,74.160004,-15.770000,-0.700000,-0.300000,49.500000,780.299988
2026-05-16-19-15-36,94.779999,79.940002,-16.700001,-0.700000,-0.300000,51.700001,833.400024
2026-05-16-19-15-38,99.720001,86.290001,-17.750000,-0.700000,-0.300000,54.000000,892.000000
2026-05-16-19-15-39,104.309998,92.580002,-18.740000,-0.700000,-0.200000,56.099998,949.400024
2026-05-16-19-15-41,108.879997,99.150002,-20.030001,-0.800000,-0.200000,58.099998,1009.299988
2026-05-16-19-15-42,113.480003,106.169998,-21.420000,-0.800000,-0.300000,60.000000,1073.000000
2026-05-16-19-15-44,117.919998,113.099998,-22.870001,-0.800000,-0.300000,61.700001,1136.900024
2026-05-16-19-15-46,122.339996,120.199997,-24.389999,-0.900000,-0.300000,63.299999,1203.000000
2026-05-16-19-15-47,126.639999,127.400002,-26.010000,-0.900000,-0.300000,64.699997,1270.900024
2026-05-16-19-15-49,130.710007,134.729996,-27.700001,-0.900000,-0.300000,66.000000,1341.000000
2026-05-16-19-15-51,134.660004,142.039993,-29.620001,-0.900000,-0.300000,67.199997,1412.500000
2026-05-16-19-15-52,138.649994,149.910004,-31.730000,-0.900000,-0.200000,68.500000,1490.000000
2026-05-16-19-15-54,142.630005,158.149994,-33.919998,-0.900000,-0.300000,69.800003,1572.099976
2026-05-16-19-15-56,146.350006,166.160004,-36.099998,-0.900000,-0.300000,71.000000,1652.500000
2026-05-16-19-15-57,150.009995,174.270004,-38.430000,-0.900000,-0.200000,72.199997,1734.599976
2026-05-16-19-15-59,153.449997,182.529999,-40.869999,-1.000000,-0.300000,73.500000,1818.699951
2026-05-16-19-16-01,156.820007,190.850006,-43.439999,-1.100000,-0.200000,74.699997,1905.000000
2026-05-16-19-16-02,160.130005,199.509995,-46.200001,-1.100000,-0.200000,76.099998,1997.000000
2026-05-16-19-16-04,163.160004,208.110001,-49.020000,-1.000000,-0.100000,77.500000,2088.300049
2026-05-16-19-16-06,166.050003,216.820007,-52.070000,-1.100000,-0.200000,79.099998,2182.800049
2026-05-16-19-16-07,168.809998,225.600006,-55.189999,-1.100000,-0.200000,80.800003,2279.000000
2026-05-16-19-16-09,171.610001,235.039993,-58.560001,-1.200000,-0.200000,82.500000,2383.699951
2026-05-16-19-16-11,174.179993,244.100006,-61.820000,-1.200000,-0.200000,84.199997,2486.199951
2026-05-16-19-16-12,176.470001,252.889999,-65.040001,-1.200000,-0.200000,85.900002,2587.399902
2026-05-16-19-16-14,178.600006,262.079987,-68.419998,-1.200000,-0.200000,87.699997,2694.100098
2026-05-16-19-16-15,180.539993,271.329987,-71.779999,-1.200000,-0.100000,89.400002,2802.899902
2026-05-16-19-16-17,182.369995,280.869995,-75.250000,-1.200000,-0.100000,91.099998,2916.100098
2026-05-16-19-16-19,184.000000,290.369995,-78.809998,-1.200000,-0.100000,92.900002,3031.100098
2026-05-16-19-16-20,185.539993,299.959991,-82.480003,-1.300000,-0.100000,94.699997,3149.000000
2026-05-16-19-16-22,186.970001,309.890015,-86.300003,-1.300000,-0.000000,96.400002,3272.300049
2026-05-16-19-16-24,188.110001,319.809998,-90.129997,-1.300000,-0.000000,98.300003,3396.600098
2026-05-16-19-16-25,189.039993,329.820007,-94.059998,-1.400000,0.000000,100.199997,3523.100098
2026-05-16-19-16-27,189.779999,339.760010,-98.010002,-1.300000,0.100000,102.199997,3651.199951
2026-05-16-19-16-28,190.369995,349.920013,-102.190002,-1.300000,-0.100000,104.199997,3783.899902
2026-05-16-19-16-30,190.729996,360.170013,-106.519997,-1.300000,0.000000,106.300003,3919.000000
2026-05-16-19-16-32,190.960007,370.260010,-110.769997,-1.400000,0.100000,108.300003,4053.699951
2026-05-16-19-16-33,190.940002,380.230011,-115.029999,-1.400000,0.100000,110.400002,4189.100098
2026-05-16-19-16-35,190.850006,390.600006,-119.449997,-1.400000,0.100000,112.699997,4331.399902
2026-05-16-19-16-37,190.570007,401.000000,-123.949997,-1.400000,0.200000,114.900002,4475.200195
2026-05-16-19-16-38,190.289993,411.429993,-128.470001,-1.500000,0.200000,117.099998,4621.799805
2026-05-16-19-16-40,189.949997,421.950012,-133.119995,-1.400000,0.200000,119.400002,4770.899902
2026-05-16-19-16-42,189.479996,433.049988,-138.080002,-1.500000,0.200000,121.800003,4930.799805
2026-05-16-19-16-43,188.770004,443.510010,-142.809998,-1.500000,0.200000,124.099998,5081.799805
2026-05-16-19-16-45,187.860001,454.109985,-147.720001,-1.500000,0.300000,126.300003,5237.000000
2026-05-16-19-16-46,186.740005,464.859985,-152.960007,-1.500000,0.300000,128.699997,5396.399902
2026-05-16-19-16-48,185.460007,475.339996,-158.309998,-1.500000,0.300000,131.000000,5556.500000
2026-05-16-19-16-50,183.960007,485.899994,-163.750000,-1.500000,0.400000,133.300003,5720.200195
2026-05-16-19-16-51,182.339996,496.420013,-169.250000,-1.500000,0.400000,135.500000,5886.100098
2026-05-16-19-16-53,180.460007,507.369995,-174.919998,-1.500000,0.400000,137.800003,6059.899902
2026-05-16-19-16-55,178.500000,517.869995,-180.529999,-1.500000,0.500000,140.000000,6229.799805
2026-05-16-19-16-56,176.410004,528.349976,-186.369995,-1.500000,0.600000,142.300003,6402.899902
2026-05-16-19-16-58,174.160004,538.570007,-192.240005,-1.500000,0.600000,144.500000,6576.600098
2026-05-16-19-17-00,171.729996,548.760010,-198.259995,-1.500000,0.500000,146.699997,6754.100098
2026-05-16-19-17-01,169.110001,558.919983,-204.419998,-1.500000,0.600000,148.899994,6934.700195
2026-05-16-19-17-03,166.460007,568.440002,-210.289993,-1.500000,0.600000,151.000000,7107.799805
2026-05-16-19-17-04,163.550003,578.380005,-216.570007,-1.500000,0.700000,153.199997,7292.200195
2026-05-16-19-17-06,160.610001,588.119995,-222.759995,-1.500000,0.700000,155.399994,7475.200195
2026-05-16-19-17-08,157.259995,598.270020,-229.440002,-1.400000,0.600000,157.699997,7670.799805
2026-05-16-19-17-09,153.880005,607.659973,-235.839996,-1.400000,0.800000,160.100006,7855.899902
2026-05-16-19-17-11,150.449997,617.090027,-242.279999,-1.500000,0.700000,162.500000,8044.799805
2026-05-16-19-17-13,146.729996,626.690002,-248.990005,-1.500000,0.800000,165.100006,8242.000000
2026-05-16-19-17-14,143.130005,635.880005,-255.539993,-1.500000,0.900000,167.600006,8433.400391
2026-05-16-19-17-16,139.449997,644.890015,-262.160004,-1.400000,0.900000,170.199997,8626.599609
2026-05-16-19-17-18,135.399994,654.299988,-269.200012,-1.400000,1.000000,172.899994,8833.400391
2026-05-16-19-17-19,131.240005,663.580017,-276.149994,-1.400000,0.900000,175.699997,9041.000000
2026-05-16-19-17-21,127.250000,672.140015,-282.809998,-1.400000,1.000000,178.399994,9238.000000
2026-05-16-19-17-23,123.110001,680.830017,-289.760010,-1.400000,1.000000,-178.899994,9442.400391
2026-05-16-19-17-24,118.949997,689.099976,-296.649994,-1.300000,1.100000,-176.100006,9640.599609
2026-05-16-19-17-26,114.669998,697.340027,-303.670013,-1.200000,1.100000,-173.300003,9842.700195
2026-05-16-19-17-28,110.389999,705.349976,-310.769989,-1.200000,1.100000,-170.500000,10044.900391
2026-05-16-19-17-29,105.949997,713.130005,-317.899994,-1.200000,1.100000,-167.800003,10246.200195
2026-05-16-19-17-31,101.510002,720.669983,-325.010010,-1.200000,1.200000,-165.199997,10447.200195
2026-05-16-19-17-33,96.870003,728.349976,-332.549988,-1.200000,1.200000,-162.399994,10658.500000
2026-05-16-19-17-34,92.449997,735.489990,-340.029999,-1.100000,1.200000,-159.800003,10861.400391
2026-05-16-19-17-36,87.660004,742.789978,-348.019989,-1.100000,1.200000,-157.000000,11077.599609
2026-05-16-19-17-38,83.029999,749.869995,-356.010010,-1.000000,1.200000,-154.300003,11293.099609
2026-05-16-19-17-39,78.500000,756.729980,-364.019989,-0.900000,1.200000,-151.600006,11507.400391
2026-05-16-19-17-41,73.910004,763.359985,-372.160004,-0.900000,1.300000,-148.899994,11723.700195
2026-05-16-19-17-43,69.660004,769.219971,-379.769989,-0.900000,1.200000,-146.199997,11922.200195
2026-05-16-19-17-44,65.360001,775.030029,-387.570007,-1.000000,1.300000,-143.699997,12123.700195
2026-05-16-19-17-46,61.080002,780.630005,-395.619995,-0.900000,1.300000,-141.199997,12328.099609
2026-05-16-19-17-48,56.660000,786.409973,-404.170013,-0.800000,1.300000,-138.500000,12543.299805
2026-05-16-19-17-49,52.509998,791.789978,-412.510010,-0.800000,1.400000,-135.899994,12749.900391
2026-05-16-19-17-51,48.540001,796.940002,-420.649994,-0.800000,1.400000,-133.300003,12954.299805
2026-05-16-19-17-53,44.610001,802.099976,-429.109985,-0.700000,1.400000,-130.500000,13165.299805
2026-05-16-19-17-54,40.849998,806.950012,-437.239990,-0.700000,1.300000,-127.800003,13367.700195
2026-05-16-19-17-56,37.240002,811.599976,-445.480011,-0.700000,1.300000,-125.000000,13570.400391
2026-05-16-19-17-58,33.830002,816.020020,-453.809998,-0.600000,1.400000,-122.300003,13773.299805
2026-05-16-19-17-59,30.379999,820.380005,-462.130005,-0.600000,1.400000,-119.599998,13974.200195
2026-05-16-19-18-01,26.990000,824.719971,-470.890015,-0.500000,1.400000,-116.699997,14185.599609
2026-05-16-19-18-03,23.820000,828.919983,-479.619995,-0.400000,1.300000,-113.800003,14394.299805
2026-05-16-19-18-04,21.020000,832.760010,-488.089996,-0.400000,1.300000,-110.800003,14592.599609
2026-05-16-19-18-06,18.440001,836.440002,-496.619995,-0.400000,1.300000,-108.000000,14789.900391
2026-05-16-19-18-07,15.950000,839.950012,-505.359985,-0.400000,1.200000,-105.099998,14987.599609
2026-05-16-19-18-09,13.640000,843.260010,-514.090027,-0.300000,1.200000,-102.099998,15182.400391
2026-05-16-19-18-11,11.490000,846.460022,-522.909973,-0.300000,1.200000,-99.099998,15379.000000
2026-05-16-19-18-12,9.520000,849.500000,-531.729980,-0.300000,1.300000,-96.099998,15572.700195
2026-05-16-19-18-14,7.800000,852.330017,-540.280029,-0.300000,1.200000,-93.199997,15759.299805
2026-05-16-19-18-16,6.180000,855.119995,-549.190002,-0.200000,1.100000,-90.300003,15950.099609
2026-05-16-19-18-17,4.840000,857.780029,-558.340027,-0.100000,1.100000,-87.400002,16140.599609
2026-05-16-19-18-19,3.690000,860.359985,-567.460022,-0.200000,1.100000,-84.500000,16329.700195
2026-05-16-19-18-21,2.660000,862.849976,-576.609985,-0.100000,1.100000,-81.599998,16514.199219
2026-05-16-19-18-22,1.860000,865.380005,-585.909973,-0.100000,1.000000,-78.900002,16697.000000
2026-05-16-19-18-24,1.250000,868.010010,-595.809998,-0.100000,1.000000,-76.000000,16885.500000
2026-05-16-19-18-25,0.810000,870.539978,-605.349976,-0.000000,1.000000,-73.099998,17066.400391
2026-05-16-19-18-27,0.550000,873.090027,-614.919983,0.000000,1.000000,-70.400002,17245.599609
2026-05-16-19-18-29,0.530000,875.650024,-624.570007,-0.000000,0.900000,-67.599998,17423.300781
2026-05-16-19-18-30,0.700000,878.140015,-634.330017,0.100000,0.900000,-65.000000,17598.900391
2026-05-16-19-18-32,1.080000,880.599976,-644.239990,-0.000000,0.900000,-62.299999,17773.599609
2026-05-16-19-18-34,1.660000,883.080017,-654.729980,0.100000,0.800000,-59.599998,17953.599609
2026-05-16-19-18-35,2.440000,885.510010,-664.750000,0.100000,0.700000,-57.000000,18124.199219
2026-05-16-19-18-37,3.550000,887.900024,-674.760010,0.200000,0.700000,-54.400002,18292.099609
2026-05-16-19-18-39,4.710000,890.330017,-684.890015,0.200000,0.700000,-51.799999,18459.099609
2026-05-16-19-18-40,6.130000,892.729980,-695.210022,0.100000,0.600000,-49.299999,18625.900391
2026-05-16-19-18-42,7.680000,895.109985,-705.640015,0.100000,0.700000,-46.900002,18790.900391
2026-05-16-19-18-43,9.360000,897.500000,-715.900024,0.100000,0.600000,-44.599998,18951.199219
2026-05-16-19-18-45,11.180000,900.000000,-726.390015,0.100000,0.500000,-42.400002,19112.199219
2026-05-16-19-18-47,13.300000,902.559998,-736.940002,0.200000,0.600000,-40.299999,19272.500000
2026-05-16-19-18-48,15.620000,905.250000,-747.590027,0.200000,0.500000,-38.099998,19431.500000
2026-05-16-19-18-50,18.129999,908.049988,-758.219971,0.200000,0.400000,-36.200001,19587.000000
2026-05-16-19-18-52,20.840000,910.919983,-768.950012,0.200000,0.400000,-34.200001,19741.500000
2026-05-16-19-18-53,23.730000,913.840027,-779.580017,0.200000,0.400000,-32.400002,19891.300781
2026-05-16-19-18-55,26.879999,916.929993,-790.549988,0.100000,0.300000,-30.500000,20043.699219
2026-05-16-19-18-56,30.280001,920.280029,-801.619995,0.100000,0.400000,-28.700001,20195.099609
2026-05-16-19-18-58,33.810001,923.679993,-812.840027,0.200000,0.300000,-26.799999,20345.900391
2026-05-16-19-19-00,37.730000,927.549988,-824.380005,0.200000,0.300000,-24.799999,20501.599609
2026-05-16-19-19-01,41.509998,931.270020,-835.450012,0.200000,0.300000,-22.900000,20648.699219
2026-05-16-19-19-03,45.619999,935.280029,-846.780029,0.100000,0.200000,-20.900000,20797.699219
2026-05-16-19-19-05,49.759998,939.520020,-858.000000,0.100000,0.300000,-18.900000,20942.500000
2026-05-16-19-19-06,54.139999,943.940002,-869.239990,0.100000,0.200000,-16.799999,21086.300781
2026-05-16-19-19-08,58.610001,948.469971,-880.419983,0.100000,0.200000,-14.700000,21228.800781
2026-05-16-19-19-10,63.250000,953.200012,-891.739990,0.100000,0.100000,-12.600000,21370.699219
2026-05-16-19-19-11,67.900002,958.030029,-903.099976,-0.000000,0.100000,-10.500000,21511.000000
2026-05-16-19-19-13,72.580002,963.070007,-914.460022,-0.000000,0.100000,-8.400000,21649.800781
2026-05-16-19-19-14,77.379997,968.219971,-925.700012,0.000000,0.100000,-6.500000,21784.900391
2026-05-16-19-19-16,82.389999,973.580017,-937.260010,-0.000000,0.000000,-4.500000,21922.099609
2026-05-16-19-19-18,87.519997,979.080017,-948.880005,-0.000000,-0.000000,-2.600000,22058.699219
2026-05-16-19-19-19,93.129997,985.090027,-961.340027,0.000000,0.000000,-0.800000,22203.099609
2026-05-16-19-19-21,98.489998,990.960022,-973.059998,-0.000000,-0.100000,0.900000,22338.699219
2026-05-16-19-19-23,103.919998,997.090027,-984.890015,-0.100000,0.000000,2.500000,22474.199219
2026-05-16-19-19-24,109.669998,1003.559998,-997.229980,-0.100000,-0.000000,4.000000,22613.900391
2026-05-16-19-19-26,115.220001,1009.900024,-1009.119995,-0.100000,0.000000,5.300000,22748.699219
2026-05-16-19-19-28,120.430000,1016.109985,-1020.409973,-0.100000,-0.000000,6.500000,22875.099609
2026-05-16-19-19-29,126.040001,1022.950012,-1032.540039,-0.100000,-0.100000,7.600000,23010.500000
2026-05-16-19-19-31,131.649994,1029.959961,-1044.500000,-0.100000,-0.100000,8.700000,23144.300781
2026-05-16-19-19-32,137.369995,1037.130005,-1056.500000,-0.100000,-0.100000,9.700000,23278.500000
2026-05-16-19-19-34,143.429993,1044.880005,-1069.060059,-0.200000,-0.100000,10.600000,23417.599609
2026-05-16-19-19-36,149.389999,1052.640015,-1081.280029,-0.200000,-0.200000,11.400000,23552.900391
2026-05-16-19-19-37,155.419998,1060.619995,-1093.579956,-0.200000,-0.200000,11.900000,23688.000000
2026-05-16-19-19-39,161.500000,1068.790039,-1105.920044,-0.200000,-0.100000,12.400000,23823.099609
2026-05-16-19-19-41,167.619995,1077.319946,-1118.380005,-0.200000,-0.100000,12.700000,23958.800781
2026-05-16-19-19-42,173.800003,1085.959961,-1130.709961,-0.200000,-0.100000,12.800000,24093.699219
2026-05-16-19-19-44,180.369995,1095.239990,-1143.790039,-0.200000,-0.200000,12.700000,24235.699219
2026-05-16-19-19-46,186.610001,1104.439941,-1156.189941,-0.200000,-0.200000,12.600000,24371.500000
2026-05-16-19-19-47,192.889999,1113.839966,-1168.760010,-0.200000,-0.100000,12.400000,24508.300781
2026-05-16-19-19-49,199.270004,1123.510010,-1181.390015,-0.200000,-0.200000,12.100000,24646.699219
2026-05-16-19-19-50,205.690002,1133.329956,-1194.079956,-0.200000,-0.100000,11.700000,24785.099609
2026-05-16-19-19-52,212.229996,1143.520020,-1206.859985,-0.100000,-0.200000,11.300000,24925.500000
2026-05-16-19-19-54,218.750000,1153.800049,-1219.469971,-0.200000,-0.200000,10.800000,25064.199219
2026-05-16-19-19-55,225.440002,1164.550049,-1232.449951,-0.200000,-0.200000,10.400000,25206.599609
2026-05-16-19-19-57,232.179993,1175.489990,-1245.520020,-0.200000,-0.200000,10.000000,25350.699219
2026-05-16-19-19-59,238.869995,1186.280029,-1258.329956,-0.200000,-0.200000,9.600000,25493.300781
2026-05-16-19-20-00,245.740005,1197.540039,-1271.310059,-0.100000,-0.100000,9.300000,25639.199219
2026-05-16-19-20-02,253.160004,1209.599976,-1285.030029,-0.200000,-0.100000,8.900000,25794.699219
2026-05-16-19-20-04,260.459991,1221.369995,-1298.339966,-0.100000,-0.200000,8.500000,25946.500000
2026-05-16-19-20-05,267.790009,1233.229980,-1311.410034,-0.200000,-0.200000,8.000000,26097.300781
2026-05-16-19-20-07,275.170013,1245.369995,-1324.660034,-0.100000,-0.100000,7.500000,26251.199219
2026-05-16-19-20-09,282.640015,1257.530029,-1338.030029,-0.100000,-0.200000,6.900000,26406.900391
2026-05-16-19-20-10,290.130005,1269.780029,-1351.119995,-0.200000,-0.100000,6.400000,26562.599609
2026-05-16-19-20-12,297.750000,1282.260010,-1364.479980,-0.100000,-0.200000,5.800000,26721.900391
2026-05-16-19-20-13,305.720001,1295.390015,-1378.400024,-0.100000,-0.100000,5.300000,26889.900391
2026-05-16-19-20-15,313.399994,1308.199951,-1391.709961,-0.100000,-0.100000,4.900000,27053.800781
2026-05-16-19-20-17,321.149994,1321.239990,-1405.079956,-0.100000,-0.100000,4.500000,27220.900391
2026-05-16-19-20-18,328.859985,1334.339966,-1418.420044,-0.000000,-0.100000,4.000000,27389.900391
2026-05-16-19-20-20,336.820007,1347.689941,-1431.920044,-0.100000,-0.100000,3.600000,27563.199219
2026-05-16-19-20-22,344.809998,1361.339966,-1445.640015,-0.100000,-0.100000,3.100000,27739.500000
2026-05-16-19-20-23,353.350006,1375.800049,-1460.000000,-0.100000,-0.100000,2.600000,27926.900391
2026-05-16-19-20-25,361.549988,1389.650024,-1473.579956,-0.100000,-0.100000,2.100000,28106.800781
2026-05-16-19-20-27,369.910004,1403.930054,-1487.380005,-0.100000,-0.100000,1.700000,28292.500000
2026-05-16-19-20-28,378.450012,1418.650024,-1501.280029,-0.100000,-0.100000,1.400000,28483.599609
2026-05-16-19-20-30,386.940002,1433.520020,-1515.260010,-0.100000,-0.200000,2.600000,28677.300781
2026-05-16-19-20-31,395.649994,1448.670044,-1529.449951,-0.200000,-0.100000,5.100000,28876.699219
2026-05-16-19-20-33,404.339996,1464.079956,-1543.800049,-0.100000,-0.100000,6.900000,29081.099609
2026-05-16-19-20-35,412.829987,1479.199951,-1557.719971,-0.100000,-0.100000,8.100000,29283.500000
2026-05-16-19-20-36,421.709991,1495.130005,-1572.069946,-0.100000,-0.100000,9.100000,29497.500000
2026-05-16-19-20-38,430.630005,1511.369995,-1586.449951,-0.200000,-0.100000,9.700000,29716.300781
2026-05-16-19-20-40,439.630005,1527.719971,-1600.839966,-0.200000,-0.200000,10.200000,29939.099609
2026-05-16-19-20-41,448.690002,1544.280029,-1615.369995,-0.200000,-0.200000,10.900000,30167.900391
2026-05-16-19-20-43,457.739990,1560.949951,-1629.969971,-0.200000,-0.200000,12.000000,30401.500000
2026-05-16-19-20-45,467.089996,1578.150024,-1645.099976,-0.200000,-0.100000,12.900000,30647.500000
2026-05-16-19-20-46,476.119995,1595.170044,-1659.760010,-0.200000,-0.100000,13.500000,30892.099609
2026-05-16-19-20-48,485.649994,1613.369995,-1675.189941,-0.200000,-0.200000,14.000000,31155.099609
2026-05-16-19-20-50,494.880005,1630.739990,-1689.880005,-0.200000,-0.200000,14.600000,31411.699219
2026-05-16-19-20-51,504.049988,1648.099976,-1704.479980,-0.200000,-0.200000,15.100000,31670.900391
2026-05-16-19-20-53,513.909973,1666.900024,-1719.910034,-0.200000,-0.200000,15.500000,31954.000000
2026-05-16-19-20-54,523.049988,1684.400024,-1734.130005,-0.300000,-0.200000,15.900000,32221.199219
2026-05-16-19-20-56,532.440002,1702.459961,-1748.829956,-0.300000,-0.200000,16.200001,32501.099609
2026-05-16-19-20-58,542.440002,1721.910034,-1764.540039,-0.300000,-0.200000,16.600000,32804.800781
2026-05-16-19-20-59,552.070007,1740.569946,-1779.569946,-0.300000,-0.300000,17.100000,33100.601562
2026-05-16-19-21-01,561.799988,1759.329956,-1794.569946,-0.300000,-0.200000,17.700001,33401.101562
2026-05-16-19-21-03,571.539978,1778.290039,-1809.689941,-0.300000,-0.200000,18.200001,33708.199219
2026-05-16-19-21-04,580.960022,1796.979980,-1824.439941,-0.300000,-0.200000,18.700001,34013.601562
2026-05-16-19-21-06,590.590027,1816.400024,-1839.819946,-0.300000,-0.200000,19.200001,34335.898438
2026-05-16-19-21-08,600.289978,1835.880005,-1855.290039,-0.300000,-0.200000,19.799999,34664.800781
2026-05-16-19-21-09,610.010010,1855.430054,-1870.790039,-0.300000,-0.200000,20.400000,34999.000000
2026-05-16-19-21-11,619.719971,1875.010010,-1886.260010,-0.300000,-0.200000,21.200001,35339.101562
2026-05-16-19-21-12,629.409973,1894.609985,-1901.699951,-0.300000,-0.200000,22.000000,35684.699219
2026-05-16-19-21-14,639.650024,1915.319946,-1918.010010,-0.300000,-0.200000,22.900000,36055.800781
2026-05-16-19-21-16,649.559998,1935.439941,-1933.859985,-0.300000,-0.200000,23.900000,36422.199219
2026-05-16-19-21-17,659.390015,1955.680054,-1949.689941,-0.300000,-0.300000,24.900000,36793.601562
2026-05-16-19-21-19,669.190002,1976.130005,-1965.599976,-0.300000,-0.300000,25.900000,37173.101562
2026-05-16-19-21-21,679.099976,1996.930054,-1981.630005,-0.400000,-0.300000,26.900000,37561.500000
2026-05-16-19-21-22,688.940002,2017.920044,-1997.670044,-0.300000,-0.300000,27.900000,37957.601562
2026-05-16-19-21-24,698.559998,2038.560059,-2013.339966,-0.400000,-0.300000,29.000000,38350.898438
2026-05-16-19-21-25,708.580017,2060.070068,-2029.670044,-0.400000,-0.200000,30.100000,38765.898438
2026-05-16-19-21-27,718.520020,2081.659912,-2046.109985,-0.400000,-0.300000,31.200001,39187.500000
2026-05-16-19-21-29,728.289978,2103.290039,-2062.290039,-0.400000,-0.300000,32.400002,39612.898438
2026-05-16-19-21-30,737.909973,2125.060059,-2078.489990,-0.400000,-0.300000,33.599998,40045.800781
2026-05-16-19-21-32,747.460022,2146.899902,-2094.590088,-0.400000,-0.300000,34.799999,40485.101562
2026-05-16-19-21-34,757.150024,2169.300049,-2110.840088,-0.500000,-0.300000,35.700001,40937.601562
2026-05-16-19-21-35,766.390015,2191.389893,-2126.620117,-0.500000,-0.300000,36.400002,41385.500000
2026-05-16-19-21-37,776.119995,2214.449951,-2142.969971,-0.500000,-0.300000,36.900002,41856.398438
2026-05-16-19-21-38,785.679993,2237.409912,-2159.229980,-0.500000,-0.400000,37.099998,42330.699219
2026-05-16-19-21-40,795.140015,2260.310059,-2175.479980,-0.500000,-0.300000,36.900002,42808.601562
2026-05-16-19-21-42,804.619995,2283.919922,-2192.120117,-0.500000,-0.300000,36.400002,43303.000000
2026-05-16-19-21-43,814.059998,2307.479980,-2208.729980,-0.500000,-0.300000,35.599998,43802.101562
2026-05-16-19-21-45,823.770020,2331.929932,-2225.919922,-0.500000,-0.200000,34.500000,44323.101562
2026-05-16-19-21-47,833.130005,2355.989990,-2242.550049,-0.400000,-0.300000,33.200001,44838.398438
2026-05-16-19-21-48,842.530029,2380.189941,-2259.350098,-0.300000,-0.400000,31.900000,45363.800781
2026-05-16-19-21-50,851.929993,2404.649902,-2276.189941,-0.400000,-0.300000,30.600000,45899.101562
2026-05-16-19-21-51,861.270020,2429.340088,-2293.030029,-0.300000,-0.200000,29.400000,46443.300781
2026-05-16-19-21-53,870.640015,2454.270020,-2309.860107,-0.400000,-0.300000,28.299999,46995.300781
2026-05-16-19-21-55,879.789978,2478.929932,-2326.489990,-0.400000,-0.300000,27.500000,47545.699219
2026-05-16-19-21-56,889.130005,2504.300049,-2343.479980,-0.300000,-0.200000,26.900000,48114.699219
2026-05-16-19-21-58,898.489990,2529.870117,-2360.659912,-0.300000,-0.300000,26.700001,48693.500000
2026-05-16-19-22-00,907.200012,2554.189941,-2376.870117,-0.300000,-0.300000,26.900000,49246.898438
2026-05-16-19-22-01,916.369995,2579.939941,-2393.929932,-0.300000,-0.300000,27.299999,49837.000000
2026-05-16-19-22-03,925.599976,2606.020020,-2411.209961,-0.400000,-0.200000,28.100000,50437.601562
2026-05-16-19-22-04,934.630005,2631.719971,-2428.149902,-0.300000,-0.300000,29.200001,51034.601562
2026-05-16-19-22-06,944.330017,2659.679932,-2446.550049,-0.300000,-0.300000,30.400000,51687.500000
2026-05-16-19-22-08,953.650024,2686.510010,-2464.080078,-0.400000,-0.200000,31.799999,52318.199219
2026-05-16-19-22-09,962.989990,2713.669922,-2481.610107,-0.400000,-0.300000,33.599998,52959.800781
2026-05-16-19-22-11,972.179993,2740.969971,-2499.169922,-0.400000,-0.400000,35.400002,53608.500000
2026-05-16-19-22-13,981.380005,2768.270020,-2516.580078,-0.500000,-0.300000,37.400002,54261.000000
2026-05-16-19-22-14,990.849976,2796.820068,-2534.770020,-0.400000,-0.300000,39.500000,54945.300781
2026-05-16-19-22-16,999.940002,2824.870117,-2552.409912,-0.500000,-0.300000,41.500000,55619.101562
2026-05-16-19-22-18,1008.859985,2853.000000,-2569.899902,-0.500000,-0.400000,43.400002,56296.601562
2026-05-16-19-22-19,1017.750000,2881.300049,-2587.530029,-0.600000,-0.300000,45.200001,56986.300781
2026-05-16-19-22-21,1026.560059,2909.889893,-2605.350098,-0.600000,-0.300000,46.700001,57685.800781
2026-05-16-19-22-22,1035.219971,2938.149902,-2622.969971,-0.600000,-0.300000,48.099998,58382.601562
2026-05-16-19-22-24,1044.239990,2967.820068,-2641.399902,-0.600000,-0.300000,49.400002,59117.898438
2026-05-16-19-22-26,1053.459961,2998.669922,-2660.489990,-0.700000,-0.300000,50.700001,59884.699219
2026-05-16-19-22-28,1062.520020,3029.419922,-2679.520020,-0.700000,-0.300000,52.000000,60652.601562
2026-05-16-19-22-29,1071.000000,3058.610107,-2697.669922,-0.800000,-0.400000,53.200001,61386.699219
2026-05-16-19-22-31,1079.400024,3087.939941,-2715.909912,-0.700000,-0.300000,54.400002,62127.800781
2026-05-16-19-22-32,1087.750000,3117.760010,-2734.280029,-0.800000,-0.300000,55.599998,62884.699219
2026-05-16-19-22-34,1096.319946,3148.810059,-2753.340088,-0.800000,-0.400000,56.799999,63676.699219
2026-05-16-19-22-36,1104.530029,3178.830078,-2771.669922,-0.800000,-0.300000,57.900002,64445.601562
2026-05-16-19-22-37,1112.670044,3209.100098,-2790.139893,-0.900000,-0.300000,59.000000,65223.000000
2026-05-16-19-22-39,1120.660034,3239.419922,-2808.469971,-0.800000,-0.300000,59.900002,66004.703125
2026-05-16-19-22-41,1128.609985,3269.989990,-2826.989990,-0.900000,-0.400000,60.700001,66796.296875
2026-05-16-19-22-42,1136.369995,3300.639893,-2845.479980,-0.900000,-0.300000,61.299999,67590.398438
2026-05-16-19-22-44,1144.000000,3331.540039,-2864.110107,-0.900000,-0.300000,61.900002,68392.101562
2026-05-16-19-22-46,1151.839966,3363.370117,-2883.129883,-0.900000,-0.300000,62.400002,69221.203125
2026-05-16-19-22-47,1159.329956,3394.760010,-2901.780029,-1.000000,-0.300000,62.799999,70039.500000
2026-05-16-19-22-49,1166.760010,3426.479980,-2920.580078,-1.000000,-0.300000,63.200001,70869.000000
2026-05-16-19-22-51,1174.219971,3458.360107,-2939.459961,-0.900000,-0.200000,63.799999,71706.203125
2026-05-16-19-22-52,1181.489990,3490.090088,-2958.030029,-0.900000,-0.300000,64.400002,72540.500000
2026-05-16-19-22-54,1188.680054,3522.080078,-2976.679932,-1.000000,-0.300000,65.199997,73382.898438
2026-05-16-19-22-55,1195.910034,3555.379883,-2995.949951,-1.000000,-0.300000,66.199997,74259.703125
2026-05-16-19-22-57,1202.829956,3587.709961,-3014.600098,-1.000000,-0.300000,67.599998,75114.296875
2026-05-16-19-22-59,1209.760010,3620.469971,-3033.449951,-1.100000,-0.300000,69.099998,75984.000000
2026-05-16-19-23-00,1216.469971,3653.399902,-3052.250000,-1.100000,-0.300000,70.800003,76856.500000
2026-05-16-19-23-02,1223.069946,3686.389893,-3071.080078,-1.000000,-0.200000,72.900002,77733.000000
2026-05-16-19-23-04,1229.520020,3719.300049,-3089.770020,-1.100000,-0.200000,75.099998,78609.703125
2026-05-16-19-23-05,1235.969971,3753.659912,-3109.159912,-1.100000,-0.200000,77.699997,79525.898438
2026-05-16-19-23-07,1242.130005,3787.489990,-3128.229980,-1.100000,-0.200000,80.800003,80430.703125
2026-05-16-19-23-09,1247.949951,3821.030029,-3147.060059,-1.200000,-0.100000,84.300003,81329.898438
2026-05-16-19-23-10,1253.680054,3855.199951,-3166.209961,-1.200000,-0.100000,88.099998,82245.898438
2026-05-16-19-23-12,1259.180054,3889.100098,-3185.419922,-1.200000,-0.000000,92.300003,83159.898438
2026-05-16-19-23-14,1264.599976,3924.669922,-3205.459961,-1.300000,0.000000,96.500000,84121.296875
2026-05-16-19-23-15,1269.410034,3957.590088,-3224.000000,-1.400000,0.100000,100.900002,85013.796875
2026-05-16-19-23-17,1274.160034,3991.439941,-3243.149902,-1.400000,0.200000,105.300003,85930.500000
2026-05-16-19-23-18,1278.699951,4025.469971,-3262.469971,-1.500000,0.100000,110.000000,86854.703125
2026-05-16-19-23-20,1283.000000,4059.540039,-3281.909912,-1.500000,0.200000,115.099998,87780.796875
2026-05-16-19-23-22,1287.089966,4093.250000,-3301.169922,-1.500000,0.300000,120.099998,88699.703125
2026-05-16-19-23-23,1291.010010,4127.120117,-3320.629883,-1.500000,0.300000,125.400002,89625.898438
2026-05-16-19-23-25,1294.949951,4162.120117,-3340.800049,-1.500000,0.400000,131.199997,90584.203125
2026-05-16-19-23-27,1298.640015,4196.479980,-3360.590088,-1.600000,0.500000,137.199997,91525.000000
2026-05-16-19-23-28,1302.119995,4229.810059,-3379.889893,-1.700000,0.500000,143.000000,92440.296875
2026-05-16-19-23-30,1305.520020,4263.350098,-3399.419922,-1.600000,0.600000,148.800003,93360.601562
2026-05-16-19-23-32,1308.989990,4298.919922,-3420.370117,-1.500000,0.700000,154.899994,94337.398438
2026-05-16-19-23-33,1312.020020,4332.330078,-3440.100098,-1.500000,0.800000,160.300003,95252.796875
2026-05-16-19-23-35,1314.800049,4364.799805,-3459.489990,-1.500000,0.900000,165.300003,96143.398438
2026-05-16-19-23-36,1317.560059,4398.120117,-3479.629883,-1.500000,0.900000,170.000000,97055.601562
2026-05-16-19-23-38,1320.189941,4431.240234,-3499.840088,-1.400000,1.000000,174.000000,97965.898438
2026-05-16-19-23-40,1322.760010,4465.799805,-3521.139893,-1.400000,1.100000,177.699997,98917.296875
2026-05-16-19-23-41,1325.180054,4498.270020,-3541.489990,-1.400000,1.100000,-179.300003,99816.000000
2026-05-16-19-23-43,1327.660034,4530.779785,-3562.030029,-1.300000,1.100000,-177.000000,100715.500000
2026-05-16-19-23-45,1330.130005,4562.549805,-3582.080078,-1.400000,1.200000,-175.100006,101594.203125
2026-05-16-19-23-46,1332.420044,4594.520020,-3602.570068,-1.400000,1.200000,-173.699997,102479.398438
2026-05-16-19-23-48,1334.589966,4626.040039,-3623.010010,-1.400000,1.200000,-172.699997,103354.500000
2026-05-16-19-23-50,1336.660034,4657.379883,-3643.540039,-1.400000,1.200000,-171.899994,104224.796875
2026-05-16-19-23-51,1338.719971,4688.589844,-3663.959961,-1.300000,1.200000,-171.500000,105092.203125
2026-05-16-19-23-53,1340.729980,4719.279785,-3684.239990,-1.400000,1.100000,-171.399994,105947.601562
2026-05-16-19-23-55,1342.719971,4750.720215,-3705.360107,-1.300000,1.100000,-171.399994,106823.601562
2026-05-16-19-23-56,1344.589966,4781.589844,-3726.399902,-1.300000,1.200000,-171.500000,107685.898438
2026-05-16-19-23-58,1346.339966,4812.140137,-3747.580078,-1.300000,1.200000,-171.699997,108540.601562
2026-05-16-19-24-00,1348.199951,4843.600098,-3769.639893,-1.300000,1.200000,-171.699997,109421.203125
2026-05-16-19-24-01,1349.969971,4874.950195,-3791.810059,-1.400000,1.200000,-171.500000,110295.601562
2026-05-16-19-24-03,1351.560059,4904.680176,-3813.250000,-1.300000,1.200000,-171.000000,111128.898438
2026-05-16-19-24-05,1353.109985,4933.589844,-3834.310059,-1.300000,1.200000,-170.100006,111939.703125
2026-05-16-19-24-06,1354.680054,4962.339844,-3855.350098,-1.300000,1.200000,-168.899994,112745.296875
2026-05-16-19-24-08,1356.300049,4992.899902,-3878.050049,-1.300000,1.200000,-167.000000,113601.898438
2026-05-16-19-24-09,1357.750000,5021.600098,-3899.489990,-1.300000,1.200000,-164.600006,114404.000000
2026-05-16-19-24-11,1359.180054,5050.160156,-3921.070068,-1.200000,1.300000,-161.600006,115203.101562
2026-05-16-19-24-13,1360.630005,5078.459961,-3942.649902,-1.100000,1.300000,-158.399994,115994.796875
2026-05-16-19-24-14,1362.099976,5106.319824,-3964.080078,-1.000000,1.300000,-154.699997,116774.601562
2026-05-16-19-24-16,1363.489990,5133.290039,-3985.139893,-1.100000,1.300000,-151.000000,117529.101562
2026-05-16-19-24-18,1364.939941,5161.040039,-4007.060059,-1.000000,1.400000,-147.199997,118304.796875
2026-05-16-19-24-19,1366.400024,5188.529785,-4028.899902,-1.000000,1.300000,-143.300003,119071.398438
2026-05-16-19-24-21,1368.000000,5215.890137,-4050.860107,-0.900000,1.300000,-139.399994,119834.203125
2026-05-16-19-24-23,1369.680054,5244.600098,-4074.209961,-0.800000,1.300000,-135.300003,120633.796875
2026-05-16-19-24-24,1371.420044,5271.589844,-4096.350098,-0.800000,1.300000,-131.300003,121384.296875
2026-05-16-19-24-26,1373.219971,5299.220215,-4119.299805,-0.700000,1.300000,-127.400002,122153.500000
2026-05-16-19-24-28,1375.030029,5325.870117,-4141.720215,-0.700000,1.300000,-123.800003,122897.703125
2026-05-16-19-24-29,1376.900024,5352.310059,-4164.319824,-0.700000,1.400000,-120.599998,123636.601562
2026-05-16-19-24-31,1378.900024,5378.290039,-4186.700195,-0.700000,1.400000,-117.699997,124364.601562
2026-05-16-19-24-32,1380.989990,5404.049805,-4208.959961,-0.600000,1.400000,-115.099998,125086.296875
2026-05-16-19-24-34,1383.040039,5429.720215,-4231.160156,-0.500000,1.400000,-112.800003,125802.203125
2026-05-16-19-24-36,1385.430054,5456.149902,-4254.189941,-0.500000,1.300000,-110.599998,126542.000000
2026-05-16-19-24-37,1387.880005,5481.330078,-4276.350098,-0.500000,1.300000,-108.699997,127246.898438
2026-05-16-19-24-39,1390.439941,5506.379883,-4298.509766,-0.500000,1.300000,-106.800003,127947.703125
2026-05-16-19-24-41,1393.180054,5531.490234,-4320.910156,-0.500000,1.300000,-105.099998,128649.898438
2026-05-16-19-24-42,1396.010010,5556.509766,-4343.359863,-0.400000,1.300000,-103.599998,129350.796875
2026-05-16-19-24-44,1398.880005,5581.319824,-4365.950195,-0.400000,1.300000,-102.199997,130047.398438
2026-05-16-19-24-45,1401.750000,5605.330078,-4387.819824,-0.500000,1.300000,-101.000000,130717.000000
2026-05-16-19-24-47,1404.930054,5630.250000,-4410.750000,-0.400000,1.200000,-99.800003,131409.593750
2026-05-16-19-24-49,1408.180054,5654.830078,-4433.509766,-0.400000,1.200000,-98.599998,132093.703125
2026-05-16-19-24-50,1411.479980,5679.520020,-4456.549805,-0.400000,1.300000,-97.199997,132778.703125
2026-05-16-19-24-52,1414.890015,5703.759766,-4479.200195,-0.400000,1.200000,-95.699997,133450.093750
2026-05-16-19-24-54,1418.849976,5729.470215,-4503.410156,-0.300000,1.200000,-94.199997,134165.203125
2026-05-16-19-24-55,1422.920044,5754.450195,-4526.970215,-0.300000,1.200000,-92.699997,134858.000000
2026-05-16-19-24-57,1427.079956,5778.339844,-4549.750000,-0.200000,1.200000,-91.199997,135522.796875
2026-05-16-19-24-59,1431.390015,5802.299805,-4572.779785,-0.300000,1.200000,-89.699997,136188.203125
2026-05-16-19-25-00,1436.000000,5826.290039,-4596.029785,-0.200000,1.100000,-88.199997,136855.296875
2026-05-16-19-25-02,1440.910034,5850.390137,-4619.490234,-0.200000,1.200000,-86.699997,137525.703125
2026-05-16-19-25-04,1445.869995,5874.109863,-4642.709961,-0.200000,1.100000,-85.099998,138185.093750
2026-05-16-19-25-05,1451.199951,5898.419922,-4666.729980,-0.300000,1.100000,-83.400002,138864.000000
2026-05-16-19-25-07,1456.510010,5921.810059,-4690.009766,-0.200000,1.100000,-81.800003,139519.406250
2026-05-16-19-25-09,1462.010010,5945.049805,-4713.319824,-0.100000,1.100000,-80.199997,140172.296875
2026-05-16-19-25-10,1467.729980,5968.109863,-4736.600098,-0.100000,1.100000,-78.800003,140821.093750
2026-05-16-19-25-12,1473.760010,5991.529785,-4760.379883,-0.100000,1.100000,-77.400002,141480.406250
2026-05-16-19-25-13,1479.849976,6014.879883,-4784.200195,-0.100000,1.000000,-75.900002,142135.000000
2026-05-16-19-25-15,1485.969971,6037.390137,-4807.359863,-0.100000,1.000000,-74.500000,142766.203125
2026-05-16-19-25-17,1492.469971,6060.750000,-4831.419922,-0.100000,1.000000,-73.099998,143422.203125
2026-05-16-19-25-18,1499.369995,6085.259766,-4856.850098,-0.000000,1.000000,-71.500000,144109.406250
2026-05-16-19-25-20,1506.119995,6108.370117,-4881.040039,-0.000000,0.900000,-69.800003,144758.203125
2026-05-16-19-25-22,1513.160034,6131.399902,-4905.060059,-0.000000,0.900000,-68.099998,145401.796875
2026-05-16-19-25-23,1520.880005,6156.109863,-4930.790039,0.000000,0.900000,-66.099998,146090.703125
2026-05-16-19-25-25,1528.680054,6179.950195,-4955.629883,0.000000,0.800000,-63.900002,146757.406250
2026-05-16-19-25-27,1536.469971,6203.350098,-4979.970215,0.100000,0.900000,-61.599998,147412.593750
2026-05-16-19-25-28,1544.339966,6226.640137,-5004.220215,0.100000,0.800000,-59.099998,148066.500000
2026-05-16-19-25-30,1552.469971,6249.859863,-5028.399902,0.000000,0.700000,-56.400002,148721.406250
2026-05-16-19-25-32,1560.890015,6273.089844,-5052.569824,0.100000,0.700000,-53.599998,149377.703125
2026-05-16-19-25-33,1569.609985,6296.470215,-5076.930176,0.100000,0.600000,-50.500000,150040.703125
2026-05-16-19-25-35,1578.310059,6319.540039,-5101.000000,0.100000,0.700000,-47.500000,150695.296875
2026-05-16-19-25-37,1587.010010,6342.240234,-5124.770020,0.100000,0.600000,-44.400002,151343.796875
2026-05-16-19-25-38,1596.050049,6365.470215,-5149.220215,0.200000,0.500000,-41.599998,152006.203125
2026-05-16-19-25-40,1605.150024,6388.600098,-5173.370117,0.100000,0.500000,-38.700001,152666.593750
2026-05-16-19-25-41,1614.579956,6412.189941,-5197.839844,0.200000,0.500000,-36.000000,153339.500000
2026-05-16-19-25-43,1624.199951,6435.910156,-5222.470215,0.100000,0.500000,-33.299999,154016.296875
2026-05-16-19-25-45,1633.869995,6459.490234,-5246.859863,0.200000,0.300000,-30.700001,154689.296875
2026-05-16-19-25-46,1643.540039,6482.640137,-5270.919922,0.100000,0.300000,-28.500000,155353.406250
2026-05-16-19-25-48,1653.420044,6506.240234,-5295.310059,0.100000,0.300000,-26.400000,156031.796875
2026-05-16-19-25-49,1663.650024,6530.290039,-5320.129883,0.000000,0.400000,-24.600000,156724.296875
2026-05-16-19-25-50,1663.650024,6530.290039,-5320.129883,0.000000,0.400000,-24.600000,156724.296875
2026-05-16-19-25-51,-0.010000,-0.010000,0.010000,0.100000,0.300000,-22.900000,0.700000
2026-05-16-19-25-53,0.130000,0.080000,-0.040000,-0.100000,-0.100000,0.800000,8.300000
2026-05-16-19-25-54,0.400000,0.320000,-0.220000,-0.100000,-0.000000,2.200000,17.799999
2026-05-16-19-25-56,0.820000,0.810000,-0.370000,-0.100000,-0.100000,3.400000,29.799999
2026-05-16-19-25-57,1.280000,1.520000,-0.770000,-0.100000,-0.100000,4.600000,43.099998
2026-05-16-19-25-59,1.880000,2.480000,-1.170000,-0.100000,-0.100000,5.900000,58.799999
2026-05-16-19-26-01,2.650000,3.620000,-1.620000,-0.100000,-0.100000,7.200000,76.199997
2026-05-16-19-26-02,3.400000,4.870000,-2.080000,-0.200000,-0.100000,8.500000,94.000000
2026-05-16-19-26-04,4.310000,6.390000,-2.710000,-0.200000,-0.100000,9.800000,114.500000
2026-05-16-19-26-05,5.260000,8.080000,-3.410000,-0.200000,-0.200000,11.200000,135.699997
2026-05-16-19-26-07,6.160000,9.920000,-4.130000,-0.200000,-0.200000,12.500000,157.600006
2026-05-16-19-26-08,7.170000,12.140000,-5.030000,-0.200000,-0.200000,14.000000,182.199997
2026-05-16-19-26-10,8.160000,14.490000,-6.040000,-0.200000,-0.100000,15.500000,208.399994
2026-05-16-19-26-12,9.260000,17.049999,-7.130000,-0.300000,-0.100000,17.100000,235.699997
2026-05-16-19-26-13,10.460000,19.969999,-8.310000,-0.300000,-0.300000,18.700001,264.799988
2026-05-16-19-26-15,11.780000,23.120001,-9.480000,-0.300000,-0.200000,20.400000,295.600006
2026-05-16-19-26-17,13.060000,26.490000,-10.600000,-0.300000,-0.200000,22.100000,327.000000
2026-05-16-19-26-18,14.350000,30.020000,-11.770000,-0.400000,-0.300000,23.900000,358.799988
2026-05-16-19-26-20,15.720000,33.950001,-13.020000,-0.400000,-0.200000,25.600000,394.000000
2026-05-16-19-26-21,17.120001,38.090000,-14.340000,-0.400000,-0.300000,27.500000,430.700012
2026-05-16-19-26-23,18.530001,42.470001,-15.760000,-0.500000,-0.300000,29.299999,469.399994
2026-05-16-19-26-25,19.799999,46.889999,-17.020000,6.600000,-23.299999,28.799999,509.700012
2026-05-16-19-26-28,23.580000,59.680000,-22.260000,2.400000,6.800000,14.300000,590.000000
2026-05-16-19-26-29,21.160000,66.589996,-28.389999,-7.000000,-2.800000,15.000000,632.200012
2026-05-16-19-26-31,18.809999,73.519997,-35.820000,2.200000,2.800000,15.200000,678.400024
2026-05-16-19-26-32,16.530001,80.330002,-43.610001,-1.600000,-2.600000,15.200000,726.599976
2026-05-16-19-26-34,14.200000,87.660004,-52.040001,-3.100000,1.200000,13.200000,779.000000
2026-05-16-19-26-36,12.050000,94.650002,-60.130001,-0.500000,-0.500000,10.900000,831.000000
2026-05-16-19-26-37,9.610000,102.290001,-68.839996,-2.000000,0.700000,9.200000,887.799988
2026-05-16-19-26-39,7.340000,109.959999,-77.570000,-1.000000,0.500000,7.600000,946.900024
2026-05-16-19-26-41,5.220000,117.769997,-86.379997,-1.100000,0.400000,6.500000,1007.599976
2026-05-16-19-26-42,3.090000,125.680000,-95.160004,-1.500000,0.500000,5.300000,1069.099976
2026-05-16-19-26-44,1.090000,133.520004,-103.489998,-1.100000,0.500000,4.300000,1129.599976
2026-05-16-19-26-45,-0.930000,141.809998,-112.209999,-1.200000,0.500000,3.200000,1194.500000
2026-05-16-19-26-47,-2.850000,149.949997,-120.750000,-1.400000,0.400000,2.200000,1258.900024
2026-05-16-19-26-49,-4.630000,158.639999,-129.729996,-1.100000,0.600000,1.200000,1329.000000
2026-05-16-19-26-50,-6.250000,166.919998,-138.179993,-1.300000,0.400000,0.200000,1396.800049
2026-05-16-19-26-52,-7.910000,176.029999,-147.479996,-1.200000,0.500000,-0.700000,1472.199951
2026-05-16-19-26-53,-9.530000,185.229996,-156.710007,-1.200000,0.500000,-1.600000,1549.599976
2026-05-16-19-26-55,-10.970000,194.699997,-166.059998,-1.300000,0.500000,-2.800000,1630.099976
2026-05-16-19-26-57,-12.170000,203.979996,-175.160004,-1.200000,0.600000,-4.000000,1709.900024
2026-05-16-19-26-58,-13.210000,213.110001,-184.059998,-1.200000,0.600000,-5.000000,1789.400024
2026-05-16-19-27-00,-14.300000,223.080002,-193.660004,-1.300000,0.600000,-6.100000,1877.000000
2026-05-16-19-27-01,-15.310000,233.360001,-203.350006,-1.200000,0.600000,-7.100000,1967.900024
2026-05-16-19-27-03,-16.250000,243.839996,-213.250000,-1.200000,0.600000,-8.000000,2061.000000
2026-05-16-19-27-05,-17.389999,253.889999,-222.470001,-2.900000,3.200000,16.799999,2150.699951
2026-05-16-19-27-06,-15.720000,263.410004,-232.419998,1.900000,-6.200000,64.500000,2245.000000
2026-05-16-19-27-08,-12.610000,272.000000,-242.770004,-2.600000,-5.300000,147.000000,2338.899902
2026-05-16-19-27-09,-10.350000,280.820007,-253.070007,-2.000000,-0.700000,168.399994,2432.600098
2026-05-16-19-27-11,-8.670000,290.140015,-264.170013,-2.000000,-0.200000,-176.500000,2531.800049
2026-05-16-19-27-12,-7.370000,298.570007,-274.690002,-1.900000,0.800000,-165.199997,2623.500000
2026-05-16-19-27-14,-5.970000,307.260010,-285.910004,-1.700000,1.300000,-156.600006,2719.600098
2026-05-16-19-27-16,-4.660000,315.420013,-296.670013,-2.000000,1.100000,-150.199997,2810.600098
2026-05-16-19-27-17,-3.180000,323.980011,-308.200012,-1.500000,3.300000,-147.000000,2905.800049
2026-05-16-19-27-19,-1.590000,332.260010,-319.510010,-1.900000,3.800000,-151.100006,2996.600098
2026-05-16-19-27-21,0.010000,340.239990,-331.049988,-0.400000,4.000000,-139.500000,3086.300049
2026-05-16-19-27-22,1.590000,347.369995,-341.869995,-2.400000,4.000000,-134.399994,3168.699951
2026-05-16-19-27-24,3.260000,354.970001,-353.570007,0.700000,4.800000,-129.100006,3255.500000
2026-05-16-19-27-25,4.950000,362.309998,-365.329987,-3.500000,3.900000,-131.699997,3340.300049
2026-05-16-19-27-27,6.710000,369.480011,-377.059998,-0.900000,5.600000,-133.000000,3422.300049
2026-05-16-19-27-28,8.610000,376.420013,-388.559998,-1.000000,4.300000,-130.699997,3500.399902
2026-05-16-19-27-30,10.480000,383.109985,-399.950012,-3.200000,25.000000,-123.300003,3576.300049
2026-05-16-19-27-32,12.780000,390.350006,-412.299988,-0.100000,19.600000,-119.199997,3656.699951
2026-05-16-19-27-33,15.380000,397.609985,-424.649994,-1.800000,8.600000,-123.300003,3736.500000
2026-05-16-19-27-35,18.230000,404.890015,-436.880005,0.500000,10.000000,-117.300003,3814.800049
2026-05-16-19-27-36,21.059999,411.799988,-448.880005,-0.200000,10.400000,-115.400002,3890.699951
2026-05-16-19-27-38,24.240000,418.859985,-461.410004,-4.300000,8.000000,-114.699997,3968.800049
2026-05-16-19-27-40,27.639999,425.850006,-474.070007,0.300000,9.900000,-112.500000,4046.399902
2026-05-16-19-27-41,31.260000,432.859985,-486.890015,-3.700000,8.400000,-111.699997,4123.100098
2026-05-16-19-27-43,34.790001,439.410004,-499.109985,-2.000000,4.300000,-106.400002,4196.399902
2026-05-16-19-27-44,38.759998,446.179993,-512.270020,0.200000,-0.300000,-102.300003,4273.899902
2026-05-16-19-27-46,42.660000,452.649994,-525.099976,3.300000,-1.700000,-95.300003,4349.899902
2026-05-16-19-27-48,46.720001,458.809998,-537.450012,46.799999,3.400000,-66.599998,4424.299805
2026-05-16-19-27-49,51.020000,465.040009,-549.409973,49.700001,1.400000,-66.400002,4499.799805
2026-05-16-19-27-51,55.509998,471.070007,-561.190002,46.000000,1.900000,-67.199997,4577.000000
2026-05-16-19-27-52,60.139999,476.989990,-572.940002,45.200001,1.400000,-65.800003,4655.600098
2026-05-16-19-27-54,65.070000,482.839996,-584.440002,48.299999,1.000000,-64.800003,4736.100098
2026-05-16-19-27-55,70.029999,488.630005,-595.729980,22.900000,1.400000,-84.400002,4819.000000
2026-05-16-19-27-57,75.419998,493.790009,-606.289978,3.700000,-3.000000,-130.100006,4900.700195
2026-05-16-19-27-58,80.940002,498.929993,-617.030029,3.300000,0.600000,-169.899994,4984.899902
2026-05-16-19-28-00,86.330002,504.149994,-627.849976,0.600000,3.400000,176.199997,5068.200195
2026-05-16-19-28-01,92.019997,509.470001,-639.710022,1.200000,0.600000,169.399994,5157.600098
2026-05-16-19-28-03,97.500000,514.640015,-651.520020,-1.900000,2.400000,168.899994,5245.899902
2026-05-16-19-28-05,102.940002,519.590027,-663.460022,-1.600000,0.400000,168.100006,5333.600098
2026-05-16-19-28-06,108.120003,524.190002,-675.270020,-0.600000,1.600000,167.899994,5418.600098
2026-05-16-19-28-08,113.099998,528.599976,-686.690002,-1.400000,1.400000,168.399994,5500.200195
2026-05-16-19-28-09,118.389999,533.260010,-698.940002,-1.100000,1.300000,169.699997,5586.799805
2026-05-16-19-28-11,123.559998,537.840027,-711.419983,-1.000000,1.500000,171.399994,5672.899902
2026-05-16-19-28-13,128.660004,542.359985,-723.890015,-1.200000,1.400000,173.699997,5758.799805
2026-05-16-19-28-14,133.720001,546.679993,-736.289978,-1.100000,1.400000,176.100006,5844.000000
2026-05-16-19-28-16,138.419998,550.679993,-747.900024,-1.000000,1.500000,178.899994,5924.100098
2026-05-16-19-28-17,143.250000,554.710022,-760.010010,-0.900000,1.500000,-178.300003,6007.299805
2026-05-16-19-28-19,148.160004,558.679993,-772.460022,-0.900000,1.500000,-175.100006,6092.799805
2026-05-16-19-28-21,152.899994,562.950012,-785.690002,-0.300000,0.600000,134.100006,6178.100098
2026-05-16-19-28-25,174.440002,585.090027,-813.780029,6.200000,4.800000,55.500000,6434.299805
2026-05-16-19-28-28,203.949997,600.919983,-829.400024,0.600000,-2.100000,58.000000,6611.600098
2026-05-16-19-28-30,217.639999,610.419983,-835.840027,-6.500000,3.200000,-97.400002,6702.200195
2026-05-16-19-28-32,230.059998,618.729980,-842.109985,-1.400000,-5.400000,-127.400002,6788.200195
2026-05-16-19-28-33,242.399994,626.859985,-848.400024,-1.700000,-1.900000,-134.800003,6876.600098
2026-05-16-19-28-36,267.859985,643.260010,-861.640015,-1.900000,0.600000,-150.800003,7065.399902
2026-05-16-19-28-38,280.119995,654.409973,-871.190002,-2.600000,-3.700000,147.199997,7157.500000
2026-05-16-19-28-39,291.559998,666.809998,-880.000000,-1.000000,4.300000,2.100000,7249.200195
2026-05-16-19-28-41,304.679993,679.059998,-891.700012,-1.400000,-6.600000,32.500000,7346.100098
2026-05-16-19-28-43,316.980011,694.080017,-900.650024,-5.500000,4.200000,67.199997,7438.899902
2026-05-16-19-28-44,329.540009,712.989990,-909.679993,2.600000,-0.400000,32.200001,7537.000000
2026-05-16-19-28-47,361.429993,750.700012,-928.059998,-4.800000,-0.800000,66.099998,7735.600098
2026-05-16-19-28-50,396.859985,787.609985,-944.580017,3.300000,5.600000,99.699997,7921.200195
2026-05-16-19-28-54,439.559998,833.190002,-961.750000,2.100000,-0.700000,172.899994,8111.600098
2026-05-16-19-28-57,485.350006,882.450012,-974.630005,7.400000,5.300000,-134.899994,8291.799805
2026-05-16-19-28-58,506.820007,908.799988,-979.140015,-0.100000,-5.900000,-127.000000,8385.400391
2026-05-16-19-29-00,529.150024,935.969971,-983.039978,7.300000,-5.300000,-151.300003,8480.000000
2026-05-16-19-29-01,551.760010,963.700012,-987.140015,-3.600000,-4.100000,-167.100006,8577.299805
2026-05-16-19-29-06,618.900024,1048.359985,-1000.109985,2.200000,2.000000,-115.000000,8881.200195
2026-05-16-19-29-07,641.200012,1074.770020,-1006.030029,8.100000,-0.100000,-139.000000,8985.299805
2026-05-16-19-29-09,664.400024,1102.170044,-1011.559998,5.200000,22.500000,-131.199997,9088.099609
2026-05-16-19-29-10,686.880005,1127.949951,-1017.200012,-3.500000,-0.700000,-107.900002,9184.900391
2026-05-16-19-29-13,736.500000,1175.040039,-1026.189941,0.100000,16.700001,-142.699997,9394.799805
2026-05-16-19-29-17,780.659973,1226.410034,-1037.670044,1.000000,5.000000,-125.400002,9619.400391
2026-05-16-19-29-18,803.359985,1249.270020,-1044.689941,-4.900000,-3.600000,-118.800003,9730.099609
2026-05-16-19-29-20,830.289978,1276.869995,-1050.160034,0.900000,8.400000,-132.500000,9851.900391
2026-05-16-19-29-21,853.690002,1298.660034,-1052.369995,1.600000,13.200000,-125.800003,9975.700195
2026-05-16-19-29-23,877.830017,1317.670044,-1055.510010,-5.600000,-1.100000,-98.599998,10102.700195
2026-05-16-19-29-24,903.739990,1336.660034,-1058.000000,4.200000,2.700000,-118.699997,10.000000
2026-05-16-19-29-26,929.369995,1355.729980,-1060.119995,1.700000,3.900000,-105.699997,10362.700195
2026-05-16-19-29-31,1011.140015,1402.180054,-1058.099976,0.700000,16.799999,-90.199997,10771.400391
2026-05-16-19-29-32,1036.689941,1415.390015,-1057.119995,7.900000,4.900000,-83.500000,10915.900391
2026-05-16-19-29-34,1062.819946,1429.359985,-1055.930054,1.500000,3.000000,-61.200001,11063.700195
2026-05-16-19-29-36,1087.520020,1440.619995,-1053.459961,1.000000,0.800000,-93.800003,11213.500000
2026-05-16-19-29-37,1113.689941,1452.119995,-1050.750000,1.000000,2.900000,-98.699997,11375.400391
2026-05-16-19-29-39,1139.760010,1463.189941,-1048.189941,0.600000,3.200000,-93.800003,11540.000000
2026-05-16-19-29-41,1166.180054,1474.150024,-1045.760010,0.800000,3.600000,-87.800003,11709.500000
2026-05-16-19-29-42,1192.770020,1485.599976,-1043.650024,1.300000,4.500000,-82.000000,11882.700195
2026-05-16-19-29-44,1219.189941,1489.910034,-1039.890015,1.000000,4.400000,-71.199997,12050.599609
2026-05-16-19-29-45,1245.699951,1495.209961,-1036.300049,0.500000,3.800000,-72.099998,12221.400391
2026-05-16-19-29-47,1272.260010,1500.829956,-1032.900024,0.900000,3.100000,-75.000000,12396.400391
2026-05-16-19-29-49,1299.040039,1506.109985,-1030.510010,2.200000,4.000000,-72.900002,12574.299805
2026-05-16-19-29-50,1321.449951,1512.619995,-1023.539978,1.900000,4.200000,-52.500000,12755.099609
2026-05-16-19-29-52,1349.979980,1522.989990,-1017.049988,1.700000,5.800000,-84.199997,12931.000000
2026-05-16-19-29-56,1421.449951,1548.500000,-988.969971,2.400000,2.100000,-46.400002,13487.599609
2026-05-16-19-29-58,1440.849976,1560.209961,-981.010010,9.100000,-2.400000,-30.900000,13664.500000
2026-05-16-19-29-59,1461.959961,1570.199951,-972.359985,18.299999,6.600000,-59.299999,13851.000000
2026-05-16-19-30-01,1484.140015,1582.160034,-963.409973,1.300000,-10.300000,-54.299999,14045.799805
2026-05-16-19-30-02,1506.520020,1594.140015,-952.859985,12.600000,7.600000,-102.900002,14242.200195
2026-05-16-19-30-07,1566.599976,1641.680054,-919.960022,3.100000,-0.400000,-8.000000,14837.400391
2026-05-16-19-30-08,1587.579956,1659.229980,-908.320007,-2.400000,56.200001,-3.800000,15044.599609
2026-05-16-19-30-10,1607.829956,1677.770020,-897.119995,-2.900000,8.700000,-85.800003,15249.900391
2026-05-16-19-30-12,1627.959961,1697.040039,-886.030029,-13.800000,19.000000,175.100006,15460.900391
2026-05-16-19-30-13,1646.560059,1715.380005,-875.530029,-14.600000,9.900000,113.400002,15661.000000
2026-05-16-19-30-14,1666.949951,1737.540039,-865.750000,-4.900000,8.200000,157.800003,15859.099609
2026-05-16-19-30-16,1689.079956,1763.260010,-854.969971,0.000000,-1.600000,150.899994,16072.599609
2026-05-16-19-30-17,1712.089966,1789.290039,-843.369995,-9.400000,-5.600000,-176.000000,16277.799805
2026-05-16-19-30-19,1736.640015,1816.859985,-830.039978,9.800000,-17.400000,-177.199997,16493.599609
2026-05-16-19-30-20,1759.729980,1844.670044,-816.289978,-12.200000,-18.299999,-154.899994,16710.099609
2026-05-16-19-30-22,1783.030029,1872.319946,-803.710022,4.300000,-1.400000,-141.399994,16917.199219
2026-05-16-19-30-23,1806.579956,1901.560059,-792.000000,-10.900000,28.900000,162.699997,17130.599609
2026-05-16-19-30-25,1832.530029,1933.540039,-780.039978,-6.800000,-7.200000,144.600006,17357.800781
2026-05-16-19-30-26,1858.349976,1965.750000,-766.830017,-1.900000,-3.100000,147.500000,17584.500000
2026-05-16-19-30-28,1880.459961,1996.770020,-755.289978,-4.300000,-3.000000,171.800003,17803.099609
2026-05-16-19-30-29,1904.829956,202.000000,111.180000,-0.032000,0.044000,0.006000,0.551000
2026-05-16-19-30-31,1929.819946,2053.000000,-730.840027,1.100000,-7.100000,1.000000,182.000000
2026-05-16-19-30-34,1983.750000,2117.669922,-706.890015,6.200000,-5.800000,89.099998,18744.300781
2026-05-16-19-30-37,2045.000000,2175.000000,-689.710022,-0.000000,1.300000,130.300003,19225.000000
2026-05-16-19-30-39,2075.889893,2197.889893,-682.289978,-4.600000,-3.200000,169.899994,19451.900391
2026-05-16-19-30-40,2105.699951,2220.149902,-674.750000,1.700000,0.400000,-167.699997,19679.599609
2026-05-16-19-30-43,2165.870117,2265.350098,-655.010010,9.600000,14.800000,-126.400002,20149.300781
2026-05-16-19-30-45,2199.370117,2282.909912,-645.169983,-2.600000,11.400000,-150.300003,20389.500000
2026-05-16-19-30-46,2232.250000,2299.489990,-635.099976,-11.100000,3.700000,158.600006,20630.699219
2026-05-16-19-30-48,2264.610107,2315.840088,-625.400024,-6.500000,4.400000,151.699997,20869.699219
2026-05-16-19-30-49,2298.330078,2335.219971,-615.359985,-7.000000,-1.200000,176.500000,21114.599609
2026-05-16-19-30-51,2334.020020,2354.080078,-605.099976,-5.200000,-10.400000,-154.100006,21359.599609
2026-05-16-19-30-52,2368.500000,2369.699951,-594.299988,2.700000,-3.000000,-159.699997,21611.599609
2026-05-16-19-30-54,2403.209961,2384.570068,-584.020020,8.000000,-0.600000,-176.000000,21864.800781
2026-05-16-19-30-55,2436.100098,2401.379883,-574.679993,-3.900000,-7.000000,-156.399994,22121.800781
2026-05-16-19-30-57,2468.510010,2420.379883,-564.000000,5.400000,-1.300000,-177.100006,22389.800781
2026-05-16-19-31-00,2536.179932,2464.669922,-543.159973,0.500000,-1.300000,-170.899994,22948.500000
2026-05-16-19-31-03,2586.669922,2511.969971,-523.780029,1.600000,-1.000000,178.199997,23504.500000
2026-05-16-19-31-05,2607.159912,2536.320068,-514.109985,2.100000,2.300000,-179.000000,23778.300781
2026-05-16-19-31-06,2627.120117,2561.010010,-504.690002,-9.600000,-2.600000,-155.699997,24057.699219
2026-05-16-19-31-08,2652.810059,2590.300049,-492.750000,1.300000,0.700000,-166.199997,24356.500000
2026-05-16-19-31-09,2677.219971,2615.870117,-483.179993,-6.500000,4.200000,-139.500000,24644.900391
2026-05-16-19-31-13,2729.250000,2676.729980,-461.200012,-1.000000,3.400000,-163.699997,25261.199219
2026-05-16-19-31-14,2759.570068,2704.909912,-451.170013,4.400000,38.700001,-132.199997,25561.800781
2026-05-16-19-31-16,2789.560059,2733.379883,-441.549988,1.800000,2.300000,-131.300003,25868.099609
2026-05-16-19-31-17,2818.310059,2762.070068,-430.600006,6.200000,37.900002,-134.300003,26171.699219
2026-05-16-19-31-18,2847.449951,2785.669922,-422.000000,-19.500000,50.599998,-160.199997,26466.000000
2026-05-16-19-31-20,2878.510010,2811.159912,-412.260010,6.400000,10.700000,-157.100006,26787.000000
2026-05-16-19-31-22,2908.409912,2835.560059,-403.140015,19.500000,67.400002,-118.500000,27111.000000
2026-05-16-19-31-23,2939.139893,2857.850098,-396.029999,4.700000,16.100000,-103.099998,27433.400391
2026-05-16-19-31-25,2971.709961,2879.409912,-388.750000,-4.800000,-22.400000,-102.000000,27766.599609
2026-05-16-19-31-26,3005.020020,2899.169922,-381.429993,-5.200000,-7.500000,-109.199997,28104.300781
2026-05-16-19-31-27,3037.290039,2917.889893,-374.200012,1.300000,6.300000,-112.500000,28437.099609
2026-05-16-19-31-29,3070.919922,2937.010010,-366.790009,-0.700000,-0.400000,-112.800003,28786.599609
2026-05-16-19-31-31,3104.629883,2955.929932,-359.369995,-1.000000,2.200000,-111.800003,29142.099609
2026-05-16-19-31-32,3138.520020,2974.750000,-352.029999,-0.400000,1.700000,-109.800003,29503.000000
2026-05-16-19-31-34,3172.550049,2993.379883,-344.760010,-0.700000,1.200000,-107.400002,29869.599609
2026-05-16-19-31-35,3208.709961,3012.870117,-337.100006,-0.500000,1.700000,-105.099998,30263.699219
2026-05-16-19-31-37,3243.209961,3031.229980,-329.769989,-0.400000,1.000000,-103.199997,30643.300781
2026-05-16-19-31-38,3278.820068,3050.040039,-322.260010,-0.400000,1.400000,-101.099998,31039.099609
2026-05-16-19-31-40,3314.120117,3068.500000,-314.899994,-0.400000,1.200000,-99.000000,31435.900391
2026-05-16-19-31-41,3347.580078,3085.909912,-307.929993,0.100000,1.200000,-97.500000,31817.099609
2026-05-16-19-31-43,3383.489990,3104.139893,-301.079987,4.500000,8.500000,-82.000000,32213.900391
2026-05-16-19-31-44,3417.100098,3122.000000,-295.369995,51.400002,2.400000,-55.500000,32593.400391
2026-05-16-19-31-46,3451.729980,3140.250000,-288.579987,67.500000,6.300000,-60.799999,32972.101562
2026-05-16-19-31-47,3488.610107,3158.600098,-281.299988,64.000000,4.000000,-69.300003,33367.601562
2026-05-16-19-31-49,3527.370117,3177.149902,-273.399994,60.299999,5.800000,-61.700001,33781.800781
2026-05-16-19-31-50,3569.030029,3196.520020,-264.600006,57.599998,5.400000,-58.799999,34227.398438
2026-05-16-19-31-52,3608.159912,3214.239990,-256.369995,55.599998,5.400000,-57.799999,34646.601562
2026-05-16-19-31-53,3647.520020,3231.629883,-248.009995,53.299999,5.600000,-54.900002,35066.601562
2026-05-16-19-31-55,3687.260010,3248.949951,-239.460007,53.299999,5.900000,-53.500000,35491.000000
2026-05-16-19-31-56,3726.870117,3265.719971,-231.139999,47.900002,4.100000,-50.799999,35912.800781
2026-05-16-19-31-58,3766.620117,3282.439941,-222.520004,-9.200000,1.300000,-52.000000,36333.199219
2026-05-16-19-31-59,3807.100098,3299.580078,-213.699997,4.700000,1.200000,-58.299999,36763.500000
2026-05-16-19-32-01,3847.580078,3316.709961,-205.119995,0.100000,1.200000,-66.400002,37194.601562
2026-05-16-19-32-02,3888.600098,3333.969971,-196.479996,1.300000,2.500000,-74.400002,37632.500000
2026-05-16-19-32-04,3929.340088,3351.040039,-187.880005,1.700000,1.800000,-81.000000,38069.800781
2026-05-16-19-32-06,3973.320068,3369.469971,-178.630005,0.900000,2.400000,-86.400002,38546.601562
2026-05-16-19-32-07,4015.679932,3387.179932,-169.779999,1.600000,-2.700000,1.500000,39012.199219
2026-05-16-19-32-09,4056.959961,3405.679932,-162.440002,-0.200000,-3.800000,78.300003,39433.101562
2026-05-16-19-32-10,4099.000000,3426.060059,-154.720001,-0.000000,2.500000,113.900002,39865.699219
2026-05-16-19-32-13,4187.870117,3470.169922,-137.110001,-1.100000,11.000000,112.599998,40735.699219
2026-05-16-19-32-15,4235.120117,3496.189941,-128.169998,-2.300000,11.100000,103.800003,41180.300781
2026-05-16-19-32-16,4283.950195,3525.840088,-121.970001,-1.300000,11.100000,104.199997,41622.398438
2026-05-16-19-32-19,4379.160156,3583.040039,-109.809998,2.700000,8.100000,103.199997,42478.699219
2026-05-16-19-32-21,4426.520020,3612.620117,-103.900002,-2.300000,1.100000,130.500000,42908.601562
2026-05-16-19-32-22,4476.740234,3645.590088,-98.199997,2.000000,2.100000,132.899994,43344.398438
2026-05-16-19-32-24,4524.830078,3676.419922,-91.290001,10.600000,1.200000,98.300003,43774.699219
2026-05-16-19-32-25,4576.399902,3706.010010,-84.790001,-3.000000,-6.200000,114.500000,44202.300781
2026-05-16-19-32-27,4627.520020,3734.530029,-77.279999,-9.200000,-6.900000,140.399994,44631.300781
2026-05-16-19-32-28,4677.779785,3761.360107,-70.230003,1.300000,-5.100000,120.000000,45051.699219
2026-05-16-19-32-31,4783.649902,3817.820068,-56.259998,-2.200000,-4.600000,122.000000,45898.800781
2026-05-16-19-32-33,4837.080078,3844.550049,-48.470001,-4.800000,-15.900000,145.399994,46312.000000
2026-05-16-19-32-34,4884.569824,3870.330078,-40.680000,-3.000000,-12.000000,168.000000,46702.199219
2026-05-16-19-32-36,4936.859863,3898.830078,-34.290001,9.600000,9.000000,177.899994,47124.000000
2026-05-16-19-32-37,4986.100098,3926.949951,-27.450001,-6.500000,9.300000,80.800003,47527.000000
2026-05-16-19-32-40,5088.310059,3986.699951,-13.430000,1.000000,-2.900000,167.300003,48357.300781
2026-05-16-19-32-42,5141.299805,4019.080078,-4.660000,7.500000,-7.200000,104.599998,48781.000000
2026-05-16-19-32-43,5186.669922,4050.810059,5.820000,-0.300000,-3.900000,127.099998,49200.601562
2026-05-16-19-32-46,5279.149902,4116.629883,27.500000,-1.500000,-3.900000,157.500000,50043.500000
2026-05-16-19-32-48,5326.080078,4147.009766,38.029999,8.800000,-0.100000,127.199997,50478.300781
2026-05-16-19-32-49,5374.870117,4179.160156,49.790001,-5.200000,-2.300000,147.600006,50904.500000
2026-05-16-19-32-52,5471.500000,4250.979980,71.889999,-0.100000,2.800000,173.100006,51758.398438
2026-05-16-19-32-57,5617.279785,4357.419922,115.709999,6.400000,-13.000000,168.300003,53081.000000
2026-05-16-19-32-58,5660.649902,4389.100098,129.250000,111.169998,0.408000,-0.048000,53.000000
2026-05-16-19-33-00,5707.979980,4424.500000,144.059998,-0.000000,-14.300000,152.500000,53975.300781
2026-05-16-19-33-02,5757.700195,4457.720215,159.389999,-28.400000,3.600000,173.500000,54419.300781
2026-05-16-19-33-03,5808.450195,4491.839844,175.050003,-5.100000,6.800000,-166.000000,54866.199219
2026-05-16-19-33-05,5858.169922,4527.410156,189.860001,8.400000,10.200000,162.300003,55323.300781
2026-05-16-19-33-06,5908.209961,4564.459961,204.320007,7.000000,1.400000,147.300003,55791.800781
2026-05-16-19-33-08,5954.180176,4600.560059,217.429993,-13.800000,1.200000,-170.800003,56249.300781
2026-05-16-19-33-09,6000.290039,4636.600098,231.429993,-2.300000,-23.299999,-118.699997,56711.601562
2026-05-16-19-33-11,6044.410156,4670.750000,245.550003,-1.100000,-16.000000,-49.500000,57179.199219
2026-05-16-19-33-12,6089.299805,4704.299805,260.619995,0.800000,-27.299999,16.600000,57649.300781
2026-05-16-19-33-15,6180.100098,4772.979980,291.579987,3.500000,11.000000,-36.599998,58578.601562
2026-05-16-19-33-17,6226.919922,4807.729980,306.940002,-0.200000,-0.700000,-21.000000,59049.500000
2026-05-16-19-33-18,6272.700195,4841.339844,321.920013,1.700000,-4.300000,-8.900000,59504.699219
2026-05-16-19-33-21,6367.729980,4910.939941,350.579987,8.100000,-8.300000,5.700000,60413.101562
2026-05-16-19-33-23,6415.390137,4944.220215,362.200012,-0.400000,-4.800000,8.700000,60869.800781
2026-05-16-19-33-26,6509.370117,5003.950195,388.209991,3.900000,-27.600000,25.900000,61744.398438
2026-05-16-19-33-27,6558.479980,5035.850098,402.799988,13.900000,-9.600000,-19.400000,62188.101562
2026-05-16-19-33-29,6605.620117,5063.759766,417.470001,-12.200000,-5.800000,26.000000,62642.500000
2026-05-16-19-33-30,6653.089844,5092.169922,428.510010,-1.300000,-7.300000,31.500000,63080.000000
2026-05-16-19-33-32,6704.100098,5117.259766,441.339996,8.200000,2.100000,12.400000,63535.898438
2026-05-16-19-33-33,6752.939941,5147.609863,452.600006,8.200000,0.700000,5.300000,63981.699219
2026-05-16-19-33-37,6851.310059,5206.720215,472.459991,4.700000,1.700000,45.799999,64842.699219
2026-05-16-19-33-38,6898.479980,5235.100098,480.589996,-1.800000,-23.700001,66.800003,65240.300781
2026-05-16-19-33-40,6947.200195,5263.439941,489.660004,15.900000,3.400000,-7.800000,65651.296875
2026-05-16-19-33-41,6998.799805,5292.279785,498.540009,-7.600000,-1.400000,34.900002,66061.703125
2026-05-16-19-33-43,7051.500000,5322.180176,506.970001,-1.300000,0.200000,51.500000,66464.703125
2026-05-16-19-33-44,7108.500000,5352.720215,515.619995,7.300000,4.000000,23.100000,66885.000000
2026-05-16-19-33-46,7163.629883,5383.470215,520.650024,1.300000,-0.500000,38.799999,67278.898438
2026-05-16-19-33-47,7219.120117,5417.689941,524.219971,-4.000000,0.100000,50.400002,67668.601562
2026-05-16-19-33-49,7272.899902,5450.180176,527.719971,10.600000,1.700000,18.799999,68053.000000
2026-05-16-19-33-52,7381.080078,5524.310059,530.780029,-6.600000,-3.700000,52.400002,68825.898438
2026-05-16-19-33-53,7435.060059,5560.830078,534.030029,8.100000,-1.900000,25.200001,69195.500000
2026-05-16-19-33-55,7489.990234,5599.959961,537.799988,-2.500000,-2.800000,43.900002,69561.500000
2026-05-16-19-33-56,7544.399902,5640.879883,540.979980,-5.200000,1.200000,66.900002,69920.203125
2026-05-16-19-33-58,7595.729980,5682.009766,545.359985,-1.100000,-0.200000,76.599998,70275.203125
2026-05-16-19-33-59,7646.169922,5723.049805,550.710022,8.600000,5.200000,32.799999,70615.898438
2026-05-16-19-34-01,7701.080078,5762.549805,553.309998,9.800000,41.200001,26.000000,70966.703125
2026-05-16-19-34-02,7756.149902,5796.149902,558.400024,-15.600000,9.000000,81.500000,71308.398438
2026-05-16-19-34-04,7815.810059,5833.950195,562.770020,-17.200001,30.700001,93.800003,71647.601562
2026-05-16-19-34-07,7927.879883,5906.459961,570.799988,12.000000,26.799999,45.900002,72316.398438
2026-05-16-19-34-09,7978.459961,5941.140137,573.690002,22.900000,55.500000,72.400002,72632.296875
2026-05-16-19-34-10,8028.129883,5977.040039,577.380005,-6.200000,7.200000,85.099998,72955.796875
2026-05-16-19-34-12,8076.779785,6014.299805,579.919983,-2.400000,-12.600000,90.800003,73276.000000
2026-05-16-19-34-13,8124.759766,6051.779785,582.739990,12.200000,2.400000,114.300003,73594.601562
2026-05-16-19-34-15,8172.569824,6090.060059,585.510010,9.500000,-3.700000,128.199997,73911.796875
2026-05-16-19-34-16,8219.259766,6127.200195,587.989990,52.900002,5.200000,123.500000,74226.296875
2026-05-16-19-34-18,8265.580078,6164.810059,591.200012,56.200001,2.700000,125.699997,74537.398438
2026-05-16-19-34-19,8310.469727,6201.910156,594.559998,37.299999,2.800000,109.800003,74840.898438
2026-05-16-19-34-21,8356.030273,6240.600098,597.219971,-4.300000,1.900000,97.800003,75152.898438
2026-05-16-19-34-22,8399.330078,6278.830078,599.580017,1.900000,2.800000,87.300003,75463.000000
2026-05-16-19-34-24,8445.169922,6319.790039,602.059998,0.800000,1.200000,81.199997,75790.203125
2026-05-16-19-34-25,8492.089844,6357.640137,604.150024,-10.800000,-17.700001,-165.000000,76092.000000
2026-05-16-19-34-27,8537.660156,6395.350098,606.520020,2.700000,-2.400000,-114.800003,76399.703125
2026-05-16-19-34-28,8582.650391,6431.569824,608.299988,-1.400000,-4.300000,-66.000000,76702.796875
2026-05-16-19-34-30,8629.059570,6468.169922,610.130005,0.900000,1.900000,-53.599998,77016.101562
2026-05-16-19-34-31,8679.200195,6507.290039,611.919983,1.300000,1.800000,-45.900002,77353.500000
2026-05-16-19-34-33,8725.950195,6543.910156,613.429993,1.000000,2.100000,-41.099998,77668.000000
2026-05-16-19-34-34,8773.000000,6580.759766,614.830017,1.100000,2.200000,-37.500000,77982.703125
2026-05-16-19-34-36,8820.440430,6617.810059,616.190002,1.200000,1.900000,-34.299999,78298.703125
2026-05-16-19-34-38,8867.820312,6654.870117,617.440002,1.000000,2.000000,-31.100000,78612.898438
2026-05-16-19-34-39,8913.730469,6690.729980,618.559998,1.500000,0.600000,-0.400000,78915.796875
2026-05-16-19-34-40,8957.540039,6725.580078,619.380005,-7.900000,11.100000,-65.199997,79198.000000
2026-05-16-19-34-42,9001.480469,6761.529785,619.729980,3.700000,4.700000,-82.099998,79491.601562
2026-05-16-19-34-43,9047.080078,6799.189941,621.830017,-6.900000,-0.900000,-48.099998,79792.000000
2026-05-16-19-34-45,9096.769531,6838.810059,623.900024,-0.300000,-2.700000,-40.900002,80109.101562
2026-05-16-19-34-46,9145.879883,6878.549805,625.500000,10.400000,3.200000,-70.199997,80422.898438
2026-05-16-19-34-48,9197.179688,6919.189941,628.729980,3.600000,-3.100000,-62.500000,80749.398438
2026-05-16-19-34-51,9294.900391,6997.680176,630.500000,8.200000,0.200000,-69.800003,81384.500000
2026-05-16-19-34-53,9345.360352,7039.109863,630.330017,-2.800000,-4.900000,-51.900002,81702.703125
2026-05-16-19-34-54,9394.509766,7080.600098,632.650024,6.700000,-2.900000,-63.099998,82020.796875
2026-05-16-19-34-56,9444.099609,7122.319824,634.669983,-5.400000,5.100000,-21.700001,82346.398438
2026-05-16-19-34-57,9490.389648,7163.680176,637.549988,9.600000,12.900000,-35.400002,82658.500000
2026-05-16-19-34-59,9535.219727,7205.750000,642.299988,-0.500000,13.500000,-30.400000,82966.101562
2026-05-16-19-35-00,9577.690430,7247.020020,648.669983,21.000000,21.700001,-80.400002,83264.296875
2026-05-16-19-35-01,9620.690430,7289.819824,651.710022,3.300000,8.100000,-66.300003,83582.500000
2026-05-16-19-35-05,9702.990234,7378.970215,661.510010,8.700000,4.600000,-73.599998,84222.601562
2026-05-16-19-35-08,9792.580078,7469.419922,670.919983,-1.000000,3.600000,-40.900002,84870.898438
2026-05-16-19-35-09,9846.509766,7523.299805,674.250000,-3.200000,-0.400000,-16.900000,85211.601562
2026-05-16-19-35-11,9898.330078,7573.410156,678.320007,0.100000,2.400000,-24.900000,85533.203125
2026-05-16-19-35-12,9956.129883,7628.950195,681.500000,4.900000,2.200000,-20.000000,85869.703125
2026-05-16-19-35-14,10009.940430,7675.970215,682.760010,2.400000,16.200001,-4.000000,86188.000000
2026-05-16-19-35-15,10061.780273,7724.799805,682.239990,9.900000,12.300000,-61.799999,86502.101562
2026-05-16-19-35-17,10120.900391,7776.250000,680.789978,-3.000000,2.000000,-13.800000,86833.500000
2026-05-16-19-35-18,10180.139648,7828.140137,679.450012,3.500000,1.300000,-24.200001,87163.601562
2026-05-16-19-35-20,10237.219727,7878.890137,680.479980,5.500000,16.900000,0.100000,87476.703125
2026-05-16-19-35-22,10294.280273,7932.009766,681.710022,4.700000,10.700000,-35.500000,87784.796875
2026-05-16-19-35-23,10356.660156,7989.350098,685.739990,-1.500000,3.000000,6.200000,88109.601562
2026-05-16-19-35-25,10418.959961,8045.770020,687.130005,-0.000000,6.100000,11.600000,88414.500000
2026-05-16-19-35-26,10478.719727,8106.020020,687.909973,3.500000,2.100000,-17.600000,88714.796875
2026-05-16-19-35-28,10537.809570,8167.970215,685.750000,8.800000,44.099998,4.400000,89008.398438
2026-05-16-19-35-29,10596.410156,8232.030273,682.130005,3.100000,19.600000,-45.700001,89295.898438
2026-05-16-19-35-31,10655.940430,8298.349609,682.059998,1.200000,21.700001,-98.699997,89592.101562
2026-05-16-19-35-34,10774.919922,8430.049805,680.820007,-3.500000,14.000000,-114.199997,90196.101562
2026-05-16-19-35-35,10834.269531,8497.709961,681.000000,-6.200000,23.299999,-138.399994,90508.398438
2026-05-16-19-35-37,10889.900391,8563.500000,680.880005,-0.800000,10.700000,-177.399994,90806.898438
2026-05-16-19-35-38,10951.650391,8638.370117,681.510010,0.700000,-9.500000,162.199997,91140.101562
2026-05-16-19-35-40,11009.500000,8709.099609,681.460022,1.800000,-6.200000,163.000000,91463.398438
2026-05-16-19-35-41,11068.870117,8783.669922,682.780029,-4.900000,-4.200000,-177.199997,91788.703125
2026-05-16-19-35-43,11127.809570,8857.919922,682.109985,-6.300000,-0.400000,-160.000000,92113.000000
2026-05-16-19-35-44,11189.879883,8939.379883,681.580017,5.100000,-1.700000,178.300003,92466.296875
2026-05-16-19-35-46,11251.639648,9019.419922,682.369995,-3.200000,-1.400000,-172.699997,92821.203125
2026-05-16-19-35-47,11310.230469,9091.080078,685.650024,-6.000000,3.800000,-160.699997,93164.601562
2026-05-16-19-35-49,11373.799805,9165.450195,687.419983,2.900000,5.000000,177.600006,93530.296875
2026-05-16-19-35-51,11435.969727,9241.030273,689.169983,-3.900000,0.400000,-174.800003,93881.203125
2026-05-16-19-35-52,11498.929688,9323.099609,693.979980,-1.200000,2.300000,-163.100006,94254.296875
2026-05-16-19-35-54,11562.589844,9402.769531,697.400024,-1.600000,1.500000,-161.600006,94634.601562
2026-05-16-19-35-55,11623.179688,9478.530273,705.049988,-1.700000,-0.700000,-169.500000,94997.703125
2026-05-16-19-35-57,11687.190430,9559.219727,714.479980,-1.400000,-1.400000,-160.199997,95386.296875
2026-05-16-19-35-59,11750.900391,9641.679688,724.479980,-0.900000,0.300000,-151.500000,95778.500000
2026-05-16-19-36-00,11814.080078,9728.509766,733.750000,-1.200000,-4.100000,-156.000000,96177.203125
2026-05-16-19-36-02,11876.230469,9807.759766,740.039978,0.900000,-6.500000,-165.300003,96560.703125
2026-05-16-19-36-03,11937.950195,9886.139648,747.659973,2.100000,-6.900000,-165.399994,96947.898438
2026-05-16-19-36-05,12000.110352,9960.780273,751.570007,0.600000,-4.400000,-152.899994,97339.000000
2026-05-16-19-36-06,12061.940430,10036.099609,754.770020,-0.200000,7.500000,-136.600006,97735.296875
2026-05-16-19-36-08,12125.830078,10115.030273,758.489990,-2.700000,5.700000,-141.699997,98157.398438
2026-05-16-19-36-09,12192.000000,10191.589844,762.219971,-1.800000,2.700000,-140.000000,98585.203125
2026-05-16-19-36-11,12258.809570,10266.500000,765.409973,-4.500000,3.000000,-140.899994,99018.000000
2026-05-16-19-36-13,12324.860352,10342.139648,769.640015,-4.800000,21.600000,-142.699997,99457.898438
2026-05-16-19-36-14,12388.309570,10420.769531,775.799988,-2.800000,11.500000,-128.100006,99901.796875
2026-05-16-19-36-16,12442.660156,10492.259766,780.369995,-3.600000,31.400000,-100.900002,100302.500000
2026-05-16-19-36-17,12500.860352,10567.150391,783.679993,-3.000000,19.000000,-121.099998,100729.703125
2026-05-16-19-36-19,12557.599609,10643.059570,786.130005,1.800000,12.000000,-103.699997,101159.203125
2026-05-16-19-36-20,12617.990234,10716.160156,790.479980,-3.900000,26.700001,-96.699997,101597.203125
2026-05-16-19-36-22,12678.860352,10787.419922,793.770020,3.700000,8.200000,-119.199997,102041.296875
2026-05-16-19-36-23,12741.879883,10860.660156,796.570007,-0.400000,-4.000000,-121.199997,102493.296875
2026-05-16-19-36-25,12804.889648,10933.509766,799.380005,2.700000,8.900000,-117.699997,102947.601562
2026-05-16-19-36-26,12867.820312,11005.780273,802.390015,3.600000,10.000000,-110.699997,103404.203125
2026-05-16-19-36-28,12931.190430,11077.769531,805.520020,3.600000,-11.300000,0.500000,103866.796875
2026-05-16-19-36-31,13056.070312,11214.110352,810.969971,-1.700000,-4.100000,2.100000,104750.203125
2026-05-16-19-36-32,13118.259766,11279.509766,812.969971,3.100000,-8.400000,-26.000000,105181.898438
2026-05-16-19-36-34,13184.280273,11348.000000,815.190002,6.000000,2.400000,-36.900002,105635.703125
2026-05-16-19-36-35,13257.219727,11422.059570,816.960022,4.200000,5.100000,-33.700001,106123.000000
