
0416202606:07:41, 23.39549, 10.891, 0.143, 1027.0

0416202606:07:42, 23.38696, 10.926, 0.145, 1027.2
06:07:47, 23.37843, 10.922, 0.144, 1027.1
06:07:53, 23.37843, 10.920, 0.144, 1027.1
06:07:58, 23.40403, 11.018, 0.146, 1027.3
06:08:03, 23.41256, 10.936, 0.137, 1026.4
06:08:08, 23.42109, 10.927, 0.145, 1027.2
06:08:13, 23.41256, 10.942, 0.144, 1027.1
06:08:18, 23.40403, 10.943, 0.142, 1026.9
06:08:23, 23.38696, 10.934, 0.148, 1027.5
06:08:29, 23.37843, 10.949, 0.146, 1027.3
06:08:34, 23.36135, 10.944, 0.143, 1027.0
06:08:39, 23.36135, 10.921, 0.146, 1027.3
06:08:44, 23.34429, 10.945, 0.144, 1027.1
06:08:49, 23.33575, 10.932, 0.150, 1027.7
06:08:54, 23.32722, 10.998, 0.144, 1027.1
06:08:59, 23.33575, 10.966, 0.140, 1026.7
06:09:04, 23.33575, 10.955, 0.147, 1027.4
06:09:10, 23.32722, 10.941, 0.147, 1027.4
06:09:15, 23.31868, 10.933, 0.147, 1027.4
06:09:20, 23.31014, 10.911, 0.147, 1027.4
06:09:25, 23.30161, 10.936, 0.145, 1027.2
06:09:30, 23.31868, 10.937, 0.145, 1027.2
06:09:35, 23.33575, 10.975, 0.146, 1027.3
06:09:40, 23.34429, 10.938, 0.148, 1027.5
06:09:45, 23.35282, 10.942, 0.140, 1026.7
06:09:51, 23.36135, 10.924, 0.147, 1027.4
06:09:56, 23.36135, 10.917, 0.147, 1027.4
06:10:01, 23.36989, 10.788, 0.145, 1027.2

0422202604:48:49, 21.25645, 10.734, 0.181, 1030.7
04:48:54, 21.25645, 10.812, 0.188, 1031.4
04:48:59, 21.24787, 10.756, 0.183, 1030.9
04:49:04, 21.27360, 10.826, 0.185, 1031.1
04:49:09, 21.27360, 10.859, 0.186, 1031.2
04:49:14, 21.26502, 10.900, 0.185, 1031.1
04:49:19, 21.24787, 10.826, 0.188, 1031.4
04:49:25, 21.23930, 10.911, 0.183, 1030.9
04:49:30, 21.22214, 10.879, 0.185, 1031.1
04:49:35, 21.20499, 10.965, 0.183, 1030.9
04:49:40, 21.23930, 10.786, 0.184, 1031.0
04:49:45, 21.28218, 11.299, 0.190, 1031.6
04:49:50, 21.34227, 10.943, 0.186, 1031.2
04:49:55, 21.37656, 10.937, 0.186, 1031.2
04:50:00, 21.38514, 10.879, 0.188, 1031.4
04:50:06, 21.40228, 10.931, 0.186, 1031.2
04:50:11, 21.43658, 10.922, 0.185, 1031.1
04:50:16, 21.42800, 10.916, 0.186, 1031.2
04:50:21, 21.42800, 10.956, 0.187, 1031.3
04:50:26, 21.40228, 10.963, 0.187, 1031.3
04:50:31, 21.38514, 10.860, 0.189, 1031.5

0422202604:50:42, 21.37656, 10.906, 0.189, 1031.5
04:50:47, 21.36799, 10.984, 0.185, 1031.1
04:50:52, 21.36799, 10.994, 0.190, 1031.6
04:50:57, 21.37656, 10.992, 0.185, 1031.1
04:51:03, 21.35942, 10.979, 0.185, 1031.1
04:51:08, 21.41943, 10.996, 0.184, 1031.0
04:51:13, 21.42800, 10.997, 0.182, 1030.8
04:51:18, 21.43658, 10.954, 0.183, 1030.9
04:51:23, 21.42800, 11.118, 0.185, 1031.1
04:51:28, 21.49658, 11.018, 0.185, 1031.1
04:51:33, 21.53087, 10.999, 0.182, 1030.8
04:51:38, 21.55658, 10.995, 0.187, 1031.3
04:51:44, 21.56515, 10.931, -260.064, -24414.1
04:51:49, 21.56515, 10.993, 0.184, 1031.0
04:51:54, 21.54801, 11.001, 0.184, 1031.0
04:51:59, 21.53944, 11.020, 0.184, 1031.0
04:52:04, 21.60800, 10.989, 0.186, 1031.2
04:52:09, 21.80505, 11.027, 0.185, 1031.1
04:52:14, 21.89076, 10.855, 0.187, 1031.3
04:52:19, 21.95070, 10.958, 0.186, 1031.2
04:52:25, 21.97639, 10.926, 0.181, 1030.7
04:52:30, 21.96783, 10.996, 0.186, 1031.2
04:52:35, 21.98495, 10.896, 0.186, 1031.2
04:52:40, 21.95926, 10.999, 0.183, 1030.9
04:52:45, 21.94214, 10.970, 0.191, 1031.7
04:52:50, 21.93358, 10.993, 0.187, 1031.3
04:52:55, 21.93358, 10.947, 0.188, 1031.4
04:53:00, 21.90789, 10.982, 0.181, 1030.7
04:53:06, 21.87363, 10.976, 0.185, 1031.1
04:53:11, 21.83931, 10.971, 0.190, 1031.6
04:53:16, 21.80505, 10.980, 0.183, 1030.9
04:53:21, 21.85650, 10.659, 0.186, 1031.2
04:53:26, 21.83075, 10.966, 0.184, 1031.0
04:53:31, 21.79649, 10.946, 0.192, 1031.8
04:53:36, 21.78792, 10.968, 0.187, 1031.3
04:53:41, 21.77079, 10.963, 0.186, 1031.2
04:53:47, 21.72795, 10.933, 0.189, 1031.5
04:53:52, 21.71082, 10.972, 0.184, 1031.0
04:53:57, 21.72795, 10.788, 0.187, 1031.3
04:54:02, 21.71082, 10.965, 0.183, 1030.9
04:54:07, 21.69369, 11.021, 0.185, 1031.1
04:54:12, 21.69369, 11.018, 0.188, 1031.4
04:54:17, 21.71082, 11.000, 0.187, 1031.3
04:54:22, 21.71082, 11.143, 0.186, 1031.2
04:54:28, 21.71939, 11.018, 0.190, 1031.6
04:54:33, 21.73652, 11.000, 0.186, 1031.2
04:54:38, 21.72795, 11.024, 0.182, 1030.8
04:54:43, 21.71939, 11.005, 0.191, 1031.7
04:54:48, 21.71082, 11.041, 0.185, 1031.1
04:54:53, 21.69369, 11.020, 0.189, 1031.5
04:54:58, 21.69369, 11.013, 0.189, 1031.5
04:55:03, 21.69369, 11.014, 0.191, 1031.7
04:55:09, 21.67655, 11.044, 0.189, 1031.5
04:55:14, 21.66798, 11.036, 0.186, 1031.2
04:55:19, 21.65941, 11.035, 0.183, 1030.9
04:55:24, 21.66798, 10.931, 0.189, 1031.5
04:55:29, 21.66798, 10.990, 0.186, 1031.2
04:55:34, 21.66798, 11.013, 0.186, 1031.2
04:55:39, 21.66798, 11.027, 0.188, 1031.4
04:55:45, 21.67655, 10.977, 0.190, 1031.6
04:55:50, 21.70225, 11.065, 0.192, 1031.8
04:55:55, 21.72795, 11.073, 0.189, 1031.5
04:56:00, 21.74509, 11.000, 0.187, 1031.3
04:56:05, 21.75366, 11.399, 0.191, 1031.7
04:56:11, 21.78792, 10.958, 0.189, 1031.5
04:56:16, 21.77935, 11.041, 0.189, 1031.5
04:56:21, 21.77079, 11.038, 0.189, 1031.5
04:56:26, 21.76222, 10.976, 0.186, 1031.2
04:56:32, 21.74509, 10.998, 0.189, 1031.5
04:56:37, 21.71939, 11.024, 0.189, 1031.5
04:56:42, 21.71082, 11.037, 0.187, 1031.3
04:56:48, 21.71082, 11.017, 0.190, 1031.6
04:56:53, 21.70225, 10.996, 0.193, 1031.9
04:56:58, 21.69369, 11.141, 0.187, 1031.3
04:57:03, 21.68512, 10.984, 0.188, 1031.4
04:57:08, 21.68512, 11.022, 0.192, 1031.8
04:57:19, 21.66798, 11.055, 0.189, 1031.5
04:57:24, 21.65941, 11.031, 0.190, 1031.6
04:57:29, 21.65941, 11.036, 0.185, 1031.1

0422202604:57:49, 21.66798, 11.407, 0.188, 1031.4

0422202604:57:54, 21.67655, 11.369, 0.193, 1031.9

04222026
04222026
0422202604:58:03, 21.67655, 11.419, 0.187, 1031.3

0422202604:58:06, 21.67655, 11.403, 0.184, 1031.0
04:58:11, 21.66798, 11.405, 0.190, 1031.6
04:58:16, 21.66798, 11.401, 0.191, 1031.7
04:58:21, 21.66798, 11.407, 0.189, 1031.5
04:58:26, 21.66798, 11.404, 0.189, 1031.5
04:58:31, 21.67655, 11.406, 0.192, 1031.8
04:58:36, 21.67655, 11.412, 0.190, 1031.6
04:58:42, 21.70225, 11.404, 0.188, 1031.4
04:58:47, 21.71082, 11.404, 0.191, 1031.7
04:58:52, 21.71082, 11.404, 0.191, 1031.7
04:58:57, 21.71082, 11.407, 0.188, 1031.4
04:59:02, 21.70225, 11.402, 0.193, 1031.9
04:59:07, 21.70225, 11.401, 0.188, 1031.4
04:59:12, 21.69369, 11.404, 0.192, 1031.8
04:59:17, 21.68512, 11.399, 0.190, 1031.6
04:59:23, 21.66798, 11.392, 0.190, 1031.6
04:59:28, 21.67655, 11.409, 0.190, 1031.6
04:59:33, 21.67655, 11.433, 0.188, 1031.4
04:59:38, 21.67655, 11.368, 0.189, 1031.5
04:59:43, 21.67655, 11.426, 0.190, 1031.6
04:59:48, 21.66798, 11.400, 0.188, 1031.4
04:59:53, 21.65084, 11.396, 0.188, 1031.4
04:59:58, 21.65941, 11.372, 0.190, 1031.6
05:00:04, 21.66798, 11.391, 0.187, 1031.3
05:00:09, 21.66798, 11.394, 0.191, 1031.7
05:00:14, 21.67655, 11.396, 0.186, 1031.2
05:00:19, 21.66798, 11.392, 0.190, 1031.6
05:00:24, 21.66798, 11.394, 0.190, 1031.6
05:00:29, 21.65941, 11.391, 0.187, 1031.3
05:00:34, 21.65941, 11.388, 0.189, 1031.5
05:00:39, 21.65941, 11.396, 0.188, 1031.4
05:00:44, 21.65941, 11.394, 0.189, 1031.5
05:00:50, 21.66798, 11.413, 0.190, 1031.6
05:00:55, 21.67655, 11.414, 0.190, 1031.6
05:01:00, 21.70225, 10.911, 0.187, 1031.3
05:01:05, 21.91645, 10.944, 0.192, 1031.8
05:01:10, 22.04488, 11.315, 0.186, 1031.2
05:01:15, 22.13048, 11.387, 0.187, 1031.3

0422202605:01:24, 22.23318, 11.380, 0.189, 1031.5

04222026
0422202605:02:30, 22.63523, 11.324, 0.187, 1031.3
05:02:35, 22.60958, 11.485, 0.188, 1031.4

0422202605:02:39, 22.59249, 11.170, 0.191, 1031.7

0422202605:02:46, 22.57538, 11.173, 0.193, 1031.9
05:02:51, 22.62668, 11.236, 0.192, 1031.8
05:02:56, 22.62668, 11.342, 0.188, 1031.4
05:03:01, 22.58393, 11.284, 0.191, 1031.7
05:03:07, 22.60103, 11.331, 0.190, 1031.6
05:03:12, 22.68652, 11.130, 0.192, 1031.8

04222026
04222026
04222026
0422202605:03:20, 22.61813, 11.308, 0.194, 1032.0
05:03:25, 22.58393, 11.363, 0.187, 1031.3

04222026
0422202605:03:42, 22.51553, 11.312, 0.189, 1031.5

0422202605:03:45, 22.49842, 11.279, 0.194, 1032.0
05:03:50, 22.55828, 11.427, 0.191, 1031.7
05:03:56, 22.62668, 11.404, 0.193, 1031.9

0422202605:04:01, 22.70362, 10.191, 0.192, 1031.8
05:04:07, 22.69507, 11.201, 0.190, 1031.6

0422202605:04:52, 22.79763, 10.171, 0.193, 1031.9
05:04:57, 22.77200, 10.178, 0.194, 1032.0
05:05:02, 22.75490, 10.180, 0.190, 1031.6
05:05:08, 22.73781, 10.180, 0.195, 1032.1
05:05:13, 22.80618, 10.187, 0.191, 1031.7
05:05:18, 22.88309, 10.180, 0.190, 1031.6
05:05:23, 22.95149, 10.835, 0.189, 1031.5

04222026
0422202605:05:29, 22.98566, 10.508, 0.190, 1031.6

0422202605:07:54, 22.83182, 11.317, 0.192, 1031.8
05:07:59, 22.83182, 11.286, 0.189, 1031.5
05:08:04, 22.90872, 11.372, 0.192, 1031.8
05:08:09, 23.03691, 11.443, 0.189, 1031.5
05:08:14, 23.15647, 11.397, 0.191, 1031.7
05:08:19, 23.20770, 11.298, 0.191, 1031.7

0422202605:12:49, 23.71973, 11.554, 0.197, 1032.3
05:12:54, 23.66003, 11.557, 0.201, 1032.7
05:12:59, 23.67709, 11.557, 0.193, 1031.9
05:13:04, 23.66856, 11.538, 0.199, 1032.5
05:13:10, 23.73678, 11.317, 0.189, 1031.5
05:13:15, 23.88172, 11.667, 0.199, 1032.5
05:13:20, 23.92434, 11.581, 0.197, 1032.3
05:13:25, 24.08632, 11.572, 0.193, 1031.9
05:13:30, 24.07780, 11.542, 0.197, 1032.3
05:13:35, 24.06076, 11.564, 0.196, 1032.2
05:13:40, 24.03520, 11.569, 0.195, 1032.1
05:13:45, 24.00957, 11.577, 0.195, 1032.1
05:13:50, 23.97548, 11.573, 0.198, 1032.4
05:13:56, 23.95844, 11.577, 0.196, 1032.2
05:14:01, 23.92434, 11.582, 0.195, 1032.1
05:14:06, 23.92434, 11.569, 0.198, 1032.4
05:14:11, 23.90730, 11.579, 0.193, 1031.9
05:14:16, 23.83910, 11.565, 0.198, 1032.4
05:14:21, 23.78794, 11.574, 0.197, 1032.3
05:14:26, 23.71973, 11.566, 0.195, 1032.1
05:14:31, 23.69414, 12.034, 0.197, 1032.3
05:14:37, 23.71973, 11.565, 0.198, 1032.4
05:14:42, 23.73678, 11.563, 0.196, 1032.2
05:14:47, 23.75384, 11.563, 0.197, 1032.3
05:14:52, 23.75384, 11.565, 0.200, 1032.6
05:14:57, 23.75384, 11.564, 0.204, 1032.9
05:15:02, 23.72825, 11.564, 0.200, 1032.6
05:15:07, 23.71120, 11.565, 0.192, 1031.8
05:15:12, 23.69414, 11.564, 0.203, 1032.8
05:15:18, 23.66856, 11.565, 0.199, 1032.5
05:15:23, 23.67709, 11.565, 0.199, 1032.5
05:15:28, 23.65150, 11.564, 0.198, 1032.4
05:15:33, 23.62591, 11.564, 0.194, 1032.0
05:15:38, 23.61738, 11.562, 0.196, 1032.2
05:15:43, 23.61738, 11.563, 0.198, 1032.4
05:15:48, 23.59179, 11.563, 0.197, 1032.3
05:15:53, 23.60032, 11.562, 0.194, 1032.0
05:15:59, 23.59179, 11.562, 0.201, 1032.7
05:16:04, 23.57473, 11.559, 0.193, 1031.9
05:16:09, 23.57473, 11.552, 0.199, 1032.5
05:16:14, 23.56620, 11.550, 0.201, 1032.7
05:16:19, 23.57473, 11.539, 0.200, 1032.6
05:16:24, 23.59179, 11.532, 0.198, 1032.4
05:16:29, 23.59179, 11.525, 0.194, 1032.0
05:16:34, 23.59179, 11.524, 0.199, 1032.5
05:16:40, 23.57473, 11.524, 0.195, 1032.1
05:16:45, 23.50648, 11.522, 0.199, 1032.5
05:16:50, 23.48942, 11.522, 0.199, 1032.5
05:16:55, 23.50648, 11.520, 0.201, 1032.7
05:17:00, 23.51501, 11.519, 0.195, 1032.1
05:17:05, 23.48942, 11.513, 0.195, 1032.1
05:17:10, 23.47229, 11.510, 0.199, 1032.5
05:17:15, 23.48089, 11.502, 0.204, 1032.9
05:17:21, 23.48942, 11.495, 0.193, 1031.9
05:17:26, 23.47229, 11.491, 0.198, 1032.4
05:17:31, 23.46376, 11.487, 0.200, 1032.6
05:17:36, 23.44670, 11.484, 0.199, 1032.5
05:17:41, 23.46376, 11.483, 0.196, 1032.2
05:17:46, 23.47229, 11.483, 0.199, 1032.5
05:17:51, 23.45523, 11.482, 0.199, 1032.5
05:17:56, 23.42963, 11.482, 0.201, 1032.7
05:18:02, 23.44670, 11.481, 0.200, 1032.6
05:18:07, 23.46376, 11.479, 0.197, 1032.3
05:18:12, 23.45523, 11.478, 0.195, 1032.1
05:18:17, 23.40403, 11.466, 0.197, 1032.3
05:18:22, 23.42109, 11.462, 0.203, 1032.8
05:18:27, 23.42109, 11.453, 0.200, 1032.6
05:18:32, 23.42109, 11.450, 0.204, 1032.9
05:18:37, 23.42963, 11.444, 0.201, 1032.7
05:18:43, 23.44670, 11.443, 0.200, 1032.6
05:18:48, 23.48942, 11.443, 0.200, 1032.6
05:18:53, 23.53208, 11.442, 0.199, 1032.5
05:18:58, 23.60032, 11.435, 0.201, 1032.7
05:19:03, 23.66003, 11.516, 0.201, 1032.7
05:19:08, 23.71973, 11.502, 0.198, 1032.4
05:19:13, 23.75384, 11.463, 0.200, 1032.6
05:19:18, 23.77942, 11.442, 0.203, 1032.8
05:19:23, 23.76236, 11.455, 0.201, 1032.7
05:19:29, 23.73678, 11.481, 0.198, 1032.4
05:19:34, 23.75384, 11.482, 0.200, 1032.6
05:19:39, 23.73678, 11.483, 0.201, 1032.7
05:19:44, 23.73678, 11.483, 0.203, 1032.8
05:19:49, 23.73678, 11.476, 0.197, 1032.3
05:19:54, 23.82205, 11.510, 0.200, 1032.6
05:19:59, 23.97548, 11.445, 0.199, 1032.5
05:20:04, 24.05224, 11.472, 0.204, 1032.9
05:20:10, 24.12892, 11.416, 0.213, 1033.8
05:20:15, 24.12040, 11.482, 0.195, 1032.1
05:20:20, 24.06076, 11.482, 0.198, 1032.4
05:20:25, 23.99253, 11.485, 0.203, 1032.8
05:20:30, 23.96696, 11.489, 0.201, 1032.7
05:20:35, 23.94139, 11.498, 0.199, 1032.5
05:20:40, 23.92434, 11.504, 0.201, 1032.7
05:20:45, 23.89025, 11.500, 0.200, 1032.6
05:20:51, 23.88172, 11.511, 0.200, 1032.6
05:20:56, 23.84762, 11.511, 0.205, 1033.0
05:21:01, 23.81352, 11.512, 0.200, 1032.6
05:21:06, 23.79647, 11.512, 0.201, 1032.7
05:21:11, 23.79647, 11.511, 0.201, 1032.7
05:21:16, 23.80499, 11.483, 0.197, 1032.3
05:21:21, 23.78794, 11.504, 0.195, 1032.1
05:21:26, 23.76236, 11.508, 0.201, 1032.7
05:21:32, 23.75384, 11.525, 0.200, 1032.6
05:21:37, 23.73678, 11.505, 0.198, 1032.4
05:21:42, 23.74531, 11.494, 0.199, 1032.5
05:21:47, 23.75384, 11.497, 0.203, 1032.8
05:21:52, 23.73678, 11.441, 0.201, 1032.7
05:21:57, 23.73678, 11.301, 0.197, 1032.3

0416202606:18:23, 22.3, -8.517, 0.070, 1019.8
06:18:28, 22.3, -7.964, 0.074, 1020.2
06:18:33, 22.3, -8.156, 0.075, 1020.3
06:18:38, 22.3, -8.448, 0.071, 1019.9
06:18:43, 22.3, -8.473, 0.070, 1019.8
06:18:48, 22.3, -8.491, 0.073, 1020.1

0416202606:18:59, 22.3, -8.979, 0.072, 1020.0
06:19:01, 22.3, -8.987, 0.076, 1020.4
06:19:02, 22.3, -8.848, 0.071, 1019.9
06:19:03, 22.3, -8.866, 0.075, 1020.3
06:19:04, 22.3, -9.001, 0.071, 1019.9
06:19:05, 22.3, -8.666, 0.075, 1020.3
06:19:06, 22.3, -8.525, 0.071, 1019.9
06:19:07, 22.3, -8.810, 0.074, 1020.2
06:19:08, 22.3, -9.051, 0.074, 1020.2
06:19:09, 22.3, -8.823, 0.069, 1019.7
06:19:11, 22.3, -8.712, 0.074, 1020.2
06:19:12, 22.3, -8.507, 0.072, 1020.0
06:19:13, 22.3, -9.102, 0.075, 1020.3
06:19:14, 22.3, -8.785, 0.076, 1020.4
06:19:15, 22.3, -8.913, 0.069, 1019.7
06:19:16, 22.3, -8.895, 0.070, 1019.8
06:19:17, 22.3, -8.741, 0.071, 1019.9
06:19:18, 22.3, -8.491, 0.068, 1019.6
06:19:20, 22.3, -8.589, 0.069, 1019.7
06:19:21, 22.3, -8.591, 0.075, 1020.3
06:19:22, 22.3, -8.456, 0.069, 1019.7
06:19:23, 22.3, -8.641, 0.073, 1020.1
06:19:24, 22.3, -8.662, 0.072, 1020.0
06:19:25, 22.3, -8.515, 0.075, 1020.3
06:19:26, 22.3, -8.906, 0.070, 1019.8
06:19:27, 22.3, -8.937, 0.070, 1019.8
06:19:28, 22.3, -9.260, 0.072, 1020.0
06:19:30, 22.3, -9.123, 0.072, 1020.0
06:19:31, 22.3, -8.926, 0.073, 1020.1
06:19:32, 22.3, -8.590, 0.073, 1020.1
06:19:33, 22.3, -8.380, 0.074, 1020.2
06:19:34, 22.3, -8.733, 0.069, 1019.7
06:19:35, 22.3, -8.433, 0.076, 1020.4

0416202606:19:43, 22.3, -8.767, 0.075, 1020.3
06:19:44, 22.3, -8.802, 0.069, 1019.7
06:19:46, 22.3, -8.652, 0.073, 1020.1
06:19:47, 22.3, -8.845, 0.071, 1019.9
06:19:48, 22.3, -8.879, 0.070, 1019.8
06:19:49, 22.3, -9.113, 0.077, 1020.5
06:19:50, 22.3, -8.691, 0.077, 1020.5
06:19:51, 22.3, -8.576, 0.074, 1020.2
06:19:52, 22.3, -8.653, 0.073, 1020.1
06:19:53, 22.3, -8.665, 0.073, 1020.1
06:19:54, 22.3, -8.917, 0.076, 1020.4
06:19:56, 22.3, -9.024, 0.076, 1020.4
06:19:57, 22.3, -9.183, 0.065, 1019.4
06:19:58, 22.3, -9.568, 0.071, 1019.9
06:19:59, 22.3, -9.333, 0.072, 1020.0
06:20:00, 22.3, -9.258, 0.070, 1019.8
06:20:01, 22.3, -9.224, 0.072, 1020.0
06:20:02, 22.3, -8.893, 0.071, 1019.9
06:20:03, 22.3, -8.983, 0.071, 1019.9
06:20:04, 22.3, -9.111, 0.072, 1020.0
06:20:06, 22.3, -9.202, 0.070, 1019.8
06:20:07, 22.3, -9.303, 0.071, 1019.9
06:20:08, 22.3, -9.172, 0.070, 1019.8
06:20:09, 22.3, -9.388, 0.070, 1019.8
06:20:10, 22.3, -9.858, 0.073, 1020.1
06:20:11, 22.3, -9.399, 0.078, 1020.6
06:20:12, 22.3, -9.275, 0.072, 1020.0
06:20:13, 22.3, -9.217, 0.073, 1020.1
06:20:15, 22.3, -9.254, 0.073, 1020.1
06:20:16, 22.3, -9.389, 0.076, 1020.4
06:20:17, 22.3, -9.355, 0.074, 1020.2
06:20:18, 22.3, -9.310, 0.072, 1020.0
06:20:19, 22.3, -9.304, 0.076, 1020.4
06:20:20, 22.3, -9.027, 0.074, 1020.2
06:20:21, 22.3, -9.212, 0.071, 1019.9
06:20:22, 22.3, -9.398, 0.070, 1019.8
06:20:23, 22.3, -9.389, 0.070, 1019.8
06:20:25, 22.3, -8.987, 0.072, 1020.0
06:20:26, 22.3, -9.653, 0.075, 1020.3
06:20:27, 22.3, -9.245, 0.072, 1020.0
06:20:28, 22.3, -9.122, 0.076, 1020.4
06:20:29, 22.3, -8.990, 0.075, 1020.3
06:20:30, 22.3, -9.163, 0.075, 1020.3
06:20:31, 22.3, -9.149, 0.070, 1019.8
06:20:32, 22.3, -9.134, 0.073, 1020.1
06:20:33, 22.3, -9.208, 0.075, 1020.3
06:20:35, 22.3, -9.213, 0.073, 1020.1
06:20:36, 22.3, -9.449, 0.073, 1020.1
06:20:37, 22.3, -9.328, 0.071, 1019.9
06:20:38, 22.3, -9.319, 0.069, 1019.7
06:20:39, 22.3, -9.132, 0.070, 1019.8
06:20:40, 22.3, -9.085, 0.072, 1020.0
06:20:41, 22.3, -9.248, 0.071, 1019.9
06:20:42, 22.3, -9.285, 0.074, 1020.2
06:20:44, 22.3, -9.299, 0.072, 1020.0
06:20:45, 22.3, -9.847, 0.076, 1020.4
06:20:46, 22.3, -9.311, 0.071, 1019.9
06:20:47, 22.3, -9.234, 0.077, 1020.5
06:20:48, 22.3, -9.332, 0.074, 1020.2
06:20:49, 22.3, -9.346, 0.078, 1020.6
06:20:50, 22.3, -9.478, 0.073, 1020.1
06:20:51, 22.3, -9.386, 0.074, 1020.2
06:20:52, 22.3, -9.312, 0.074, 1020.2
06:20:54, 22.3, -9.161, 0.073, 1020.1
06:20:55, 22.3, -9.248, 0.072, 1020.0
06:20:56, 22.3, -9.454, 0.076, 1020.4
06:20:57, 22.3, -9.463, 0.075, 1020.3
06:20:58, 22.3, -9.341, 0.076, 1020.4
06:20:59, 22.3, -9.269, 0.069, 1019.7
06:21:00, 22.3, -9.864, 0.075, 1020.3
06:21:01, 22.3, -9.648, 0.071, 1019.9
06:21:02, 22.3, -9.392, 0.068, 1019.6
06:21:04, 22.3, -9.527, 0.071, 1019.9
06:21:05, 22.3, -9.517, 0.074, 1020.2
06:21:06, 22.3, -9.507, 0.072, 1020.0
06:21:07, 22.3, -9.408, 0.072, 1020.0
06:21:08, 22.3, -9.413, 0.077, 1020.5
06:21:09, 22.3, -9.552, 0.070, 1019.8
06:21:10, 22.3, -9.520, 0.073, 1020.1
06:21:11, 22.3, -9.594, 0.075, 1020.3
06:21:13, 22.3, -9.519, 0.072, 1020.0
06:21:14, 22.3, -9.438, 0.070, 1019.8
06:21:15, 22.3, -9.710, 0.072, 1020.0
06:21:16, 22.3, -9.694, 0.070, 1019.8
06:21:17, 22.3, -9.650, 0.075, 1020.3
06:21:18, 22.3, -9.715, 0.070, 1019.8
06:21:19, 22.3, -9.505, 0.074, 1020.2
06:21:20, 22.3, -9.518, 0.072, 1020.0
06:21:21, 22.3, -9.682, 0.073, 1020.1
06:21:23, 22.3, -9.448, 0.072, 1020.0
06:21:24, 22.3, -9.518, 0.075, 1020.3
06:21:25, 22.3, -9.503, 0.074, 1020.2
06:21:26, 22.3, -9.587, 0.072, 1020.0
06:21:27, 22.3, -9.597, 0.069, 1019.7
06:21:28, 22.3, -9.655, 0.073, 1020.1
06:21:29, 22.3, -9.682, 0.075, 1020.3
06:21:30, 22.3, -10.052, 0.073, 1020.1
06:21:31, 22.3, -9.771, 0.070, 1019.8
06:21:33, 22.3, -9.648, 0.071, 1019.9
06:21:34, 22.3, -9.315, 0.071, 1019.9
06:21:35, 22.3, -9.356, 0.075, 1020.3
06:21:36, 22.3, -9.383, 0.074, 1020.2
06:21:37, 22.3, -9.602, 0.071, 1019.9
06:21:38, 22.3, -9.732, 0.074, 1020.2
06:21:39, 22.3, -9.816, 0.072, 1020.0
06:21:40, 22.3, -9.517, 0.069, 1019.7
06:21:42, 22.3, -9.836, 0.073, 1020.1
06:21:43, 22.3, -9.815, 0.074, 1020.2
06:21:44, 22.3, -9.785, 0.073, 1020.1
06:21:45, 22.3, -9.854, 0.070, 1019.8
06:21:46, 22.3, -9.723, 0.074, 1020.2
06:21:47, 22.3, -9.920, 0.072, 1020.0
06:21:48, 22.3, -9.994, 0.071, 1019.9
06:21:49, 22.3, -9.925, 0.072, 1020.0
06:21:50, 22.3, -9.968, 0.073, 1020.1
06:21:52, 22.3, -9.980, 0.074, 1020.2
06:21:53, 22.3, -9.719, 0.073, 1020.1
06:21:54, 22.3, -9.856, 0.071, 1019.9
06:21:55, 22.3, -9.859, 0.075, 1020.3
06:21:56, 22.3, -9.790, 0.072, 1020.0
06:21:57, 22.3, -9.600, 0.068, 1019.6
06:21:58, 22.3, -9.718, 0.071, 1019.9
06:21:59, 22.3, -9.928, 0.074, 1020.2
06:22:00, 22.3, -9.611, 0.072, 1020.0
06:22:02, 22.3, -9.597, 0.072, 1020.0
06:22:03, 22.3, -9.693, 0.073, 1020.1
06:22:04, 22.3, -9.602, 0.066, 1019.5
06:22:05, 22.3, -9.687, 0.075, 1020.3
06:22:06, 22.3, -9.905, 0.075, 1020.3
06:22:07, 22.3, -10.580, 0.071, 1019.9
06:22:08, 22.3, -10.386, 0.073, 1020.1
06:22:09, 22.3, -9.877, 0.074, 1020.2
06:22:11, 22.3, -9.758, 0.073, 1020.1
06:22:12, 22.3, -9.540, 0.072, 1020.0
06:22:13, 22.3, -9.556, 0.075, 1020.3
06:22:14, 22.3, -9.656, 0.074, 1020.2
06:22:15, 22.3, -9.720, 0.071, 1019.9
06:22:16, 22.3, -9.794, 0.072, 1020.0
06:22:17, 22.3, -10.010, 0.070, 1019.8
06:22:18, 22.3, -9.717, 0.072, 1020.0
06:22:19, 22.3, -10.090, 0.068, 1019.6
06:22:21, 22.3, -9.808, 0.074, 1020.2
06:22:22, 22.3, -9.998, 0.070, 1019.8
06:22:23, 22.3, -9.650, 0.075, 1020.3
06:22:24, 22.3, -9.768, 0.074, 1020.2
06:22:25, 22.3, -9.850, 0.072, 1020.0
06:22:26, 22.3, -9.896, 0.072, 1020.0
06:22:27, 22.3, -9.864, 0.074, 1020.2
06:22:28, 22.3, -9.986, 0.075, 1020.3
06:22:29, 22.3, -9.855, 0.072, 1020.0
06:22:31, 22.3, -9.523, 0.072, 1020.0
06:22:32, 22.3, -9.523, 0.074, 1020.2
06:22:33, 22.3, -10.043, 0.075, 1020.3
06:22:34, 22.3, -9.745, 0.072, 1020.0
06:22:35, 22.3, -9.816, 0.074, 1020.2
06:22:36, 22.3, -9.638, 0.075, 1020.3
06:22:37, 22.3, -9.589, 0.072, 1020.0
06:22:38, 22.3, -9.742, 0.074, 1020.2
06:22:40, 22.3, -9.798, 0.073, 1020.1
06:22:41, 22.3, -9.875, 0.070, 1019.8
06:22:42, 22.3, -9.717, 0.074, 1020.2
06:22:43, 22.3, -9.800, 0.077, 1020.5
06:22:44, 22.3, -9.723, 0.074, 1020.2
06:22:45, 22.3, -9.756, 0.071, 1019.9
06:22:46, 22.3, -9.920, 0.074, 1020.2
06:22:47, 22.3, -10.246, 0.070, 1019.8
06:22:48, 22.3, -9.760, 0.072, 1020.0
06:22:50, 22.3, -9.932, 0.074, 1020.2
06:22:51, 22.3, -9.653, 0.073, 1020.1
06:22:52, 22.3, -9.787, 0.072, 1020.0
06:22:53, 22.3, -9.782, 0.073, 1020.1
06:22:54, 22.3, -9.404, 0.070, 1019.8
06:22:55, 22.3, -9.645, 0.076, 1020.4
06:22:56, 22.3, -9.587, 0.078, 1020.6
06:22:57, 22.3, -9.775, 0.074, 1020.2
06:22:58, 22.3, -9.596, 0.072, 1020.0
06:23:00, 22.3, -9.641, 0.074, 1020.2
06:23:01, 22.3, -10.389, 0.069, 1019.7
06:23:02, 22.3, -9.831, 0.075, 1020.3
06:23:03, 22.3, -9.923, 0.073, 1020.1
06:23:04, 22.3, -10.055, 0.072, 1020.0
06:23:05, 22.3, -9.955, 0.072, 1020.0
06:23:06, 22.3, -9.520, 0.071, 1019.9
06:23:07, 22.3, -9.654, 0.070, 1019.8
06:23:09, 22.3, -9.744, 0.073, 1020.1
06:23:10, 22.3, -9.788, 0.071, 1019.9
06:23:11, 22.3, -9.649, 0.071, 1019.9
06:23:12, 22.3, -9.656, 0.075, 1020.3
06:23:13, 22.3, -10.040, 0.076, 1020.4
06:23:14, 22.3, -9.412, 0.073, 1020.1
06:23:15, 22.3, -9.255, 0.073, 1020.1
06:23:16, 22.3, -9.524, 0.070, 1019.8
06:23:17, 22.3, -9.600, 0.073, 1020.1
06:23:19, 22.3, -9.648, 0.074, 1020.2
06:23:20, 22.3, -9.691, 0.073, 1020.1
06:23:21, 22.3, -9.716, 0.073, 1020.1
06:23:22, 22.3, -9.523, 0.072, 1020.0
06:23:23, 22.3, -9.454, 0.075, 1020.3
06:23:24, 22.3, -9.612, 0.074, 1020.2
06:23:25, 22.3, -10.053, 0.076, 1020.4
06:23:26, 22.3, -9.845, 0.071, 1019.9
06:23:27, 22.3, -9.655, 0.074, 1020.2
06:23:29, 22.3, -9.455, 0.072, 1020.0
06:23:30, 22.3, -9.381, 0.071, 1019.9
06:23:31, 22.3, -9.627, 0.071, 1019.9
06:23:32, 22.3, -9.492, 0.072, 1020.0
06:23:33, 22.3, -9.386, 0.074, 1020.2
06:23:34, 22.3, -9.724, 0.071, 1019.9
06:23:35, 22.3, -9.788, 0.079, 1020.7
06:23:36, 22.3, -9.715, 0.075, 1020.3
06:23:38, 22.3, -9.954, 0.071, 1019.9
06:23:39, 22.3, -10.041, 0.073, 1020.1
06:23:40, 22.3, -10.327, 0.073, 1020.1
06:23:41, 22.3, -10.122, 0.074, 1020.2
06:23:42, 22.3, -9.802, 0.072, 1020.0
06:23:43, 22.3, -9.591, 0.071, 1019.9
06:23:44, 22.3, -9.721, 0.077, 1020.5
06:23:45, 22.3, -9.820, 0.075, 1020.3
06:23:46, 22.3, -9.825, 0.077, 1020.5
06:23:48, 22.3, -10.054, 0.076, 1020.4
06:23:49, 22.3, -10.124, 0.072, 1020.0
06:23:50, 22.3, -9.915, 0.077, 1020.5
06:23:51, 22.3, -9.923, 0.075, 1020.3
06:23:52, 22.3, -9.933, 0.070, 1019.8
06:23:53, 22.3, -9.800, 0.076, 1020.4
06:23:54, 22.3, -9.780, 0.076, 1020.4
06:23:55, 22.3, -9.684, 0.075, 1020.3
06:23:56, 22.3, -9.664, 0.074, 1020.2
06:23:58, 22.3, -9.721, 0.073, 1020.1
06:23:59, 22.3, -9.837, 0.069, 1019.7
06:24:00, 22.3, -10.251, 0.072, 1020.0
06:24:01, 22.3, -9.811, 0.071, 1019.9
06:24:02, 22.3, -9.651, 0.071, 1019.9
06:24:03, 22.3, -9.658, 0.077, 1020.5
06:24:04, 22.3, -10.256, 0.074, 1020.2
06:24:05, 22.3, -10.349, 0.074, 1020.2
06:24:07, 22.3, -10.320, 0.078, 1020.6
06:24:08, 22.3, -10.299, 0.075, 1020.3
06:24:09, 22.3, -10.265, 0.072, 1020.0
06:24:10, 22.3, -10.255, 0.073, 1020.1
06:24:11, 22.3, -10.259, 0.074, 1020.2
06:24:12, 22.3, -9.978, 0.074, 1020.2
06:24:13, 22.3, -9.894, 0.076, 1020.4
06:24:14, 22.3, -10.328, 0.070, 1019.8
06:24:15, 22.3, -10.138, 0.075, 1020.3
06:24:17, 22.3, -10.200, 0.073, 1020.1
06:24:18, 22.3, -10.044, 0.077, 1020.5
06:24:19, 22.3, -10.057, 0.073, 1020.1
06:24:20, 22.3, -10.062, 0.071, 1019.9
06:24:21, 22.3, -10.181, 0.075, 1020.3
06:24:22, 22.3, -10.239, 0.076, 1020.4
06:24:23, 22.3, -10.123, 0.076, 1020.4
06:24:24, 22.3, -10.198, 0.080, 1020.8
06:24:25, 22.3, -10.501, 0.073, 1020.1
06:24:27, 22.3, -10.147, 0.070, 1019.8
06:24:28, 22.3, -10.092, 0.076, 1020.4
06:24:29, 22.3, -10.119, 0.081, 1020.9
06:24:30, 22.3, -10.235, 0.076, 1020.4
06:24:31, 22.3, -10.242, 0.078, 1020.6
06:24:32, 22.3, -10.315, 0.073, 1020.1
06:24:33, 22.3, -10.323, 0.075, 1020.3
06:24:34, 22.3, -10.339, 0.073, 1020.1
06:24:35, 22.3, -10.384, 0.071, 1019.9
06:24:37, 22.3, -10.430, 0.070, 1019.8
06:24:38, 22.3, -10.254, 0.071, 1019.9
06:24:39, 22.3, -10.594, 0.071, 1019.9
06:24:40, 22.3, -10.304, 0.071, 1019.9
06:24:41, 22.3, -10.057, 0.078, 1020.6
06:24:42, 22.3, -9.789, 0.074, 1020.2
06:24:43, 22.3, -10.008, 0.076, 1020.4
06:24:44, 22.3, -10.119, 0.079, 1020.7
06:24:46, 22.3, -9.929, 0.073, 1020.1
06:24:47, 22.3, -9.950, 0.076, 1020.4
06:24:48, 22.3, -9.802, 0.074, 1020.2
06:24:49, 22.3, -10.104, 0.074, 1020.2
06:24:50, 22.3, -10.124, 0.075, 1020.3
06:24:51, 22.3, -10.183, 0.071, 1019.9
06:24:52, 22.3, -10.405, 0.075, 1020.3
06:24:53, 22.3, -9.943, 0.069, 1019.7
06:24:54, 22.3, -9.853, 0.072, 1020.0
06:24:56, 22.3, -10.059, 0.071, 1019.9
06:24:57, 22.3, -10.032, 0.074, 1020.2
06:24:58, 22.3, -9.978, 0.073, 1020.1
06:24:59, 22.3, -9.871, 0.073, 1020.1
06:25:00, 22.3, -9.893, 0.071, 1019.9
06:25:01, 22.3, -9.921, 0.077, 1020.5
06:25:02, 22.3, -10.120, 0.080, 1020.8
06:25:03, 22.3, -10.287, 0.079, 1020.7
06:25:04, 22.3, -10.264, 0.070, 1019.8
06:25:06, 22.3, -10.176, 0.073, 1020.1
06:25:07, 22.3, -10.014, 0.073, 1020.1
06:25:08, 22.3, -10.125, 0.072, 1020.0
06:25:09, 22.3, -10.000, 0.071, 1019.9
06:25:10, 22.3, -10.175, 0.071, 1019.9
06:25:11, 22.3, -10.285, 0.074, 1020.2
06:25:12, 22.3, -10.318, 0.075, 1020.3
06:25:13, 22.3, -10.191, 0.072, 1020.0
06:25:15, 22.3, -10.162, 0.076, 1020.4
06:25:16, 22.3, -10.127, 0.074, 1020.2
06:25:17, 22.3, -10.593, 0.076, 1020.4
06:25:18, 22.3, -10.582, 0.072, 1020.0
06:25:19, 22.3, -10.317, 0.068, 1019.6
06:25:20, 22.3, -10.287, 0.072, 1020.0
06:25:21, 22.3, -10.062, 0.076, 1020.4
06:25:22, 22.3, -9.983, 0.075, 1020.3
06:25:23, 22.3, -10.186, 0.073, 1020.1
06:25:25, 22.3, -10.134, 0.073, 1020.1
06:25:26, 22.3, -10.188, 0.075, 1020.3
06:25:27, 22.3, -10.305, 0.073, 1020.1
06:25:28, 22.3, -10.339, 0.072, 1020.0
06:25:29, 22.3, -10.370, 0.074, 1020.2
06:25:30, 22.3, -10.791, 0.073, 1020.1
06:25:31, 22.3, -10.401, 0.074, 1020.2
06:25:32, 22.3, -10.459, 0.075, 1020.3
06:25:33, 22.3, -10.721, 0.075, 1020.3
06:25:35, 22.3, -10.446, 0.074, 1020.2
06:25:36, 22.3, -10.391, 0.074, 1020.2
06:25:37, 22.3, -10.298, 0.072, 1020.0
06:25:38, 22.3, -10.357, 0.072, 1020.0
06:25:39, 22.3, -10.991, 0.072, 1020.0
06:25:40, 22.3, -10.867, 0.071, 1019.9
06:25:41, 22.3, -10.779, 0.077, 1020.5
06:25:42, 22.3, -10.529, 0.073, 1020.1
06:25:44, 22.3, -10.302, 0.073, 1020.1
06:25:45, 22.3, -10.119, 0.072, 1020.0
06:25:46, 22.3, -9.936, 0.071, 1019.9
06:25:47, 22.3, -9.880, 0.073, 1020.1
06:25:48, 22.3, -9.829, 0.072, 1020.0
06:25:49, 22.3, -9.865, 0.074, 1020.2
06:25:50, 22.3, -10.337, 0.074, 1020.2
06:25:51, 22.3, -10.259, 0.073, 1020.1
06:25:52, 22.3, -10.056, 0.074, 1020.2
06:25:54, 22.3, -10.247, 0.075, 1020.3
06:25:55, 22.3, -10.931, 0.072, 1020.0
06:25:56, 22.3, -10.592, 0.071, 1019.9
06:25:57, 22.3, -10.532, 0.073, 1020.1
06:25:58, 22.3, -10.570, 0.073, 1020.1
06:25:59, 22.3, -10.650, 0.072, 1020.0
06:26:00, 22.3, -10.723, 0.074, 1020.2
06:26:01, 22.3, -10.474, 0.073, 1020.1
06:26:02, 22.3, -10.548, 0.073, 1020.1
06:26:04, 22.3, -10.590, 0.073, 1020.1
06:26:05, 22.3, -10.536, 0.075, 1020.3
06:26:06, 22.3, -10.864, 0.074, 1020.2
06:26:07, 22.3, -10.450, 0.075, 1020.3
06:26:08, 22.3, -10.660, 0.072, 1020.0
06:26:09, 22.3, -10.760, 0.072, 1020.0
06:26:10, 22.3, -10.592, 0.069, 1019.7
06:26:11, 22.3, -10.879, 0.074, 1020.2
06:26:13, 22.3, -10.733, 0.075, 1020.3
06:26:14, 22.3, -10.644, 0.072, 1020.0
06:26:15, 22.3, -10.666, 0.075, 1020.3
06:26:16, 22.3, -10.524, 0.074, 1020.2
06:26:17, 22.3, -10.591, 0.075, 1020.3
06:26:18, 22.3, -10.590, 0.078, 1020.6
06:26:19, 22.3, -10.384, 0.071, 1019.9
06:26:20, 22.3, -10.498, 0.074, 1020.2
06:26:21, 22.3, -10.593, 0.073, 1020.1
06:26:23, 22.3, -10.495, 0.074, 1020.2
06:26:24, 22.3, -10.354, 0.076, 1020.4
06:26:25, 22.3, -11.244, 0.073, 1020.1
06:26:26, 22.3, -10.793, 0.073, 1020.1
06:26:27, 22.3, -10.532, 0.076, 1020.4
06:26:28, 22.3, -10.455, 0.074, 1020.2
06:26:29, 22.3, -10.165, 0.076, 1020.4
06:26:30, 22.3, -10.587, 0.078, 1020.6
06:26:31, 22.3, -10.782, 0.068, 1019.6
06:26:33, 22.3, -10.721, 0.070, 1019.8
06:26:34, 22.3, -10.549, 0.077, 1020.5
06:26:35, 22.3, -10.618, 0.074, 1020.2
06:26:36, 22.3, -10.539, 0.074, 1020.2
06:26:37, 22.3, -10.514, 0.072, 1020.0
06:26:38, 22.3, -10.597, 0.073, 1020.1
06:26:39, 22.3, -10.859, 0.075, 1020.3
06:26:40, 22.3, -10.653, 0.071, 1019.9
06:26:42, 22.3, -10.783, 0.076, 1020.4
06:26:43, 22.3, -10.750, 0.077, 1020.5
06:26:44, 22.3, -10.677, 0.075, 1020.3
06:26:45, 22.3, -10.727, 0.073, 1020.1
06:26:46, 22.3, -10.540, 0.072, 1020.0
06:26:47, 22.3, -10.768, 0.075, 1020.3
06:26:48, 22.3, -10.835, 0.075, 1020.3
06:26:49, 22.3, -10.958, 0.073, 1020.1
06:26:50, 22.3, -10.602, 0.074, 1020.2
06:26:52, 22.3, -10.402, 0.076, 1020.4
06:26:53, 22.3, -10.191, 0.075, 1020.3
06:26:54, 22.3, -9.935, 0.077, 1020.5
06:26:55, 22.3, -9.926, 0.070, 1019.8
06:26:56, 22.3, -10.380, 0.077, 1020.5
06:26:57, 22.3, -10.453, 0.075, 1020.3
06:26:58, 22.3, -10.459, 0.077, 1020.5
06:26:59, 22.3, -10.444, 0.072, 1020.0
06:27:00, 22.3, -11.051, 0.073, 1020.1
06:27:02, 22.3, -10.631, 0.073, 1020.1
06:27:03, 22.3, -10.638, 0.069, 1019.7
06:27:04, 22.3, -10.566, 0.075, 1020.3
06:27:05, 22.3, -10.452, 0.075, 1020.3
06:27:06, 22.3, -10.255, 0.080, 1020.8
06:27:07, 22.3, -10.472, 0.077, 1020.5
06:27:08, 22.3, -10.458, 0.073, 1020.1
06:27:09, 22.3, -10.446, 0.073, 1020.1
06:27:11, 22.3, -10.579, 0.075, 1020.3
06:27:12, 22.3, -10.623, 0.076, 1020.4
06:27:13, 22.3, -10.629, 0.078, 1020.6
06:27:14, 22.3, -10.703, 0.074, 1020.2
06:27:15, 22.3, -11.130, 0.075, 1020.3
06:27:16, 22.3, -10.866, 0.074, 1020.2
06:27:17, 22.3, -10.728, 0.078, 1020.6
06:27:18, 22.3, -10.786, 0.076, 1020.4
06:27:19, 22.3, -10.591, 0.072, 1020.0
06:27:21, 22.3, -10.521, 0.074, 1020.2
06:27:22, 22.3, -10.600, 0.072, 1020.0
06:27:23, 22.3, -10.625, 0.080, 1020.8
06:27:24, 22.3, -10.646, 0.077, 1020.5
06:27:25, 22.3, -11.087, 0.075, 1020.3
06:27:26, 22.3, -10.679, 0.076, 1020.4
06:27:27, 22.3, -10.630, 0.073, 1020.1
06:27:28, 22.3, -10.647, 0.071, 1019.9
06:27:29, 22.3, -10.666, 0.077, 1020.5
06:27:31, 22.3, -10.812, 0.074, 1020.2
06:27:32, 22.3, -10.788, 0.073, 1020.1
06:27:33, 22.3, -10.841, 0.076, 1020.4
06:27:34, 22.3, -10.752, 0.072, 1020.0
06:27:35, 22.3, -10.712, 0.074, 1020.2
06:27:36, 22.3, -10.601, 0.077, 1020.5
06:27:37, 22.3, -10.519, 0.078, 1020.6
06:27:38, 22.3, -10.625, 0.071, 1019.9

0416202606:39:16, 22.7, -8.720, 0.077, 1020.5
06:39:18, 22.7, -8.908, 0.079, 1020.7
06:39:19, 22.7, -8.890, 0.079, 1020.7
06:39:20, 22.7, -8.717, 0.078, 1020.6
06:39:21, 22.7, -8.720, 0.078, 1020.6
06:39:22, 22.7, -8.723, 0.078, 1020.6
06:39:23, 22.7, -8.386, 0.079, 1020.7
06:39:24, 22.7, -8.854, 0.077, 1020.5
06:39:25, 22.7, -8.860, 0.077, 1020.5
06:39:27, 22.7, -8.852, 0.075, 1020.3
06:39:28, 22.7, -8.924, 0.079, 1020.7
06:39:29, 22.7, -8.776, 0.077, 1020.5
06:39:30, 22.7, -8.927, 0.076, 1020.4
06:39:31, 22.7, -9.116, 0.081, 1020.9
06:39:32, 22.7, -9.103, 0.080, 1020.8
06:39:33, 22.7, -9.064, 0.078, 1020.6
06:39:34, 22.7, -8.980, 0.076, 1020.4
06:39:35, 22.7, -8.919, 0.077, 1020.5
06:39:37, 22.7, -8.914, 0.078, 1020.6
06:39:38, 22.7, -8.857, 0.083, 1021.1
06:39:39, 22.7, -8.924, 0.080, 1020.8
06:39:40, 22.7, -8.863, 0.078, 1020.6
06:39:41, 22.7, -9.037, 0.081, 1020.9
06:39:42, 22.7, -8.895, 0.081, 1020.9
06:39:43, 22.7, -9.048, 0.076, 1020.4
06:39:44, 22.7, -9.001, 0.076, 1020.4
06:39:46, 22.7, -9.048, 0.077, 1020.5
06:39:47, 22.7, -9.050, 0.077, 1020.5
06:39:48, 22.7, -9.040, 0.076, 1020.4
06:39:49, 22.7, -8.981, 0.083, 1021.1
06:39:50, 22.7, -8.990, 0.077, 1020.5
06:39:51, 22.7, -9.053, 0.077, 1020.5
06:39:52, 22.7, -9.075, 0.078, 1020.6
06:39:53, 22.7, -9.123, 0.078, 1020.6
06:39:54, 22.7, -9.112, 0.078, 1020.6
06:39:56, 22.7, -9.232, 0.078, 1020.6
06:39:57, 22.7, -9.317, 0.077, 1020.5
06:39:58, 22.7, -9.100, 0.078, 1020.6
06:39:59, 22.7, -9.245, 0.078, 1020.6
06:40:00, 22.7, -9.243, 0.082, 1021.0
06:40:01, 22.7, -9.121, 0.080, 1020.8
06:40:02, 22.7, -9.053, 0.077, 1020.5
06:40:03, 22.7, -9.080, 0.079, 1020.7
06:40:05, 22.7, -8.965, 0.078, 1020.6
06:40:06, 22.7, -9.264, 0.077, 1020.5
06:40:07, 22.7, -9.272, 0.080, 1020.8
06:40:08, 22.7, -9.118, 0.075, 1020.3
06:40:09, 22.7, -9.254, 0.078, 1020.6
06:40:10, 22.7, -9.320, 0.077, 1020.5

0416202606:40:19, 22.7, -9.321, 0.079, 1020.7
06:40:19, 22.7, -9.335, 0.077, 1020.5
06:40:19, 22.7, -9.330, 0.082, 1021.0
06:40:20, 22.7, -9.450, 0.079, 1020.7
06:40:20, 22.7, -9.495, 0.081, 1020.9
06:40:20, 22.7, -9.429, 0.081, 1020.9
06:40:21, 22.7, -9.427, 0.082, 1021.0
06:40:21, 22.7, -9.425, 0.077, 1020.5
06:40:21, 22.7, -9.429, 0.081, 1020.9
06:40:22, 22.7, -9.411, 0.077, 1020.5
06:40:22, 22.7, -9.386, 0.082, 1021.0
06:40:22, 22.7, -9.347, 0.080, 1020.8
06:40:23, 22.8, -9.188, 0.076, 1020.4
06:40:23, 22.8, -9.117, 0.079, 1020.7
06:40:23, 22.8, -9.053, 0.074, 1020.2
06:40:24, 22.8, -9.175, 0.078, 1020.6
06:40:24, 22.8, -9.228, 0.080, 1020.8
06:40:24, 22.8, -9.216, 0.077, 1020.5
06:40:24, 22.8, -9.337, 0.077, 1020.5
06:40:25, 22.8, -9.274, 0.080, 1020.8
06:40:25, 22.8, -9.324, 0.077, 1020.5
06:40:25, 22.8, -9.208, 0.078, 1020.6
06:40:26, 22.8, -9.247, 0.075, 1020.3
06:40:26, 22.8, -9.249, 0.079, 1020.7
06:40:26, 22.8, -9.374, 0.076, 1020.4
06:40:27, 22.8, -9.320, 0.077, 1020.5
06:40:27, 22.8, -9.201, 0.080, 1020.8
06:40:27, 22.8, -9.187, 0.079, 1020.7
06:40:28, 22.8, -9.277, 0.083, 1021.1
06:40:28, 22.8, -9.246, 0.074, 1020.2
06:40:28, 22.8, -9.251, 0.077, 1020.5
06:40:29, 22.8, -9.220, 0.078, 1020.6
06:40:29, 22.8, -9.254, 0.079, 1020.7
06:40:29, 22.8, -9.219, 0.080, 1020.8
06:40:30, 22.8, -9.243, 0.079, 1020.7
06:40:30, 22.8, -9.256, 0.081, 1020.9
06:40:30, 22.8, -9.279, 0.080, 1020.8
06:40:30, 22.8, -9.300, 0.077, 1020.5
06:40:31, 22.8, -9.250, 0.079, 1020.7
06:40:31, 22.8, -9.216, 0.077, 1020.5
06:40:31, 22.8, -9.345, 0.076, 1020.4
06:40:32, 22.8, -9.395, 0.079, 1020.7
06:40:32, 22.8, -9.305, 0.074, 1020.2
06:40:32, 22.8, -9.311, 0.079, 1020.7
06:40:33, 22.8, -9.382, 0.075, 1020.3
06:40:33, 22.8, -9.387, 0.078, 1020.6
06:40:33, 22.8, -9.333, 0.074, 1020.2
06:40:34, 22.8, -9.336, 0.074, 1020.2
06:40:34, 22.8, -9.283, 0.081, 1020.9
06:40:34, 22.8, -9.238, 0.080, 1020.8
06:40:35, 22.8, -9.188, 0.078, 1020.6
06:40:35, 22.8, -9.252, 0.078, 1020.6
06:40:35, 22.8, -9.244, 0.078, 1020.6
06:40:36, 22.8, -9.215, 0.079, 1020.7
06:40:36, 22.8, -9.165, 0.073, 1020.1
06:40:36, 22.8, -9.233, 0.073, 1020.1
06:40:36, 22.8, -9.232, 0.076, 1020.4
06:40:37, 22.8, -9.269, 0.081, 1020.9
06:40:37, 22.8, -9.270, 0.079, 1020.7
06:40:37, 22.8, -9.281, 0.078, 1020.6
06:40:38, 22.8, -9.223, 0.073, 1020.1
06:40:38, 22.8, -9.156, 0.079, 1020.7
06:40:38, 22.8, -9.166, 0.077, 1020.5
06:40:39, 22.8, -9.181, 0.077, 1020.5
06:40:39, 22.8, -9.056, 0.079, 1020.7
06:40:39, 22.8, -9.090, 0.078, 1020.6
06:40:40, 22.8, -9.064, 0.079, 1020.7
06:40:40, 22.8, -9.057, 0.078, 1020.6
06:40:40, 22.8, -9.109, 0.080, 1020.8
06:40:41, 22.8, -9.114, 0.080, 1020.8
06:40:41, 22.8, -9.168, 0.075, 1020.3
06:40:41, 22.8, -9.118, 0.074, 1020.2
06:40:42, 22.8, -9.056, 0.077, 1020.5
06:40:42, 22.8, -9.112, 0.075, 1020.3
06:40:42, 22.8, -9.122, 0.075, 1020.3
06:40:42, 22.8, -9.068, 0.079, 1020.7
06:40:43, 22.8, -9.036, 0.077, 1020.5
06:40:43, 22.8, -9.053, 0.080, 1020.8
06:40:43, 22.8, -9.119, 0.079, 1020.7
06:40:44, 22.8, -9.191, 0.075, 1020.3
06:40:44, 22.8, -9.126, 0.079, 1020.7
06:40:44, 22.8, -9.191, 0.077, 1020.5
06:40:45, 22.8, -9.163, 0.078, 1020.6
06:40:45, 22.8, -9.162, 0.079, 1020.7
06:40:45, 22.8, -9.124, 0.078, 1020.6
06:40:46, 22.8, -9.043, 0.073, 1020.1
06:40:46, 22.8, -8.949, 0.078, 1020.6
06:40:46, 22.8, -9.116, 0.077, 1020.5
06:40:47, 22.8, -9.116, 0.076, 1020.4
06:40:47, 22.8, -9.134, 0.080, 1020.8
06:40:47, 22.8, -9.045, 0.078, 1020.6
06:40:48, 22.8, -9.006, 0.078, 1020.6
06:40:48, 22.8, -8.986, 0.078, 1020.6
06:40:48, 22.8, -9.044, 0.076, 1020.4
06:40:48, 22.8, -9.088, 0.075, 1020.3
06:40:49, 22.8, -9.060, 0.075, 1020.3
06:40:49, 22.8, -9.057, 0.077, 1020.5
06:40:49, 22.8, -8.777, 0.080, 1020.8
06:40:50, 22.8, -8.716, 0.080, 1020.8
06:40:50, 22.8, -8.645, 0.074, 1020.2
06:40:50, 22.8, -8.722, 0.076, 1020.4
06:40:51, 22.8, -8.918, 0.079, 1020.7
06:40:51, 22.8, -9.117, 0.076, 1020.4
06:40:51, 22.8, -9.186, 0.074, 1020.2
06:40:52, 22.8, -9.254, 0.074, 1020.2
06:40:52, 22.8, -9.140, 0.080, 1020.8
06:40:52, 22.8, -9.141, 0.078, 1020.6
06:40:53, 22.8, -9.214, 0.076, 1020.4
06:40:53, 22.8, -9.119, 0.076, 1020.4
06:40:53, 22.8, -9.057, 0.079, 1020.7
06:40:54, 22.8, -8.971, 0.076, 1020.4
06:40:54, 22.8, -9.008, 0.071, 1019.9
06:40:54, 22.8, -9.012, 0.079, 1020.7
06:40:54, 22.8, -8.806, 0.078, 1020.6
06:40:55, 22.8, -8.824, 0.078, 1020.6
06:40:55, 22.8, -8.783, 0.074, 1020.2
06:40:55, 22.8, -8.925, 0.079, 1020.7
06:40:56, 22.8, -8.874, 0.075, 1020.3
06:40:56, 22.8, -8.785, 0.077, 1020.5
06:40:56, 22.8, -8.763, 0.079, 1020.7
06:40:57, 22.8, -8.826, 0.076, 1020.4
06:40:57, 22.8, -8.916, 0.079, 1020.7
06:40:57, 22.8, -8.880, 0.078, 1020.6
06:40:58, 22.8, -9.096, 0.078, 1020.6
06:40:58, 22.8, -9.180, 0.077, 1020.5
06:40:58, 22.8, -9.314, 0.079, 1020.7
06:40:59, 22.8, -9.186, 0.074, 1020.2
06:40:59, 22.8, -9.054, 0.075, 1020.3
06:40:59, 22.8, -8.987, 0.075, 1020.3
06:41:00, 22.8, -8.969, 0.075, 1020.3
06:41:00, 22.8, -9.047, 0.077, 1020.5
06:41:00, 22.8, -9.021, 0.076, 1020.4
06:41:00, 22.8, -9.054, 0.076, 1020.4
06:41:01, 22.8, -9.052, 0.074, 1020.2
06:41:01, 22.8, -9.116, 0.078, 1020.6
06:41:01, 22.8, -9.170, 0.073, 1020.1
06:41:02, 22.8, -9.122, 0.073, 1020.1
06:41:02, 22.8, -9.105, 0.080, 1020.8
06:41:02, 22.8, -9.056, 0.080, 1020.8
06:41:03, 22.8, -9.137, 0.076, 1020.4
06:41:03, 22.8, -9.087, 0.077, 1020.5
06:41:03, 22.8, -9.060, 0.075, 1020.3
06:41:04, 22.8, -9.047, 0.074, 1020.2
06:41:04, 22.8, -9.118, 0.075, 1020.3
06:41:04, 22.8, -9.054, 0.082, 1021.0
06:41:05, 22.8, -9.050, 0.078, 1020.6

0416202606:41:12, 22.8, -9.120, 0.080, 1020.8
06:41:13, 22.8, -9.150, 0.077, 1020.5
06:41:13, 22.8, -9.099, 0.077, 1020.5
06:41:13, 22.8, -9.120, 0.081, 1020.9
06:41:13, 22.8, -9.111, 0.077, 1020.5
06:41:14, 22.8, -9.119, 0.075, 1020.3
06:41:14, 22.8, -9.115, 0.077, 1020.5
06:41:14, 22.8, -9.135, 0.077, 1020.5
06:41:15, 22.8, -9.116, 0.080, 1020.8
06:41:15, 22.8, -9.123, 0.076, 1020.4
06:41:15, 22.8, -9.060, 0.076, 1020.4
06:41:16, 22.8, -8.890, 0.078, 1020.6
06:41:16, 22.8, -8.854, 0.079, 1020.7
06:41:16, 22.8, -8.974, 0.081, 1020.9
06:41:17, 22.8, -8.971, 0.075, 1020.3
06:41:17, 22.8, -9.115, 0.076, 1020.4
06:41:17, 22.8, -9.283, 0.076, 1020.4
06:41:18, 22.8, -9.251, 0.075, 1020.3
06:41:18, 22.8, -9.220, 0.075, 1020.3
06:41:18, 22.8, -9.205, 0.080, 1020.8
06:41:19, 22.8, -8.982, 0.080, 1020.8
06:41:19, 22.8, -9.146, 0.076, 1020.4
06:41:19, 22.8, -9.187, 0.078, 1020.6
06:41:19, 22.8, -9.198, 0.075, 1020.3
06:41:20, 22.8, -9.060, 0.078, 1020.6
06:41:20, 22.8, -9.186, 0.076, 1020.4
06:41:20, 22.8, -9.250, 0.076, 1020.4
06:41:21, 22.8, -9.260, 0.074, 1020.2
06:41:21, 22.8, -9.264, 0.078, 1020.6
06:41:21, 22.8, -9.190, 0.076, 1020.4
06:41:22, 22.8, -9.225, 0.074, 1020.2
06:41:22, 22.8, -9.185, 0.078, 1020.6
06:41:22, 22.8, -9.241, 0.079, 1020.7
06:41:23, 22.8, -9.189, 0.076, 1020.4
06:41:23, 22.8, -9.170, 0.078, 1020.6
06:41:23, 22.8, -9.151, 0.081, 1020.9
06:41:24, 22.8, -9.123, 0.075, 1020.3
06:41:24, 22.8, -9.223, 0.079, 1020.7
06:41:24, 22.8, -9.185, 0.077, 1020.5
06:41:25, 22.8, -9.121, 0.079, 1020.7
06:41:25, 22.8, -9.203, 0.077, 1020.5
06:41:25, 22.8, -9.253, 0.075, 1020.3
06:41:25, 22.8, -9.190, 0.077, 1020.5
06:41:26, 22.8, -9.187, 0.078, 1020.6
06:41:26, 22.8, -9.190, 0.081, 1020.9
06:41:26, 22.8, -9.191, 0.079, 1020.7
06:41:27, 22.8, -9.254, 0.075, 1020.3
06:41:27, 22.8, -9.166, 0.076, 1020.4
06:41:27, 22.8, -9.119, 0.076, 1020.4
06:41:28, 22.8, -8.983, 0.075, 1020.3
06:41:28, 22.8, -9.060, 0.078, 1020.6
06:41:28, 22.8, -9.099, 0.076, 1020.4
06:41:29, 22.8, -9.049, 0.073, 1020.1
06:41:29, 22.8, -8.990, 0.076, 1020.4
06:41:29, 22.8, -8.975, 0.075, 1020.3
06:41:30, 22.8, -8.892, 0.073, 1020.1
06:41:30, 22.8, -8.905, 0.076, 1020.4
06:41:30, 22.8, -8.903, 0.072, 1020.0
06:41:31, 22.8, -8.986, 0.076, 1020.4
06:41:31, 22.8, -9.038, 0.074, 1020.2
06:41:31, 22.8, -9.019, 0.077, 1020.5
06:41:31, 22.8, -9.005, 0.074, 1020.2
06:41:32, 22.8, -9.123, 0.079, 1020.7
06:41:32, 22.8, -9.070, 0.079, 1020.7
06:41:32, 22.8, -9.127, 0.076, 1020.4
06:41:33, 22.8, -9.191, 0.069, 1019.7
06:41:33, 22.8, -9.253, 0.077, 1020.5
06:41:33, 22.8, -9.253, 0.077, 1020.5
06:41:34, 22.8, -9.331, 0.075, 1020.3
06:41:34, 22.8, -9.321, 0.077, 1020.5
06:41:34, 22.8, -9.420, 0.074, 1020.2
06:41:35, 22.8, -9.388, 0.074, 1020.2
06:41:35, 22.8, -9.389, 0.074, 1020.2
06:41:35, 22.8, -9.417, 0.077, 1020.5
06:41:36, 22.8, -9.355, 0.075, 1020.3
06:41:36, 22.8, -9.453, 0.073, 1020.1
06:41:36, 22.8, -9.452, 0.081, 1020.9
06:41:37, 22.8, -9.319, 0.074, 1020.2
06:41:37, 22.8, -9.321, 0.075, 1020.3
06:41:37, 22.8, -9.383, 0.074, 1020.2
06:41:37, 22.8, -9.385, 0.074, 1020.2
06:41:38, 22.8, -9.378, 0.075, 1020.3
06:41:38, 22.8, -9.324, 0.076, 1020.4
06:41:38, 22.8, -9.346, 0.079, 1020.7
06:41:39, 22.8, -9.367, 0.071, 1019.9
06:41:39, 22.8, -9.241, 0.072, 1020.0
06:41:39, 22.8, -9.242, 0.078, 1020.6
06:41:40, 22.8, -9.252, 0.075, 1020.3
06:41:40, 22.8, -9.336, 0.079, 1020.7
06:41:40, 22.8, -9.391, 0.076, 1020.4
06:41:41, 22.8, -9.257, 0.075, 1020.3
06:41:41, 22.8, -9.253, 0.072, 1020.0
06:41:41, 22.8, -9.340, 0.074, 1020.2
06:41:42, 22.8, -9.323, 0.071, 1019.9
06:41:42, 22.8, -9.192, 0.076, 1020.4
06:41:42, 22.8, -9.265, 0.078, 1020.6
06:41:43, 22.8, -9.184, 0.071, 1019.9
06:41:43, 22.8, -9.216, 0.074, 1020.2
06:41:43, 22.8, -9.289, 0.074, 1020.2
06:41:43, 22.8, -9.357, 0.073, 1020.1
06:41:44, 22.8, -9.251, 0.069, 1019.7
06:41:44, 22.8, -9.267, 0.075, 1020.3
06:41:44, 22.8, -9.320, 0.075, 1020.3
06:41:45, 22.8, -9.357, 0.073, 1020.1
06:41:45, 22.8, -9.250, 0.074, 1020.2
06:41:45, 22.8, -9.268, 0.073, 1020.1
06:41:46, 22.8, -9.313, 0.078, 1020.6
06:41:46, 22.8, -9.411, 0.074, 1020.2
06:41:46, 22.8, -9.453, 0.074, 1020.2
06:41:47, 22.8, -9.467, 0.077, 1020.5
06:41:47, 22.8, -9.451, 0.077, 1020.5
06:41:47, 22.8, -9.341, 0.075, 1020.3
06:41:48, 22.8, -9.253, 0.078, 1020.6
06:41:48, 22.8, -9.331, 0.078, 1020.6
06:41:48, 22.8, -9.339, 0.073, 1020.1
06:41:49, 22.8, -9.258, 0.078, 1020.6
06:41:49, 22.8, -9.347, 0.080, 1020.8
06:41:49, 22.8, -9.458, 0.074, 1020.2
06:41:49, 22.8, -9.454, 0.079, 1020.7
06:41:50, 22.8, -9.454, 0.074, 1020.2
06:41:50, 22.8, -9.370, 0.071, 1019.9
06:41:50, 22.8, -9.399, 0.074, 1020.2
06:41:51, 22.8, -9.543, 0.073, 1020.1
06:41:51, 22.8, -9.521, 0.075, 1020.3
06:41:51, 22.8, -9.586, 0.077, 1020.5
06:41:52, 22.8, -9.344, 0.075, 1020.3
06:41:52, 22.8, -9.319, 0.077, 1020.5
06:41:52, 22.8, -9.222, 0.073, 1020.1
06:41:53, 22.8, -9.310, 0.074, 1020.2
06:41:53, 22.8, -9.261, 0.077, 1020.5
06:41:53, 22.8, -9.381, 0.076, 1020.4
06:41:54, 22.8, -9.296, 0.076, 1020.4
06:41:54, 22.8, -9.251, 0.078, 1020.6
06:41:54, 22.8, -9.256, 0.072, 1020.0
06:41:55, 22.8, -9.324, 0.075, 1020.3
06:41:55, 22.8, -9.365, 0.073, 1020.1
06:41:55, 22.8, -9.369, 0.071, 1019.9
06:41:55, 22.8, -9.365, 0.079, 1020.7
06:41:56, 22.8, -9.390, 0.075, 1020.3
06:41:56, 22.8, -9.323, 0.078, 1020.6
06:41:56, 22.8, -9.245, 0.074, 1020.2
06:41:57, 22.8, -9.314, 0.075, 1020.3
06:41:57, 22.8, -9.347, 0.070, 1019.8
06:41:57, 22.8, -9.321, 0.072, 1020.0
06:41:58, 22.8, -9.241, 0.079, 1020.7
06:41:58, 22.8, -9.325, 0.076, 1020.4
06:41:58, 22.8, -9.354, 0.074, 1020.2
06:41:59, 22.8, -9.484, 0.076, 1020.4
06:41:59, 22.8, -9.455, 0.074, 1020.2
06:41:59, 22.8, -9.341, 0.079, 1020.7
06:42:00, 22.8, -9.290, 0.076, 1020.4
06:42:00, 22.8, -9.305, 0.076, 1020.4
06:42:00, 22.8, -9.455, 0.074, 1020.2
06:42:01, 22.8, -9.388, 0.074, 1020.2
06:42:01, 22.8, -9.449, 0.075, 1020.3
06:42:01, 22.8, -9.518, 0.075, 1020.3
06:42:01, 22.8, -9.443, 0.076, 1020.4
06:42:02, 22.8, -9.432, 0.074, 1020.2
06:42:02, 22.8, -9.501, 0.075, 1020.3
06:42:02, 22.8, -9.454, 0.069, 1019.7
06:42:03, 22.8, -9.449, 0.075, 1020.3
06:42:03, 22.8, -9.469, 0.077, 1020.5
06:42:03, 22.8, -9.381, 0.073, 1020.1
06:42:04, 22.8, -9.314, 0.076, 1020.4
06:42:04, 22.8, -9.222, 0.072, 1020.0
06:42:04, 22.8, -9.288, 0.070, 1019.8
06:42:05, 22.8, -9.188, 0.072, 1020.0
06:42:05, 22.8, -9.334, 0.075, 1020.3
06:42:05, 22.8, -9.258, 0.076, 1020.4
06:42:06, 22.8, -9.449, 0.074, 1020.2
06:42:06, 22.8, -9.583, 0.077, 1020.5
06:42:06, 22.8, -9.493, 0.074, 1020.2
06:42:07, 22.8, -9.453, 0.072, 1020.0
06:42:07, 22.8, -9.314, 0.077, 1020.5
06:42:07, 22.8, -9.379, 0.079, 1020.7
06:42:07, 22.8, -9.431, 0.074, 1020.2
06:42:08, 22.8, -9.456, 0.075, 1020.3
06:42:08, 22.8, -9.503, 0.069, 1019.7
06:42:08, 22.8, -9.487, 0.073, 1020.1
06:42:09, 22.8, -9.463, 0.076, 1020.4
06:42:09, 22.8, -9.452, 0.074, 1020.2
06:42:09, 22.8, -9.382, 0.072, 1020.0
06:42:10, 22.8, -9.500, 0.070, 1019.8
06:42:10, 22.8, -9.509, 0.079, 1020.7
06:42:10, 22.8, -9.402, 0.076, 1020.4
06:42:11, 22.8, -9.282, 0.072, 1020.0
06:42:11, 22.8, -9.459, 0.074, 1020.2
06:42:11, 22.8, -9.389, 0.072, 1020.0
06:42:12, 22.8, -9.455, 0.075, 1020.3
06:42:12, 22.8, -9.482, 0.078, 1020.6
06:42:12, 22.8, -9.405, 0.075, 1020.3
06:42:13, 22.8, -9.413, 0.075, 1020.3
06:42:13, 22.8, -9.451, 0.073, 1020.1
06:42:13, 22.8, -9.387, 0.072, 1020.0
06:42:13, 22.8, -9.351, 0.077, 1020.5
06:42:14, 22.8, -9.267, 0.071, 1019.9
06:42:14, 22.8, -9.400, 0.070, 1019.8
06:42:14, 22.8, -9.394, 0.075, 1020.3
06:42:15, 22.8, -9.520, 0.073, 1020.1
06:42:15, 22.8, -9.456, 0.075, 1020.3
06:42:15, 22.8, -9.489, 0.075, 1020.3
06:42:16, 22.8, -9.516, 0.077, 1020.5
06:42:16, 22.8, -9.550, 0.077, 1020.5
06:42:16, 22.8, -9.503, 0.077, 1020.5
06:42:17, 22.8, -9.329, 0.072, 1020.0
06:42:17, 22.8, -9.468, 0.072, 1020.0
06:42:17, 22.8, -9.455, 0.072, 1020.0
06:42:18, 22.8, -9.469, 0.072, 1020.0
06:42:18, 22.8, -9.409, 0.073, 1020.1
06:42:18, 22.8, -9.652, 0.076, 1020.4
06:42:19, 22.8, -9.588, 0.076, 1020.4
06:42:19, 22.8, -9.464, 0.075, 1020.3
06:42:19, 22.8, -9.512, 0.078, 1020.6
06:42:19, 22.8, -9.396, 0.071, 1019.9
06:42:20, 22.8, -9.438, 0.074, 1020.2
06:42:20, 22.8, -9.589, 0.071, 1019.9
06:42:20, 22.8, -9.624, 0.069, 1019.7
06:42:21, 22.8, -9.478, 0.074, 1020.2
06:42:21, 22.8, -9.522, 0.076, 1020.4
06:42:21, 22.8, -9.524, 0.076, 1020.4
06:42:22, 22.8, -9.582, 0.075, 1020.3
06:42:22, 22.8, -9.486, 0.074, 1020.2
06:42:22, 22.8, -9.469, 0.074, 1020.2
06:42:23, 22.8, -9.518, 0.075, 1020.3
06:42:23, 22.8, -9.648, 0.073, 1020.1
06:42:23, 22.8, -9.673, 0.076, 1020.4
06:42:24, 22.8, -9.733, 0.072, 1020.0
06:42:24, 22.8, -9.770, 0.076, 1020.4
06:42:24, 22.8, -9.716, 0.075, 1020.3
06:42:25, 22.8, -9.721, 0.071, 1019.9
06:42:25, 22.8, -9.699, 0.078, 1020.6
06:42:25, 22.8, -9.457, 0.071, 1019.9
06:42:25, 22.8, -9.551, 0.075, 1020.3
06:42:26, 22.8, -9.600, 0.073, 1020.1
06:42:26, 22.8, -9.761, 0.072, 1020.0
06:42:26, 22.8, -9.743, 0.076, 1020.4
06:42:27, 22.8, -9.657, 0.074, 1020.2
06:42:27, 22.8, -9.562, 0.075, 1020.3
06:42:27, 22.8, -9.753, 0.074, 1020.2
06:42:28, 22.8, -9.662, 0.070, 1019.8
06:42:28, 22.8, -9.496, 0.074, 1020.2
06:42:28, 22.8, -9.598, 0.075, 1020.3
06:42:29, 22.8, -9.533, 0.072, 1020.0
06:42:29, 22.8, -9.507, 0.074, 1020.2
06:42:29, 22.8, -9.454, 0.074, 1020.2
06:42:30, 22.8, -9.412, 0.073, 1020.1
06:42:30, 22.8, -9.601, 0.075, 1020.3
06:42:30, 22.8, -9.711, 0.071, 1019.9
06:42:31, 22.8, -9.456, 0.072, 1020.0
06:42:31, 22.8, -9.578, 0.072, 1020.0
06:42:31, 22.8, -9.500, 0.075, 1020.3
06:42:31, 22.8, -9.449, 0.074, 1020.2
06:42:32, 22.8, -9.361, 0.077, 1020.5
06:42:32, 22.8, -9.446, 0.075, 1020.3
06:42:32, 22.8, -9.520, 0.073, 1020.1
06:42:33, 22.8, -9.523, 0.074, 1020.2
06:42:33, 22.8, -9.583, 0.075, 1020.3
06:42:33, 22.8, -9.317, 0.076, 1020.4
06:42:34, 22.8, -9.185, 0.072, 1020.0
06:42:34, 22.8, -9.470, 0.070, 1019.8
06:42:34, 22.8, -9.459, 0.073, 1020.1
06:42:35, 22.8, -9.516, 0.075, 1020.3
06:42:35, 22.8, -9.583, 0.077, 1020.5
06:42:35, 22.8, -9.653, 0.071, 1019.9
06:42:36, 22.8, -9.716, 0.072, 1020.0
06:42:36, 22.8, -9.655, 0.073, 1020.1
06:42:36, 22.8, -9.680, 0.077, 1020.5
06:42:37, 22.8, -9.720, 0.072, 1020.0
06:42:37, 22.8, -9.580, 0.073, 1020.1
06:42:37, 22.8, -9.561, 0.073, 1020.1
06:42:37, 22.8, -9.638, 0.075, 1020.3
06:42:38, 22.8, -9.580, 0.078, 1020.6
06:42:38, 22.8, -9.321, 0.074, 1020.2
06:42:38, 22.8, -9.391, 0.074, 1020.2
06:42:39, 22.8, -9.459, 0.072, 1020.0
06:42:39, 22.8, -9.480, 0.076, 1020.4
06:42:39, 22.8, -9.373, 0.079, 1020.7
06:42:40, 22.8, -9.378, 0.074, 1020.2
06:42:40, 22.8, -9.255, 0.074, 1020.2
06:42:40, 22.8, -9.316, 0.076, 1020.4
06:42:41, 22.8, -9.455, 0.076, 1020.4
06:42:41, 22.8, -9.382, 0.073, 1020.1
06:42:41, 22.8, -9.327, 0.072, 1020.0
06:42:42, 22.8, -9.383, 0.070, 1019.8
06:42:42, 22.8, -9.403, 0.073, 1020.1
06:42:42, 22.8, -9.407, 0.076, 1020.4
06:42:43, 22.8, -9.370, 0.076, 1020.4
06:42:43, 22.8, -9.399, 0.069, 1019.7
06:42:43, 22.8, -9.269, 0.072, 1020.0
06:42:43, 22.8, -9.352, 0.072, 1020.0
06:42:44, 22.8, -9.354, 0.074, 1020.2
06:42:44, 22.8, -9.325, 0.073, 1020.1
06:42:44, 22.8, -9.248, 0.071, 1019.9
06:42:45, 22.8, -9.120, 0.073, 1020.1
06:42:45, 22.8, -9.263, 0.078, 1020.6
06:42:45, 22.8, -9.254, 0.080, 1020.8
06:42:46, 22.8, -9.222, 0.075, 1020.3
06:42:46, 22.8, -9.097, 0.077, 1020.5
06:42:46, 22.8, -9.182, 0.072, 1020.0
06:42:47, 22.8, -9.130, 0.081, 1020.9
06:42:47, 22.8, -9.158, 0.077, 1020.5
06:42:47, 22.8, -9.164, 0.077, 1020.5
06:42:48, 22.8, -9.247, 0.076, 1020.4
06:42:48, 22.8, -9.323, 0.073, 1020.1
06:42:48, 22.9, -9.323, 0.069, 1019.7
06:42:49, 22.9, -9.256, 0.070, 1019.8
06:42:49, 22.9, -9.121, 0.073, 1020.1
06:42:49, 22.9, -9.089, 0.071, 1019.9
06:42:49, 22.9, -9.230, 0.073, 1020.1
06:42:50, 22.9, -9.392, 0.069, 1019.7
06:42:50, 22.9, -9.239, 0.071, 1019.9
06:42:50, 22.9, -9.322, 0.068, 1019.6
06:42:51, 22.9, -9.366, 0.071, 1019.9
06:42:51, 22.9, -9.443, 0.066, 1019.5
06:42:51, 22.9, -9.459, 0.069, 1019.7
06:42:52, 22.9, -9.503, 0.070, 1019.8
06:42:52, 22.9, -9.285, 0.076, 1020.4
06:42:52, 22.9, -9.167, 0.069, 1019.7
06:42:53, 22.9, -9.362, 0.075, 1020.3
06:42:53, 22.9, -9.304, 0.072, 1020.0
06:42:53, 22.9, -9.569, 0.073, 1020.1
06:42:54, 22.9, -9.336, 0.070, 1019.8
06:42:54, 22.9, -9.182, 0.076, 1020.4
06:42:54, 22.9, -9.279, 0.070, 1019.8
06:42:55, 22.9, -9.416, 0.075, 1020.3
06:42:55, 22.9, -9.523, 0.069, 1019.7
06:42:55, 22.9, -9.526, 0.072, 1020.0
06:42:55, 22.9, -9.519, 0.076, 1020.4
06:42:56, 22.9, -9.437, 0.069, 1019.7
06:42:56, 22.9, -9.490, 0.073, 1020.1
06:42:56, 22.9, -9.574, 0.072, 1020.0
06:42:57, 22.9, -9.700, 0.072, 1020.0
06:42:57, 22.9, -9.793, 0.068, 1019.6
06:42:57, 22.9, -9.714, 0.075, 1020.3
06:42:58, 23.0, -9.590, 0.074, 1020.2
06:42:58, 22.9, -9.508, 0.071, 1019.9
06:42:58, 23.0, -9.487, 0.070, 1019.8
06:42:59, 22.9, -9.517, 0.073, 1020.1
06:42:59, 23.0, -9.528, 0.072, 1020.0
06:42:59, 23.0, -9.487, 0.072, 1020.0
06:43:00, 23.0, -9.387, 0.070, 1019.8
06:43:00, 23.0, -9.639, 0.072, 1020.0
06:43:00, 23.0, -9.595, 0.066, 1019.5
06:43:01, 23.0, -9.634, 0.069, 1019.7
06:43:01, 23.0, -9.654, 0.073, 1020.1
06:43:01, 23.0, -9.626, 0.069, 1019.7
06:43:01, 23.0, -9.652, 0.072, 1020.0
06:43:02, 23.0, -9.704, 0.075, 1020.3
06:43:02, 22.9, -9.666, 0.072, 1020.0
06:43:02, 23.0, -9.659, 0.072, 1020.0
06:43:03, 23.0, -9.703, 0.069, 1019.7
06:43:03, 23.0, -9.785, 0.072, 1020.0
06:43:03, 23.0, -9.721, 0.072, 1020.0
06:43:04, 23.0, -9.690, 0.072, 1020.0
06:43:04, 23.0, -9.679, 0.072, 1020.0
06:43:04, 22.9, -9.456, 0.073, 1020.1
06:43:05, 22.9, -9.521, 0.069, 1019.7
06:43:05, 23.0, -9.546, 0.068, 1019.6
06:43:05, 23.0, -9.578, 0.073, 1020.1
06:43:06, 22.9, -9.625, 0.069, 1019.7
06:43:06, 23.0, -9.657, 0.072, 1020.0
06:43:06, 23.0, -9.702, 0.070, 1019.8
06:43:07, 22.9, -9.709, 0.071, 1019.9
06:43:07, 23.0, -9.690, 0.075, 1020.3
06:43:07, 22.9, -9.722, 0.073, 1020.1
06:43:08, 22.9, -9.680, 0.074, 1020.2
06:43:08, 22.9, -9.620, 0.071, 1019.9
06:43:08, 22.9, -9.469, 0.072, 1020.0
06:43:09, 22.9, -9.472, 0.071, 1019.9
06:43:09, 22.9, -9.552, 0.073, 1020.1
06:43:09, 22.9, -9.617, 0.070, 1019.8
06:43:09, 22.9, -9.677, 0.073, 1020.1
06:43:10, 22.9, -9.748, 0.070, 1019.8
06:43:10, 22.9, -9.793, 0.070, 1019.8
06:43:10, 22.9, -9.653, 0.076, 1020.4
06:43:11, 22.9, -9.613, 0.073, 1020.1
06:43:11, 22.9, -9.548, 0.074, 1020.2
06:43:11, 22.9, -9.513, 0.068, 1019.6
06:43:12, 22.9, -9.465, 0.070, 1019.8
06:43:12, 22.9, -9.492, 0.073, 1020.1
06:43:12, 22.9, -9.588, 0.069, 1019.7
06:43:13, 22.9, -9.664, 0.071, 1019.9
06:43:13, 22.9, -9.653, 0.072, 1020.0
06:43:13, 22.9, -9.662, 0.069, 1019.7
06:43:14, 22.9, -9.337, 0.070, 1019.8
06:43:14, 22.9, -9.234, 0.077, 1020.5
06:43:14, 22.9, -9.083, 0.068, 1019.6
06:43:15, 22.9, -8.949, 0.071, 1019.9
06:43:15, 22.9, -8.999, 0.073, 1020.1
06:43:15, 22.9, -9.084, 0.072, 1020.0
06:43:16, 22.9, -9.513, 0.069, 1019.7
06:43:16, 22.9, -9.349, 0.072, 1020.0
06:43:16, 22.9, -9.388, 0.072, 1020.0
06:43:17, 22.9, -9.391, 0.073, 1020.1
06:43:17, 22.9, -9.583, 0.072, 1020.0
06:43:17, 22.9, -9.586, 0.069, 1019.7
06:43:17, 22.9, -9.639, 0.072, 1020.0
06:43:18, 22.9, -9.586, 0.069, 1019.7
06:43:18, 22.9, -9.549, 0.074, 1020.2
06:43:18, 22.9, -9.469, 0.071, 1019.9
06:43:19, 22.9, -9.486, 0.074, 1020.2
06:43:19, 22.9, -9.518, 0.072, 1020.0
06:43:19, 22.9, -9.385, 0.069, 1019.7
06:43:20, 22.9, -9.443, 0.074, 1020.2
06:43:20, 22.9, -9.527, 0.073, 1020.1
06:43:20, 22.9, -9.661, 0.071, 1019.9
06:43:21, 23.0, -9.526, 0.070, 1019.8
06:43:21, 22.9, -9.592, 0.073, 1020.1
06:43:21, 23.0, -9.721, 0.069, 1019.7
06:43:22, 23.0, -9.785, 0.073, 1020.1
06:43:22, 23.0, -9.791, 0.072, 1020.0
06:43:22, 23.0, -9.656, 0.070, 1019.8
06:43:23, 23.0, -9.542, 0.071, 1019.9
06:43:23, 23.0, -9.500, 0.071, 1019.9
06:43:23, 23.0, -9.659, 0.074, 1020.2
06:43:24, 23.0, -9.576, 0.072, 1020.0
06:43:24, 23.0, -9.631, 0.070, 1019.8
06:43:24, 23.0, -9.588, 0.069, 1019.7
06:43:24, 23.0, -9.576, 0.068, 1019.6
06:43:25, 23.0, -9.511, 0.073, 1020.1
06:43:25, 23.0, -9.480, 0.072, 1020.0
06:43:25, 23.0, -9.451, 0.072, 1020.0
06:43:26, 23.0, -9.460, 0.068, 1019.6
06:43:26, 23.0, -9.326, 0.070, 1019.8
06:43:26, 23.0, -9.266, 0.068, 1019.6
06:43:27, 23.0, -9.216, 0.068, 1019.6
06:43:27, 23.0, -9.211, 0.075, 1020.3
06:43:27, 23.0, -9.223, 0.069, 1019.7
06:43:28, 23.0, -9.322, 0.072, 1020.0
06:43:28, 23.0, -9.344, 0.073, 1020.1
06:43:28, 23.0, -9.500, 0.072, 1020.0
06:43:29, 23.0, -9.521, 0.071, 1019.9
06:43:29, 23.0, -9.364, 0.073, 1020.1
06:43:29, 23.0, -9.342, 0.068, 1019.6
06:43:30, 23.0, -9.350, 0.071, 1019.9
06:43:30, 23.0, -9.375, 0.073, 1020.1
06:43:30, 23.0, -9.182, 0.071, 1019.9
06:43:31, 23.0, -9.118, 0.071, 1019.9
06:43:31, 23.0, -9.320, 0.072, 1020.0
06:43:31, 23.0, -9.312, 0.070, 1019.8
06:43:32, 23.0, -9.322, 0.069, 1019.7
06:43:32, 23.0, -9.324, 0.074, 1020.2
06:43:32, 23.0, -9.258, 0.073, 1020.1
06:43:32, 23.0, -9.251, 0.071, 1019.9
06:43:33, 23.0, -9.131, 0.071, 1019.9
06:43:33, 22.9, -9.050, 0.065, 1019.4
06:43:33, 23.0, -9.253, 0.072, 1020.0
06:43:34, 22.9, -9.217, 0.074, 1020.2
06:43:34, 23.0, -9.175, 0.072, 1020.0
06:43:34, 22.9, -9.182, 0.070, 1019.8
06:43:35, 22.9, -9.110, 0.073, 1020.1
06:43:35, 23.0, -9.192, 0.068, 1019.6
06:43:35, 22.9, -9.242, 0.073, 1020.1
06:43:36, 22.9, -9.245, 0.074, 1020.2
06:43:36, 22.9, -9.322, 0.068, 1019.6
06:43:36, 22.9, -9.379, 0.073, 1020.1
06:43:37, 22.9, -9.384, 0.072, 1020.0
06:43:37, 22.9, -9.425, 0.070, 1019.8
06:43:37, 22.9, -9.450, 0.074, 1020.2
06:43:38, 22.9, -9.345, 0.074, 1020.2
06:43:38, 22.9, -9.447, 0.073, 1020.1
06:43:38, 22.9, -9.319, 0.071, 1019.9
06:43:39, 22.9, -9.296, 0.071, 1019.9
06:43:39, 22.9, -9.451, 0.071, 1019.9
06:43:39, 22.9, -9.379, 0.071, 1019.9
06:43:39, 22.9, -9.419, 0.072, 1020.0
06:43:40, 22.9, -9.284, 0.070, 1019.8
06:43:40, 22.9, -9.261, 0.070, 1019.8
06:43:40, 22.9, -9.315, 0.073, 1020.1
06:43:41, 22.9, -9.393, 0.070, 1019.8
06:43:41, 22.9, -9.315, 0.068, 1019.6
06:43:41, 22.9, -9.187, 0.068, 1019.6
06:43:42, 22.9, -9.118, 0.073, 1020.1
06:43:42, 22.9, -9.128, 0.068, 1019.6
06:43:42, 22.9, -9.088, 0.071, 1019.9
06:43:43, 22.9, -9.106, 0.072, 1020.0
06:43:43, 22.9, -9.059, 0.071, 1019.9
06:43:43, 22.9, -9.082, 0.069, 1019.7
06:43:44, 22.9, -8.950, 0.072, 1020.0
06:43:44, 22.9, -9.175, 0.066, 1019.5
06:43:44, 22.9, -9.318, 0.072, 1020.0
06:43:45, 22.9, -9.364, 0.075, 1020.3
06:43:45, 22.9, -9.388, 0.070, 1019.8
06:43:45, 22.9, -9.350, 0.072, 1020.0
06:43:46, 22.9, -9.329, 0.075, 1020.3
06:43:46, 22.9, -9.502, 0.071, 1019.9
06:43:46, 22.9, -9.551, 0.071, 1019.9
06:43:47, 22.9, -9.520, 0.066, 1019.5
06:43:47, 22.9, -9.454, 0.070, 1019.8
06:43:47, 22.9, -9.516, 0.072, 1020.0
06:43:47, 22.9, -9.524, 0.072, 1020.0
06:43:48, 22.9, -9.647, 0.069, 1019.7
06:43:48, 22.9, -9.589, 0.069, 1019.7
06:43:48, 22.9, -9.511, 0.071, 1019.9
06:43:49, 22.9, -9.367, 0.071, 1019.9
06:43:49, 22.9, -9.427, 0.068, 1019.6
06:43:49, 22.9, -9.522, 0.072, 1020.0
06:43:50, 22.9, -9.521, 0.069, 1019.7
06:43:50, 22.9, -9.568, 0.076, 1020.4
06:43:50, 22.9, -9.599, 0.075, 1020.3
06:43:51, 22.9, -9.660, 0.071, 1019.9
06:43:51, 22.9, -9.599, 0.074, 1020.2
06:43:51, 22.9, -9.722, 0.069, 1019.7
06:43:52, 22.9, -9.650, 0.074, 1020.2
06:43:52, 22.9, -9.588, 0.066, 1019.5
06:43:52, 22.9, -9.502, 0.072, 1020.0
06:43:53, 22.9, -9.461, 0.073, 1020.1
06:43:53, 22.9, -9.523, 0.069, 1019.7
06:43:53, 22.9, -9.466, 0.069, 1019.7
06:43:54, 22.9, -9.471, 0.072, 1020.0
06:43:54, 22.9, -9.452, 0.068, 1019.6
06:43:54, 22.9, -9.520, 0.073, 1020.1
06:43:54, 22.9, -9.477, 0.068, 1019.6
06:43:55, 22.9, -9.376, 0.070, 1019.8
06:43:55, 22.9, -9.503, 0.071, 1019.9
06:43:55, 22.9, -9.489, 0.068, 1019.6
06:43:56, 22.9, -9.449, 0.069, 1019.7
06:43:56, 22.9, -9.538, 0.070, 1019.8
06:43:56, 22.9, -9.460, 0.070, 1019.8
06:43:57, 22.9, -9.434, 0.066, 1019.5
06:43:57, 22.9, -9.461, 0.062, 1019.1
06:43:57, 22.9, -9.589, 0.068, 1019.6
06:43:58, 22.9, -9.593, 0.065, 1019.4
06:43:58, 22.9, -9.565, 0.068, 1019.6
06:43:58, 22.9, -9.534, 0.069, 1019.7
06:43:59, 22.9, -9.458, 0.074, 1020.2
06:43:59, 22.9, -9.448, 0.074, 1020.2
06:43:59, 22.9, -9.456, 0.070, 1019.8
06:44:00, 22.9, -9.459, 0.072, 1020.0
06:44:00, 22.9, -9.321, 0.072, 1020.0
06:44:00, 22.9, -9.266, 0.068, 1019.6
06:44:01, 23.0, -9.410, 0.072, 1020.0
06:44:01, 23.0, -9.390, 0.071, 1019.9
06:44:01, 23.0, -9.579, 0.069, 1019.7
06:44:01, 23.0, -9.601, 0.070, 1019.8
06:44:02, 23.0, -9.436, 0.071, 1019.9
06:44:02, 23.0, -9.429, 0.069, 1019.7
06:44:02, 23.0, -9.519, 0.070, 1019.8
06:44:03, 23.0, -9.392, 0.068, 1019.6
06:44:03, 23.0, -9.318, 0.071, 1019.9
06:44:03, 23.0, -9.335, 0.073, 1020.1
06:44:04, 23.0, -9.362, 0.065, 1019.4
06:44:04, 23.0, -9.335, 0.071, 1019.9
06:44:04, 23.0, -9.321, 0.071, 1019.9
06:44:05, 23.0, -9.356, 0.066, 1019.5
06:44:05, 23.0, -9.400, 0.073, 1020.1
06:44:05, 23.0, -9.389, 0.069, 1019.7
06:44:06, 23.0, -9.461, 0.070, 1019.8
06:44:06, 23.0, -9.469, 0.073, 1020.1
06:44:06, 23.0, -9.387, 0.069, 1019.7
06:44:07, 23.0, -9.551, 0.071, 1019.9
06:44:07, 23.0, -9.661, 0.070, 1019.8
06:44:07, 23.0, -9.580, 0.074, 1020.2
06:44:08, 23.0, -9.325, 0.069, 1019.7
06:44:08, 23.0, -9.454, 0.071, 1019.9
06:44:08, 23.0, -9.513, 0.068, 1019.6
06:44:09, 23.0, -9.524, 0.070, 1019.8
06:44:09, 23.0, -9.645, 0.070, 1019.8
06:44:09, 23.0, -9.786, 0.073, 1020.1
06:44:09, 23.0, -9.651, 0.073, 1020.1
06:44:10, 23.0, -9.590, 0.070, 1019.8
06:44:10, 23.0, -9.712, 0.070, 1019.8
06:44:10, 23.0, -9.601, 0.069, 1019.7
06:44:11, 23.0, -9.588, 0.066, 1019.5
06:44:11, 23.0, -9.620, 0.066, 1019.5
06:44:11, 23.0, -9.459, 0.066, 1019.5
06:44:12, 23.0, -9.489, 0.074, 1020.2
06:44:12, 23.0, -9.262, 0.065, 1019.4
06:44:12, 23.0, -9.442, 0.069, 1019.7
06:44:13, 23.0, -9.394, 0.068, 1019.6
06:44:13, 23.0, -9.505, 0.071, 1019.9
06:44:13, 23.0, -9.528, 0.071, 1019.9
06:44:14, 23.0, -9.647, 0.071, 1019.9
06:44:14, 23.0, -9.680, 0.069, 1019.7
06:44:14, 23.0, -9.659, 0.071, 1019.9
06:44:15, 23.0, -9.532, 0.070, 1019.8
06:44:15, 23.0, -9.522, 0.073, 1020.1
06:44:15, 23.0, -9.481, 0.071, 1019.9
06:44:16, 23.0, -9.518, 0.073, 1020.1
06:44:16, 23.0, -9.584, 0.074, 1020.2
06:44:18, 23.0, -9.520, 0.064, 1019.3
06:44:18, 23.0, -9.574, 0.072, 1020.0
06:44:19, 23.0, -9.605, 0.076, 1020.4
06:44:19, 23.0, -7.658, 0.068, 1019.6
06:44:20, 23.0, -8.184, 0.071, 1019.9
06:44:20, 23.0, -8.290, 0.069, 1019.7
06:44:23, 23.0, -9.846, 0.073, 1020.1
06:44:23, 23.0, -9.921, 0.071, 1019.9
06:44:23, 23.0, -9.475, 0.070, 1019.8
06:44:24, 23.0, -9.715, 0.075, 1020.3
06:44:24, 23.0, -9.697, 0.072, 1020.0
06:44:25, 23.0, -9.601, 0.072, 1020.0
06:44:27, 23.0, -9.923, 0.072, 1020.0
06:44:27, 23.0, -9.748, 0.072, 1020.0
06:44:27, 23.0, -9.839, 0.070, 1019.8
06:44:28, 23.0, -9.780, 0.066, 1019.5
06:44:28, 23.0, -9.697, 0.070, 1019.8
06:44:28, 23.0, -9.647, 0.070, 1019.8
06:44:29, 23.0, -9.588, 0.069, 1019.7
06:44:29, 23.0, -9.531, 0.071, 1019.9
06:44:29, 23.0, -9.561, 0.073, 1020.1
06:44:30, 23.0, -9.445, 0.072, 1020.0
06:44:30, 23.0, -9.388, 0.070, 1019.8
06:44:30, 23.0, -9.352, 0.073, 1020.1
06:44:31, 23.0, -9.445, 0.071, 1019.9
06:44:31, 23.0, -9.387, 0.071, 1019.9
06:44:31, 23.0, -9.530, 0.068, 1019.6
06:44:32, 23.0, -9.730, 0.066, 1019.5
06:44:47, 23.0, -9.632, 0.068, 1019.6
06:44:48, 23.0, -9.653, 0.069, 1019.7
06:44:49, 23.1, -9.743, 0.064, 1019.3
06:44:55, 23.1, -9.784, 0.063, 1019.2
06:44:57, 23.1, -9.660, 0.070, 1019.8
06:44:57, 23.1, -9.738, 0.069, 1019.7
06:44:58, 23.1, -9.541, 0.066, 1019.5
06:44:58, 23.1, -9.529, 0.068, 1019.6
06:44:58, 23.1, -9.654, 0.065, 1019.4
06:44:59, 23.1, -9.546, 0.066, 1019.5
06:44:59, 23.1, -9.590, 0.064, 1019.3
06:44:59, 23.1, -9.508, 0.065, 1019.4
06:45:00, 23.1, -9.528, 0.072, 1020.0
06:45:00, 23.1, -9.568, 0.070, 1019.8
06:45:00, 23.1, -9.604, 0.066, 1019.5
06:45:01, 23.1, -9.653, 0.065, 1019.4
06:45:01, 23.1, -9.744, 0.064, 1019.3
06:45:01, 23.1, -9.723, 0.066, 1019.5
06:45:02, 23.1, -9.656, 0.066, 1019.5
06:45:02, 23.1, -9.777, 0.072, 1020.0
06:45:02, 23.1, -9.722, 0.070, 1019.8
06:45:03, 23.1, -9.591, 0.062, 1019.1
06:45:03, 23.1, -9.450, 0.068, 1019.6
06:45:03, 23.1, -9.537, 0.066, 1019.5
06:45:03, 23.1, -9.629, 0.065, 1019.4
06:45:04, 23.1, -9.654, 0.066, 1019.5
06:45:04, 23.1, -9.639, 0.064, 1019.3
06:45:04, 23.1, -9.720, 0.063, 1019.2
06:45:05, 23.1, -9.751, 0.068, 1019.6
06:45:05, 23.1, -9.683, 0.066, 1019.5
06:45:05, 23.1, -9.656, 0.060, 1018.9
06:45:06, 23.1, -9.638, 0.065, 1019.4
06:45:06, 23.1, -9.760, 0.066, 1019.5
06:45:06, 23.1, -9.815, 0.066, 1019.5
06:45:07, 23.1, -9.918, 0.069, 1019.7
06:45:07, 23.1, -9.588, 0.068, 1019.6
06:45:07, 23.1, -9.452, 0.060, 1018.9
06:45:08, 23.1, -9.455, 0.062, 1019.1
06:45:08, 23.1, -9.600, 0.066, 1019.5
06:45:08, 23.1, -9.402, 0.066, 1019.5
06:45:09, 23.1, -9.520, 0.064, 1019.3
06:45:09, 23.1, -9.584, 0.068, 1019.6
06:45:09, 23.1, -9.591, 0.064, 1019.3
06:45:10, 23.1, -9.651, 0.066, 1019.5
06:45:10, 23.1, -9.579, 0.059, 1018.8
06:45:10, 23.1, -9.585, 0.069, 1019.7
06:45:10, 23.1, -9.728, 0.068, 1019.6
06:45:11, 23.1, -9.461, 0.065, 1019.4
06:45:11, 23.1, -9.604, 0.064, 1019.3
06:45:11, 23.1, -9.723, 0.064, 1019.3
06:45:12, 23.1, -9.713, 0.062, 1019.1
06:45:12, 23.1, -9.721, 0.063, 1019.2
06:45:12, 23.1, -9.790, 0.066, 1019.5
06:45:13, 23.1, -9.920, 0.061, 1019.0
06:45:13, 23.1, -9.849, 0.065, 1019.4
06:45:13, 23.1, -9.872, 0.068, 1019.6
06:45:14, 23.1, -9.857, 0.070, 1019.8
06:45:14, 23.1, -9.860, 0.069, 1019.7
06:45:14, 23.1, -9.882, 0.065, 1019.4
06:45:15, 23.1, -9.785, 0.062, 1019.1
06:45:15, 23.1, -9.683, 0.065, 1019.4
06:45:15, 23.1, -9.660, 0.062, 1019.1
06:45:16, 23.1, -9.652, 0.068, 1019.6
06:45:16, 23.1, -9.539, 0.066, 1019.5
06:45:16, 23.1, -9.378, 0.063, 1019.2
06:45:17, 23.1, -9.486, 0.064, 1019.3
06:45:17, 23.1, -9.590, 0.069, 1019.7
06:45:17, 23.1, -9.788, 0.065, 1019.4
06:45:18, 23.1, -9.796, 0.062, 1019.1
06:45:18, 23.1, -9.737, 0.066, 1019.5
06:45:18, 23.1, -9.496, 0.069, 1019.7
06:45:18, 23.1, -9.321, 0.070, 1019.8
06:45:19, 23.1, -9.335, 0.066, 1019.5
06:45:19, 23.1, -9.320, 0.066, 1019.5
06:45:19, 23.1, -9.483, 0.069, 1019.7
06:45:20, 23.1, -9.511, 0.064, 1019.3
06:45:20, 23.1, -9.520, 0.068, 1019.6
06:45:20, 23.1, -9.503, 0.060, 1018.9
06:45:21, 23.1, -9.627, 0.066, 1019.5
06:45:21, 23.1, -9.691, 0.066, 1019.5
06:45:21, 23.1, -9.663, 0.069, 1019.7
06:45:22, 23.1, -9.719, 0.063, 1019.2
06:45:22, 23.1, -9.786, 0.068, 1019.6
06:45:22, 23.1, -9.722, 0.068, 1019.6
06:45:23, 23.1, -9.719, 0.071, 1019.9
06:45:23, 23.1, -9.657, 0.063, 1019.2
06:45:23, 23.1, -9.657, 0.071, 1019.9
06:45:24, 23.1, -9.723, 0.068, 1019.6
06:45:24, 23.1, -9.784, 0.063, 1019.2
06:45:24, 23.1, -9.773, 0.063, 1019.2
06:45:25, 23.1, -9.746, 0.065, 1019.4
06:45:25, 23.1, -9.794, 0.069, 1019.7
06:45:25, 23.1, -9.661, 0.063, 1019.2
06:45:25, 23.1, -9.666, 0.065, 1019.4
06:45:26, 23.1, -9.479, 0.066, 1019.5
06:45:26, 23.1, -9.447, 0.070, 1019.8
06:45:26, 23.1, -9.657, 0.069, 1019.7
06:45:27, 23.1, -9.787, 0.065, 1019.4
06:45:27, 23.1, -9.666, 0.065, 1019.4
06:45:27, 23.1, -9.717, 0.065, 1019.4
06:45:28, 23.1, -9.709, 0.065, 1019.4
06:45:28, 23.1, -9.655, 0.064, 1019.3
06:45:28, 23.1, -9.790, 0.064, 1019.3
06:45:29, 23.1, -9.584, 0.069, 1019.7
06:45:29, 23.1, -9.506, 0.062, 1019.1
06:45:29, 23.1, -9.518, 0.065, 1019.4
06:45:30, 23.1, -9.597, 0.061, 1019.0
06:45:30, 23.1, -9.614, 0.063, 1019.2
06:45:30, 23.1, -9.587, 0.065, 1019.4
06:45:31, 23.1, -9.651, 0.064, 1019.3
06:45:31, 23.1, -9.653, 0.069, 1019.7
06:45:31, 23.1, -9.459, 0.064, 1019.3
06:45:32, 23.1, -9.342, 0.061, 1019.0
06:45:32, 23.1, -9.464, 0.065, 1019.4
06:45:32, 23.1, -9.585, 0.069, 1019.7
06:45:33, 23.1, -9.614, 0.069, 1019.7
06:45:33, 23.1, -9.546, 0.064, 1019.3
06:45:33, 23.1, -9.526, 0.069, 1019.7
06:45:33, 23.1, -9.609, 0.068, 1019.6
06:45:34, 23.1, -9.705, 0.065, 1019.4
06:45:34, 23.1, -9.788, 0.069, 1019.7
06:45:34, 23.1, -9.703, 0.065, 1019.4
06:45:35, 23.1, -9.575, 0.066, 1019.5
06:45:35, 23.1, -9.662, 0.066, 1019.5
06:45:35, 23.1, -9.622, 0.066, 1019.5
06:45:36, 23.1, -9.689, 0.069, 1019.7
06:45:36, 23.1, -9.725, 0.063, 1019.2
06:45:36, 23.1, -9.683, 0.069, 1019.7
06:45:37, 23.1, -9.586, 0.064, 1019.3
06:45:37, 23.1, -9.645, 0.064, 1019.3
06:45:37, 23.1, -9.658, 0.065, 1019.4
06:45:38, 23.1, -9.745, 0.066, 1019.5
06:45:38, 23.1, -9.670, 0.066, 1019.5
06:45:38, 23.1, -9.655, 0.068, 1019.6
06:45:39, 23.1, -9.652, 0.068, 1019.6
06:45:39, 23.1, -9.600, 0.065, 1019.4
06:45:39, 23.1, -9.659, 0.068, 1019.6
06:45:40, 23.1, -9.661, 0.064, 1019.3
06:45:40, 23.1, -9.645, 0.063, 1019.2
06:45:40, 23.1, -9.520, 0.063, 1019.2
06:45:40, 23.1, -9.451, 0.063, 1019.2
06:45:41, 23.1, -9.579, 0.060, 1018.9
06:45:41, 23.1, -9.540, 0.066, 1019.5
06:45:41, 23.1, -9.583, 0.068, 1019.6
06:45:42, 23.1, -9.656, 0.069, 1019.7
06:45:42, 23.1, -9.711, 0.069, 1019.7
06:45:42, 23.1, -9.821, 0.066, 1019.5
06:45:43, 23.1, -9.910, 0.066, 1019.5
06:45:43, 23.1, -9.922, 0.069, 1019.7
06:45:43, 23.1, -9.834, 0.066, 1019.5
06:45:44, 23.1, -9.813, 0.065, 1019.4
06:45:44, 23.1, -9.732, 0.065, 1019.4
06:45:44, 23.1, -9.740, 0.063, 1019.2
06:45:45, 23.1, -9.721, 0.063, 1019.2
06:45:45, 23.1, -9.781, 0.066, 1019.5
06:45:45, 23.1, -9.790, 0.065, 1019.4
06:45:46, 23.1, -9.695, 0.063, 1019.2
06:45:46, 23.1, -9.721, 0.061, 1019.0
06:45:46, 23.1, -9.744, 0.066, 1019.5
06:45:47, 23.1, -9.782, 0.064, 1019.3
06:45:47, 23.1, -9.766, 0.073, 1020.1
06:45:47, 23.1, -9.779, 0.063, 1019.2
06:45:47, 23.1, -9.781, 0.065, 1019.4
06:45:48, 23.1, -9.800, 0.070, 1019.8
06:45:48, 23.1, -9.737, 0.065, 1019.4
06:45:48, 23.1, -9.788, 0.062, 1019.1
06:45:49, 23.1, -9.796, 0.060, 1018.9
06:45:49, 23.1, -9.711, 0.069, 1019.7
06:45:49, 23.1, -9.634, 0.066, 1019.5
06:45:50, 23.1, -9.696, 0.064, 1019.3
06:45:50, 23.1, -9.907, 0.065, 1019.4
06:45:50, 23.1, -9.860, 0.062, 1019.1
06:45:51, 23.1, -9.872, 0.064, 1019.3
06:45:51, 23.1, -9.911, 0.063, 1019.2
06:45:51, 23.1, -9.827, 0.064, 1019.3
06:45:52, 23.1, -9.794, 0.061, 1019.0
06:45:52, 23.1, -9.846, 0.070, 1019.8
06:45:52, 23.1, -9.853, 0.068, 1019.6
06:45:53, 23.1, -9.844, 0.065, 1019.4
06:45:53, 23.1, -9.917, 0.068, 1019.6
06:45:53, 23.1, -9.956, 0.063, 1019.2
06:45:54, 23.1, -9.848, 0.064, 1019.3
06:45:54, 23.1, -9.989, 0.064, 1019.3
06:45:54, 23.1, -9.972, 0.068, 1019.6
06:45:55, 23.1, -9.987, 0.062, 1019.1
06:45:55, 23.1, -9.846, 0.064, 1019.3
06:45:55, 23.1, -9.683, 0.065, 1019.4
06:45:55, 23.1, -9.724, 0.065, 1019.4

0416202606:47:06, 23.1, -9.788, 0.069, 1019.7

0416202606:49:36, 23.0, -10.324, 0.083, 1021.1
06:49:36, 23.0, -10.258, 0.084, 1021.2
06:49:37, 23.0, -10.194, 0.084, 1021.2
06:49:38, 23.0, -10.235, 0.085, 1021.3
06:49:38, 23.0, -10.262, 0.084, 1021.2
06:49:39, 23.0, -10.323, 0.090, 1021.8
06:49:39, 23.0, -10.434, 0.086, 1021.4
06:49:40, 23.0, -10.417, 0.086, 1021.4
06:49:41, 23.0, -10.220, 0.088, 1021.6
06:49:41, 23.0, -9.986, 0.090, 1021.8
06:49:42, 23.0, -10.106, 0.084, 1021.2
06:49:43, 23.0, -10.130, 0.085, 1021.3
06:49:43, 23.0, -10.166, 0.084, 1021.2
06:49:44, 23.0, -10.168, 0.084, 1021.2
06:49:44, 23.0, -10.058, 0.086, 1021.4
06:49:45, 23.0, -9.990, 0.085, 1021.3
06:49:46, 23.0, -10.128, 0.087, 1021.5
06:49:46, 23.0, -10.404, 0.084, 1021.2
06:49:47, 23.0, -10.450, 0.083, 1021.1
06:49:47, 23.0, -10.376, 0.085, 1021.3
06:49:48, 23.0, -10.258, 0.081, 1020.9
06:49:49, 23.0, -10.401, 0.085, 1021.3
06:49:49, 23.0, -10.286, 0.087, 1021.5
06:49:50, 23.0, -10.430, 0.086, 1021.4
06:49:51, 23.0, -10.504, 0.086, 1021.4
06:49:51, 23.0, -10.484, 0.089, 1021.7
06:49:52, 23.0, -10.379, 0.086, 1021.4
06:49:52, 23.0, -10.327, 0.086, 1021.4
06:49:53, 23.0, -10.243, 0.087, 1021.5
06:49:54, 23.0, -10.005, 0.085, 1021.3
06:49:54, 23.0, -10.259, 0.086, 1021.4
06:49:55, 23.0, -10.141, 0.090, 1021.8
06:49:56, 23.0, -10.319, 0.085, 1021.3
06:49:56, 23.0, -10.263, 0.088, 1021.6
06:49:57, 23.1, -10.262, 0.086, 1021.4
06:49:57, 23.1, -10.340, 0.088, 1021.6
06:49:58, 23.0, -10.230, 0.085, 1021.3
06:49:59, 23.1, -10.248, 0.085, 1021.3
06:49:59, 23.0, -10.252, 0.086, 1021.4

0416202606:51:21, 23.1, -10.319, 0.078, 1020.6
06:51:22, 23.1, -10.385, 0.079, 1020.7
06:51:22, 23.1, -10.258, 0.078, 1020.6
06:51:23, 23.1, -10.130, 0.084, 1021.2
06:51:24, 23.1, -10.180, 0.078, 1020.6
06:51:24, 23.1, -10.245, 0.080, 1020.8
06:51:25, 23.1, -10.293, 0.080, 1020.8
06:51:25, 23.1, -10.171, 0.082, 1021.0
06:51:26, 23.1, -10.321, 0.079, 1020.7
06:51:27, 23.1, -10.252, 0.079, 1020.7
06:51:27, 23.1, -10.155, 0.077, 1020.5
06:51:28, 23.1, -10.191, 0.080, 1020.8
06:51:29, 23.1, -10.252, 0.080, 1020.8
06:51:29, 23.1, -10.122, 0.079, 1020.7
06:51:30, 23.1, -10.319, 0.086, 1021.4
06:51:30, 23.1, -10.123, 0.076, 1020.4
06:51:31, 23.1, -10.258, 0.086, 1021.4
06:51:32, 23.1, -10.200, 0.078, 1020.6
06:51:32, 23.1, -10.586, 0.081, 1020.9
06:51:33, 23.1, -10.556, 0.084, 1021.2
06:51:34, 23.1, -10.581, 0.082, 1021.0
06:51:34, 23.1, -10.456, 0.080, 1020.8
06:51:35, 23.1, -10.431, 0.085, 1021.3
06:51:35, 23.1, -10.265, 0.084, 1021.2
06:51:36, 23.1, -10.212, 0.081, 1020.9
06:51:37, 23.1, -10.194, 0.079, 1020.7
06:51:37, 23.1, -10.411, 0.078, 1020.6
06:51:38, 23.1, -10.536, 0.081, 1020.9
06:51:38, 23.1, -10.477, 0.080, 1020.8
06:51:39, 23.1, 7.032, 0.077, 1020.5
06:51:40, 23.1, 7.003, 0.081, 1020.9
06:51:40, 23.1, 7.011, 0.080, 1020.8
06:51:41, 23.1, 7.013, 0.082, 1021.0
06:51:42, 23.1, 7.026, 0.083, 1021.1
06:51:42, 23.1, 7.028, 0.085, 1021.3
06:51:43, 23.1, 7.041, 0.082, 1021.0
06:51:44, 23.1, 7.077, 0.080, 1020.8
06:51:44, 23.1, 7.020, 0.079, 1020.7
06:51:45, 23.1, 7.035, 0.078, 1020.6
06:51:45, 23.1, 7.076, 0.083, 1021.1
06:51:46, 23.1, 7.051, 0.082, 1021.0
06:51:47, 23.1, 7.069, 0.079, 1020.7
06:51:47, 23.1, 7.055, 0.081, 1020.9
06:51:48, 23.1, 7.035, 0.079, 1020.7
06:51:48, 23.1, 7.067, 0.078, 1020.6
06:51:49, 23.1, 7.063, 0.078, 1020.6
06:51:50, 23.1, 7.050, 0.081, 1020.9
06:51:50, 23.1, 7.052, 0.080, 1020.8
06:51:51, 23.1, 7.055, 0.078, 1020.6
06:51:52, 23.1, 7.061, 0.080, 1020.8
06:51:52, 23.1, 7.026, 0.080, 1020.8
06:51:53, 23.1, 7.040, 0.081, 1020.9
06:51:53, 23.1, 7.012, 0.079, 1020.7
06:51:54, 23.1, 7.035, 0.082, 1021.0
06:51:55, 23.1, 7.071, 0.084, 1021.2
06:51:55, 23.1, 7.047, 0.080, 1020.8
06:51:56, 23.1, 7.039, 0.082, 1021.0
06:51:57, 23.1, 7.054, 0.079, 1020.7
06:51:57, 23.1, 7.052, 0.083, 1021.1
06:51:58, 23.1, 7.029, 0.080, 1020.8
06:51:58, 23.1, 7.004, 0.081, 1020.9
06:51:59, 23.1, 7.013, 0.081, 1020.9
06:52:00, 23.1, 7.007, 0.084, 1021.2
06:52:00, 23.1, 7.038, 0.085, 1021.3
06:52:01, 23.1, 7.035, 0.083, 1021.1
06:52:01, 23.1, 7.026, 0.082, 1021.0
06:52:02, 23.1, 7.014, 0.081, 1020.9
06:52:03, 23.1, 7.014, 0.084, 1021.2
06:52:03, 23.1, 7.003, 0.087, 1021.5
06:52:04, 23.1, 7.007, 0.084, 1021.2
06:52:05, 23.1, 7.003, 0.085, 1021.3
06:52:05, 23.1, 7.008, 0.077, 1020.5
06:52:06, 23.1, 7.009, 0.083, 1021.1
06:52:06, 23.1, 7.010, 0.078, 1020.6
06:52:07, 23.1, 7.010, 0.083, 1021.1
06:52:08, 23.1, 7.014, 0.081, 1020.9
06:52:08, 23.1, 7.028, 0.080, 1020.8
06:52:09, 23.1, 7.011, 0.083, 1021.1
06:52:10, 23.1, 7.002, 0.088, 1021.6
06:52:10, 23.1, 7.016, 0.081, 1020.9
06:52:11, 23.1, 7.014, 0.083, 1021.1
06:52:11, 23.1, 7.009, 0.079, 1020.7
06:52:12, 23.1, 7.032, 0.078, 1020.6
06:52:13, 23.1, 7.009, 0.084, 1021.2
06:52:13, 23.1, 7.019, 0.081, 1020.9
06:52:14, 23.1, 7.031, 0.083, 1021.1
06:52:14, 23.1, 7.008, 0.083, 1021.1
06:52:15, 23.1, 7.012, 0.082, 1021.0
06:52:16, 23.1, 7.008, 0.082, 1021.0
06:52:16, 23.1, 7.047, 0.084, 1021.2
06:52:17, 23.1, 7.051, 0.084, 1021.2
06:52:18, 23.1, 7.017, 0.084, 1021.2
06:52:18, 23.1, 7.017, 0.081, 1020.9
06:52:19, 23.1, 7.047, 0.083, 1021.1
06:52:19, 23.1, 7.044, 0.083, 1021.1
06:52:20, 23.1, 7.055, 0.079, 1020.7
06:52:21, 23.1, 7.059, 0.084, 1021.2
06:52:21, 23.1, 7.055, 0.080, 1020.8
06:52:22, 23.1, 7.045, 0.080, 1020.8
06:52:23, 23.1, 7.086, 0.082, 1021.0
06:52:23, 23.1, 7.071, 0.079, 1020.7
06:52:24, 23.1, 7.057, 0.084, 1021.2
06:52:24, 23.1, 7.043, 0.083, 1021.1
06:52:25, 23.1, 7.237, 0.083, 1021.1
06:52:26, 23.1, 7.144, 0.083, 1021.1
06:52:26, 23.1, 7.053, 0.081, 1020.9
06:52:27, 23.1, 7.055, 0.085, 1021.3
06:52:28, 23.1, 7.083, 0.079, 1020.7
06:52:28, 23.1, 7.059, 0.082, 1021.0
06:52:29, 23.1, 7.069, 0.080, 1020.8
06:52:29, 23.1, 7.056, 0.083, 1021.1
06:52:30, 23.1, 7.082, 0.081, 1020.9
06:52:31, 23.1, 7.099, 0.081, 1020.9
06:52:31, 23.1, 7.075, 0.082, 1021.0
06:52:32, 23.1, 7.075, 0.082, 1021.0
06:52:32, 23.1, 7.095, 0.083, 1021.1
06:52:33, 23.1, 7.079, 0.087, 1021.5
06:52:34, 23.1, 7.043, 0.084, 1021.2
06:52:34, 23.1, 7.012, 0.083, 1021.1
06:52:35, 23.1, 7.052, 0.081, 1020.9
06:52:36, 23.1, 7.054, 0.082, 1021.0
06:52:36, 23.1, 7.055, 0.083, 1021.1
06:52:37, 23.1, 7.053, 0.080, 1020.8
06:52:37, 23.1, 7.025, 0.076, 1020.4
06:52:38, 23.1, 7.068, 0.081, 1020.9
06:52:39, 23.1, 7.077, 0.082, 1021.0
06:52:39, 23.1, 7.068, 0.081, 1020.9
06:52:40, 23.1, 7.090, 0.086, 1021.4
06:52:41, 23.1, 7.101, 0.083, 1021.1
06:52:41, 23.1, 7.082, 0.083, 1021.1
06:52:42, 23.1, 7.075, 0.085, 1021.3
06:52:42, 23.1, 7.055, 0.083, 1021.1
06:52:43, 23.1, 7.016, 0.078, 1020.6
06:52:44, 23.1, 7.047, 0.080, 1020.8
06:52:44, 23.1, 7.077, 0.087, 1021.5
06:52:45, 23.1, 7.097, 0.084, 1021.2
06:52:45, 23.1, 7.092, 0.085, 1021.3
06:52:46, 23.1, 7.069, 0.084, 1021.2
06:52:47, 23.1, 7.039, 0.081, 1020.9
06:52:47, 23.1, 7.069, 0.084, 1021.2
06:52:48, 23.1, 7.062, 0.082, 1021.0
06:52:49, 23.1, 7.050, 0.087, 1021.5
06:52:49, 23.1, 7.056, 0.086, 1021.4
06:52:50, 23.1, 7.052, 0.082, 1021.0
06:52:50, 23.1, 7.090, 0.084, 1021.2
06:52:51, 23.1, 7.083, 0.087, 1021.5
06:52:52, 23.1, 7.081, 0.085, 1021.3
06:52:52, 23.1, 7.037, 0.084, 1021.2
06:52:53, 23.1, 7.004, 0.083, 1021.1
06:52:54, 23.1, 7.025, 0.086, 1021.4
06:52:54, 23.1, 7.102, 0.082, 1021.0
06:52:55, 23.1, 7.075, 0.084, 1021.2
06:52:55, 23.1, 7.070, 0.085, 1021.3
06:52:56, 23.1, 7.054, 0.084, 1021.2
06:52:57, 23.1, 7.029, 0.083, 1021.1
06:52:57, 23.1, 7.054, 0.086, 1021.4
06:52:58, 23.1, 7.030, 0.086, 1021.4
06:52:58, 23.1, 7.008, 0.083, 1021.1
06:52:59, 23.1, 7.039, 0.080, 1020.8
06:53:00, 23.1, 7.055, 0.083, 1021.1
06:53:00, 23.1, 7.092, 0.083, 1021.1
06:53:01, 23.1, 7.116, 0.084, 1021.2
06:53:02, 23.1, 7.120, 0.083, 1021.1
06:53:02, 23.1, 7.111, 0.080, 1020.8
06:53:03, 23.1, 7.098, 0.086, 1021.4
06:53:03, 23.1, 7.067, 0.085, 1021.3
06:53:04, 23.1, 7.068, 0.083, 1021.1
06:53:05, 23.1, 7.098, 0.083, 1021.1
06:53:05, 23.1, 7.142, 0.080, 1020.8
06:53:06, 23.1, 7.069, 0.083, 1021.1
06:53:07, 23.1, 7.125, 0.079, 1020.7
06:53:07, 23.1, 7.125, 0.086, 1021.4
06:53:08, 23.1, 7.086, 0.083, 1021.1
06:53:08, 23.1, 7.136, 0.084, 1021.2
06:53:09, 23.1, 7.124, 0.084, 1021.2
06:53:10, 23.1, 7.123, 0.079, 1020.7
06:53:10, 23.1, 7.141, 0.087, 1021.5
06:53:11, 23.1, 7.140, 0.080, 1020.8
06:53:11, 23.1, 7.134, 0.085, 1021.3
06:53:12, 23.1, 7.124, 0.086, 1021.4
06:53:13, 23.1, 7.112, 0.081, 1020.9
06:53:13, 23.1, 7.055, 0.083, 1021.1
06:53:14, 23.1, 7.108, 0.085, 1021.3
06:53:15, 23.1, 7.112, 0.081, 1020.9
06:53:15, 23.1, 7.098, 0.084, 1021.2
06:53:16, 23.1, 7.066, 0.084, 1021.2
06:53:16, 23.1, 7.111, 0.083, 1021.1
06:53:17, 23.1, 7.114, 0.083, 1021.1
06:53:18, 23.1, 7.063, 0.083, 1021.1
06:53:18, 23.1, 7.103, 0.083, 1021.1
06:53:19, 23.1, 7.120, 0.086, 1021.4
06:53:20, 23.1, 7.098, 0.087, 1021.5
06:53:20, 23.1, 7.096, 0.083, 1021.1
06:53:21, 23.1, 7.099, 0.086, 1021.4
06:53:21, 23.1, 7.109, 0.080, 1020.8
06:53:22, 23.1, 7.055, 0.085, 1021.3
06:53:23, 23.1, 7.073, 0.084, 1021.2
06:53:23, 23.1, 7.114, 0.084, 1021.2
06:53:24, 23.1, 7.102, 0.084, 1021.2
06:53:24, 23.1, 7.034, 0.079, 1020.7
06:53:25, 23.1, 7.012, 0.083, 1021.1
06:53:26, 23.1, 7.019, 0.083, 1021.1
06:53:26, 23.1, 7.067, 0.079, 1020.7
06:53:27, 23.1, 7.096, 0.083, 1021.1
06:53:28, 23.1, 7.101, 0.084, 1021.2
06:53:28, 23.1, 7.097, 0.078, 1020.6
06:53:29, 23.1, 7.054, 0.081, 1020.9
06:53:29, 23.1, 7.100, 0.082, 1021.0
06:53:30, 23.1, 7.085, 0.083, 1021.1
06:53:31, 23.1, 7.075, 0.086, 1021.4
06:53:31, 23.1, 7.052, 0.082, 1021.0
06:53:32, 23.1, 7.019, 0.086, 1021.4
06:53:33, 23.1, 7.016, 0.085, 1021.3
06:53:33, 23.1, 7.010, 0.086, 1021.4
06:53:34, 23.1, 7.062, 0.083, 1021.1
06:53:34, 23.1, 7.071, 0.085, 1021.3
06:53:35, 23.1, 7.085, 0.085, 1021.3
06:53:36, 23.1, 7.070, 0.082, 1021.0
06:53:36, 23.1, 7.066, 0.088, 1021.6
06:53:37, 23.1, 7.059, 0.084, 1021.2
06:53:37, 23.1, 7.058, 0.081, 1020.9
06:53:38, 23.1, 7.017, 0.086, 1021.4
06:53:39, 23.1, 7.005, 0.084, 1021.2
06:53:39, 23.1, 7.043, 0.084, 1021.2
06:53:40, 23.1, 7.101, 0.083, 1021.1
06:53:41, 23.1, 7.097, 0.084, 1021.2
06:53:41, 23.1, 7.083, 0.082, 1021.0
06:53:42, 23.1, 7.104, 0.085, 1021.3
06:53:42, 23.1, 7.098, 0.082, 1021.0
06:53:43, 23.1, 7.083, 0.083, 1021.1
06:53:44, 23.1, 7.082, 0.083, 1021.1
06:53:44, 23.1, 7.093, 0.084, 1021.2
06:53:45, 23.1, 7.047, 0.081, 1020.9
06:53:46, 23.1, 7.126, 0.083, 1021.1
06:53:46, 23.1, 7.140, 0.083, 1021.1
06:53:47, 23.1, 7.140, 0.085, 1021.3
06:53:47, 23.1, 7.122, 0.083, 1021.1
06:53:48, 23.1, 7.119, 0.080, 1020.8
06:53:49, 23.1, 7.145, 0.086, 1021.4
06:53:49, 23.1, 7.132, 0.082, 1021.0
06:53:50, 23.1, 7.164, 0.084, 1021.2
06:53:51, 23.1, 7.080, 0.084, 1021.2
06:53:51, 23.1, 7.068, 0.086, 1021.4
06:53:52, 23.1, 7.054, 0.083, 1021.1
06:53:52, 23.1, 7.089, 0.084, 1021.2
06:53:53, 23.1, 7.093, 0.087, 1021.5
06:53:54, 23.1, 7.133, 0.083, 1021.1
06:53:54, 23.1, 7.120, 0.085, 1021.3
06:53:55, 23.1, 7.097, 0.084, 1021.2
06:53:55, 23.1, 7.101, 0.085, 1021.3
06:53:56, 23.1, 7.103, 0.085, 1021.3
06:53:57, 23.1, 7.097, 0.084, 1021.2
06:53:57, 23.1, 7.096, 0.089, 1021.7
06:53:58, 23.1, 7.120, 0.082, 1021.0
06:53:59, 23.1, 7.100, 0.082, 1021.0
06:53:59, 23.1, 7.096, 0.086, 1021.4
06:54:00, 23.1, 7.109, 0.085, 1021.3
06:54:00, 23.1, 7.151, 0.086, 1021.4
06:54:01, 23.1, 7.140, 0.082, 1021.0
06:54:02, 23.1, 7.115, 0.082, 1021.0
06:54:02, 23.1, 7.113, 0.087, 1021.5
06:54:03, 23.1, 7.081, 0.086, 1021.4
06:54:04, 23.1, 7.077, 0.085, 1021.3
06:54:04, 23.1, 7.088, 0.083, 1021.1
06:54:05, 23.1, 7.111, 0.086, 1021.4
06:54:05, 23.1, 7.105, 0.085, 1021.3
06:54:06, 23.1, 7.081, 0.086, 1021.4
06:54:07, 23.1, 7.086, 0.089, 1021.7
06:54:07, 23.1, 7.098, 0.083, 1021.1
06:54:08, 23.1, 7.134, 0.085, 1021.3
06:54:08, 23.2, 7.149, 0.084, 1021.2
06:54:09, 23.2, 7.141, 0.082, 1021.0
06:54:10, 23.2, 7.112, 0.085, 1021.3
06:54:10, 23.2, 7.068, 0.085, 1021.3
06:54:11, 23.2, 7.011, 0.084, 1021.2
06:54:12, 23.2, 7.069, 0.090, 1021.8
06:54:12, 23.2, 7.108, 0.087, 1021.5
06:54:13, 23.2, 7.136, 0.085, 1021.3
06:54:13, 23.2, 7.142, 0.080, 1020.8
06:54:14, 23.2, 7.109, 0.088, 1021.6
06:54:15, 23.2, 7.070, 0.087, 1021.5
06:54:15, 23.2, 7.079, 0.092, 1022.0
06:54:16, 23.2, 7.069, 0.089, 1021.7
06:54:17, 23.2, 7.055, 0.085, 1021.3
06:54:17, 23.2, 7.041, 0.084, 1021.2
06:54:18, 23.2, 7.067, 0.087, 1021.5
06:54:18, 23.2, 7.073, 0.089, 1021.7
06:54:19, 23.2, 7.132, 0.084, 1021.2
06:54:20, 23.2, 7.093, 0.085, 1021.3
06:54:20, 23.2, 7.107, 0.086, 1021.4
06:54:21, 23.2, 7.100, 0.085, 1021.3
06:54:21, 23.2, 7.108, 0.086, 1021.4
06:54:22, 23.2, 7.112, 0.086, 1021.4
06:54:23, 23.2, 7.041, 0.083, 1021.1
06:54:23, 23.2, 7.104, 0.085, 1021.3
06:54:24, 23.2, 7.119, 0.083, 1021.1
06:54:25, 23.2, 7.093, 0.086, 1021.4
06:54:25, 23.2, 7.125, 0.087, 1021.5
06:54:26, 23.2, 7.099, 0.081, 1020.9
06:54:26, 23.2, 7.069, 0.083, 1021.1
06:54:27, 23.2, 7.040, 0.083, 1021.1
06:54:28, 23.2, 7.030, 0.085, 1021.3
06:54:28, 23.2, 7.030, 0.086, 1021.4
06:54:29, 23.2, 7.026, 0.085, 1021.3
06:54:30, 23.3, 7.014, 0.090, 1021.8
06:54:30, 23.2, 7.014, 0.081, 1020.9
06:54:31, 23.2, 7.122, 0.087, 1021.5
06:54:31, 23.3, 7.126, 0.087, 1021.5
06:54:32, 23.3, 7.140, 0.083, 1021.1
06:54:33, 23.3, 7.089, 0.083, 1021.1
06:54:33, 23.3, 7.067, 0.087, 1021.5
06:54:34, 23.3, 7.081, 0.084, 1021.2
06:54:35, 23.3, 7.109, 0.087, 1021.5
06:54:35, 23.3, 7.094, 0.081, 1020.9
06:54:36, 23.3, 7.094, 0.090, 1021.8
06:54:36, 23.3, 7.161, 0.086, 1021.4
06:54:37, 23.3, 7.105, 0.086, 1021.4
06:54:38, 23.3, 7.138, 0.089, 1021.7
06:54:38, 23.3, 7.083, 0.109, 1023.7
06:54:39, 23.3, 7.098, 0.102, 1023.0
06:54:39, 23.3, 7.067, 0.097, 1022.5

04162026
0416202606:57:26, 23.8, 7.273, 0.086, 1021.4

0416202606:59:46, 24.1, 7.137, 0.081, 1020.9
06:59:46, 24.1, 7.137, 0.083, 1021.1
06:59:47, 24.1, 7.103, 0.081, 1020.9
06:59:47, 24.1, 7.101, 0.078, 1020.6
06:59:48, 24.1, 7.127, 0.078, 1020.6
06:59:49, 24.1, 7.119, 0.082, 1021.0
06:59:49, 24.1, 7.112, 0.080, 1020.8
06:59:50, 24.1, 7.110, 0.074, 1020.2
06:59:50, 24.1, 7.092, 0.074, 1020.2
06:59:51, 24.1, 7.093, 0.080, 1020.8
06:59:52, 24.1, 7.098, 0.078, 1020.6
06:59:52, 24.1, 7.095, 0.079, 1020.7
06:59:53, 24.1, 7.100, 0.081, 1020.9
06:59:54, 24.1, 7.110, 0.077, 1020.5
06:59:54, 24.0, 7.108, 0.081, 1020.9
06:59:55, 24.0, 7.090, 0.078, 1020.6
06:59:55, 24.0, 7.111, 0.077, 1020.5
06:59:56, 24.0, 7.128, 0.079, 1020.7
06:59:57, 24.0, 7.138, 0.078, 1020.6
06:59:57, 24.0, 7.125, 0.080, 1020.8
06:59:58, 24.0, 7.101, 0.077, 1020.5
06:59:59, 24.0, 7.120, 0.078, 1020.6
06:59:59, 24.0, 7.091, 0.080, 1020.8
07:00:00, 24.0, 7.093, 0.082, 1021.0
07:00:00, 24.0, 7.109, 0.080, 1020.8
07:00:01, 24.0, 7.148, 0.083, 1021.1
07:00:02, 24.0, 7.158, 0.079, 1020.7
07:00:02, 24.0, 7.137, 0.078, 1020.6
07:00:03, 24.0, 7.159, 0.077, 1020.5
07:00:03, 24.0, 7.178, 0.082, 1021.0
07:00:04, 24.0, 7.173, 0.083, 1021.1
07:00:05, 24.0, 7.193, 0.082, 1021.0
07:00:05, 24.0, 7.238, 0.080, 1020.8
07:00:06, 23.9, 7.191, 0.084, 1021.2
07:00:07, 23.9, 7.171, 0.081, 1020.9
07:00:07, 23.9, 7.142, 0.085, 1021.3
07:00:08, 23.9, 7.121, 0.080, 1020.8
07:00:08, 23.9, 7.156, 0.080, 1020.8
07:00:09, 23.9, 7.158, 0.078, 1020.6
07:00:10, 23.9, 7.163, 0.079, 1020.7
07:00:10, 23.9, 7.174, 0.078, 1020.6
07:00:11, 23.9, 7.164, 0.081, 1020.9
07:00:12, 23.9, 7.147, 0.078, 1020.6
07:00:12, 23.9, 7.140, 0.081, 1020.9
07:00:13, 23.9, 7.147, 0.081, 1020.9
07:00:13, 23.9, 7.155, 0.081, 1020.9
07:00:14, 23.9, 7.138, 0.083, 1021.1
07:00:15, 23.9, 7.128, 0.078, 1020.6
07:00:15, 23.9, 7.136, 0.081, 1020.9
07:00:16, 23.9, 7.135, 0.079, 1020.7
07:00:17, 23.9, 7.171, 0.081, 1020.9
07:00:17, 23.9, 7.147, 0.077, 1020.5
07:00:18, 23.9, 7.148, 0.080, 1020.8
07:00:18, 23.8, 7.145, 0.083, 1021.1
07:00:19, 23.8, 7.159, 0.079, 1020.7
07:00:20, 23.8, 7.152, 0.079, 1020.7
07:00:20, 23.8, 7.135, 0.083, 1021.1
07:00:21, 23.8, 7.137, 0.079, 1020.7
07:00:21, 23.8, 7.150, 0.081, 1020.9
07:00:22, 23.8, 7.138, 0.081, 1020.9
07:00:23, 23.8, 7.164, 0.079, 1020.7
07:00:23, 23.8, 7.164, 0.083, 1021.1
07:00:24, 23.8, 7.148, 0.082, 1021.0
07:00:25, 23.8, 7.163, 0.081, 1020.9
07:00:25, 23.8, 7.166, 0.083, 1021.1
07:00:26, 23.8, 7.165, 0.080, 1020.8
07:00:26, 23.8, 7.173, 0.082, 1021.0
07:00:27, 23.8, 7.182, 0.084, 1021.2
07:00:28, 23.8, 7.182, 0.081, 1020.9
07:00:28, 23.8, 7.208, 0.087, 1021.5
07:00:29, 23.8, 7.217, 0.080, 1020.8
07:00:30, 23.8, 7.227, 0.084, 1021.2
07:00:30, 23.8, 7.209, 0.085, 1021.3
07:00:31, 23.8, 7.173, 0.081, 1020.9
07:00:31, 23.8, 7.173, 0.081, 1020.9
07:00:32, 23.8, 7.181, 0.081, 1020.9
07:00:33, 23.8, 7.182, 0.084, 1021.2
07:00:33, 23.8, 7.155, 0.083, 1021.1
07:00:34, 23.8, 7.147, 0.085, 1021.3
07:00:34, 23.7, 7.174, 0.080, 1020.8
07:00:35, 23.7, 7.172, 0.081, 1020.9
07:00:36, 23.7, 7.191, 0.083, 1021.1
07:00:36, 23.7, 7.208, 0.080, 1020.8
07:00:37, 23.7, 7.205, 0.084, 1021.2
07:00:38, 23.7, 7.190, 0.081, 1020.9
07:00:38, 23.7, 7.175, 0.081, 1020.9
07:00:39, 23.7, 7.172, 0.080, 1020.8
07:00:39, 23.7, 7.190, 0.084, 1021.2
07:00:40, 23.7, 7.179, 0.083, 1021.1
07:00:41, 23.7, 7.174, 0.082, 1021.0
07:00:41, 23.7, 7.194, 0.085, 1021.3
07:00:42, 23.7, 7.156, 0.084, 1021.2
07:00:43, 23.7, 7.179, 0.083, 1021.1
07:00:43, 23.7, 7.181, 0.084, 1021.2
07:00:44, 23.7, 7.191, 0.081, 1020.9
07:00:44, 23.7, 7.181, 0.085, 1021.3
07:00:45, 23.7, 7.166, 0.080, 1020.8
07:00:46, 23.7, 7.164, 0.086, 1021.4
07:00:46, 23.7, 7.155, 0.081, 1020.9
07:00:47, 23.7, 7.152, 0.087, 1021.5
07:00:47, 23.7, 7.163, 0.082, 1021.0
07:00:48, 23.7, 7.157, 0.079, 1020.7
07:00:49, 23.7, 7.201, 0.080, 1020.8
07:00:49, 23.7, 7.202, 0.081, 1020.9
07:00:50, 23.7, 7.201, 0.082, 1021.0
07:00:51, 23.7, 7.177, 0.080, 1020.8
07:00:51, 23.7, 7.170, 0.085, 1021.3
07:00:52, 23.7, 7.190, 0.084, 1021.2
07:00:52, 23.7, 7.190, 0.082, 1021.0
07:00:53, 23.7, 7.172, 0.084, 1021.2
07:00:54, 23.7, 7.180, 0.086, 1021.4
07:00:54, 23.7, 7.143, 0.082, 1021.0
07:00:55, 23.7, 7.146, 0.084, 1021.2
07:00:56, 23.7, 7.164, 0.082, 1021.0
07:00:56, 23.7, 7.187, 0.082, 1021.0
07:00:57, 23.7, 7.194, 0.080, 1020.8
07:00:57, 23.7, 7.187, 0.083, 1021.1
07:00:58, 23.7, 7.167, 0.084, 1021.2
07:00:59, 23.7, 7.171, 0.081, 1020.9
07:00:59, 23.7, 7.154, 0.084, 1021.2
07:01:00, 23.7, 7.150, 0.087, 1021.5
07:01:00, 23.7, 7.168, 0.083, 1021.1
07:01:01, 23.7, 7.160, 0.088, 1021.6
07:01:02, 23.7, 7.157, 0.082, 1021.0
07:01:02, 23.7, 7.167, 0.080, 1020.8
07:01:03, 23.7, 7.152, 0.081, 1020.9
07:01:04, 23.7, 7.146, 0.089, 1021.7
07:01:04, 23.7, 7.148, 0.085, 1021.3
07:01:05, 23.7, 7.183, 0.084, 1021.2
07:01:05, 23.7, 7.171, 0.085, 1021.3
07:01:06, 23.6, 7.190, 0.082, 1021.0
07:01:07, 23.6, 7.163, 0.081, 1020.9
07:01:07, 23.6, 7.169, 0.080, 1020.8
07:01:08, 23.6, 7.137, 0.083, 1021.1
07:01:09, 23.6, 7.137, 0.083, 1021.1
07:01:09, 23.6, 7.146, 0.084, 1021.2
07:01:10, 23.6, 7.146, 0.080, 1020.8
07:01:10, 23.6, 7.129, 0.079, 1020.7
07:01:11, 23.6, 7.146, 0.082, 1021.0
07:01:12, 23.6, 7.147, 0.087, 1021.5
07:01:12, 23.6, 7.173, 0.084, 1021.2
07:01:13, 23.6, 7.193, 0.082, 1021.0
07:01:13, 23.6, 7.183, 0.081, 1020.9
07:01:14, 23.6, 7.167, 0.084, 1021.2
07:01:15, 23.6, 7.196, 0.081, 1020.9
07:01:15, 23.6, 7.215, 0.090, 1021.8
07:01:16, 23.6, 7.146, 0.086, 1021.4
07:01:17, 23.6, 7.142, 0.085, 1021.3
07:01:17, 23.6, 7.133, 0.080, 1020.8
07:01:18, 23.6, 7.155, 0.083, 1021.1
07:01:18, 23.6, 7.128, 0.081, 1020.9
07:01:19, 23.6, 7.110, 0.087, 1021.5
07:01:20, 23.6, 7.110, 0.083, 1021.1
07:01:20, 23.6, 7.150, 0.083, 1021.1
07:01:21, 23.6, 7.127, 0.085, 1021.3
07:01:22, 23.6, 7.146, 0.082, 1021.0
07:01:22, 23.6, 7.139, 0.083, 1021.1
07:01:23, 23.6, 7.133, 0.087, 1021.5
07:01:23, 23.6, 7.155, 0.083, 1021.1
07:01:24, 23.6, 7.137, 0.089, 1021.7
07:01:25, 23.6, 7.136, 0.088, 1021.6
07:01:25, 23.6, 7.137, 0.083, 1021.1
07:01:26, 23.6, 7.166, 0.084, 1021.2
07:01:27, 23.6, 7.164, 0.086, 1021.4
07:01:27, 23.6, 7.173, 0.083, 1021.1
07:01:28, 23.6, 7.160, 0.091, 1021.9
07:01:28, 23.6, 7.162, 0.082, 1021.0
07:01:29, 23.6, 7.136, 0.085, 1021.3
07:01:30, 23.6, 7.137, 0.087, 1021.5
07:01:30, 23.6, 7.147, 0.086, 1021.4
07:01:31, 23.6, 7.140, 0.085, 1021.3
07:01:31, 23.6, 7.137, 0.087, 1021.5
07:01:32, 23.6, 7.147, 0.089, 1021.7
07:01:33, 23.6, 7.130, 0.086, 1021.4
07:01:33, 23.6, 7.140, 0.084, 1021.2
07:01:34, 23.6, 7.124, 0.084, 1021.2
07:01:35, 23.6, 7.128, 0.082, 1021.0
07:01:35, 23.6, 7.136, 0.085, 1021.3
07:01:36, 23.6, 7.141, 0.087, 1021.5
07:01:36, 23.6, 7.153, 0.085, 1021.3
07:01:37, 23.6, 7.137, 0.082, 1021.0
07:01:38, 23.6, 7.147, 0.087, 1021.5
07:01:38, 23.6, 7.163, 0.086, 1021.4
07:01:39, 23.6, 7.155, 0.084, 1021.2
07:01:40, 23.6, 7.150, 0.089, 1021.7
07:01:40, 23.6, 7.154, 0.086, 1021.4
07:01:41, 23.6, 7.137, 0.083, 1021.1
07:01:41, 23.6, 7.155, 0.084, 1021.2
07:01:42, 23.6, 7.142, 0.085, 1021.3
07:01:43, 23.6, 7.142, 0.087, 1021.5
07:01:43, 23.6, 7.146, 0.084, 1021.2
07:01:44, 23.6, 7.167, 0.084, 1021.2
07:01:44, 23.6, 7.145, 0.088, 1021.6
07:01:45, 23.6, 7.204, 0.084, 1021.2
07:01:46, 23.6, 7.202, 0.085, 1021.3
07:01:46, 23.6, 7.172, 0.088, 1021.6
07:01:47, 23.6, 7.179, 0.086, 1021.4
07:01:48, 23.6, 7.198, 0.086, 1021.4
07:01:48, 23.6, 7.176, 0.085, 1021.3
07:01:49, 23.6, 7.187, 0.087, 1021.5
07:01:49, 23.6, 7.140, 0.080, 1020.8
07:01:50, 23.6, 7.110, 0.083, 1021.1
07:01:51, 23.6, 7.110, 0.086, 1021.4
07:01:51, 23.6, 7.110, 0.085, 1021.3
07:01:52, 23.6, 7.109, 0.089, 1021.7
07:01:53, 23.6, 7.119, 0.085, 1021.3
07:01:53, 23.6, 7.129, 0.086, 1021.4
07:01:54, 23.6, 7.102, 0.088, 1021.6
07:01:54, 23.6, 7.110, 0.088, 1021.6
07:01:55, 23.6, 7.091, 0.088, 1021.6
07:01:56, 23.6, 7.108, 0.083, 1021.1
07:01:56, 23.6, 7.101, 0.087, 1021.5
07:01:57, 23.6, 7.108, 0.088, 1021.6
07:01:58, 23.6, 7.014, 0.084, 1021.2
07:01:58, 23.6, 7.035, 0.084, 1021.2
07:01:59, 23.6, 7.004, 0.089, 1021.7
07:01:59, 23.6, 7.036, 0.081, 1020.9
07:02:00, 23.6, 7.004, 0.085, 1021.3
07:02:01, 23.6, 7.034, 0.082, 1021.0
07:02:01, 23.6, 7.036, 0.087, 1021.5
07:02:02, 23.6, 7.003, 0.083, 1021.1
07:02:03, 23.6, 7.036, 0.082, 1021.0
07:02:03, 23.6, 7.051, 0.086, 1021.4
07:02:04, 23.6, 7.026, 0.088, 1021.6
07:02:04, 23.6, 7.036, 0.090, 1021.8
07:02:05, 23.6, 7.021, 0.088, 1021.6
07:02:06, 23.6, 7.018, 0.088, 1021.6
07:02:06, 23.6, 7.014, 0.083, 1021.1
07:02:07, 23.6, 7.035, 0.086, 1021.4
07:02:07, 23.6, 7.019, 0.086, 1021.4
07:02:08, 23.6, 7.005, 0.090, 1021.8
07:02:09, 23.6, 7.021, 0.087, 1021.5
07:02:09, 23.6, 7.037, 0.088, 1021.6
07:02:10, 23.6, 7.032, 0.089, 1021.7
07:02:11, 23.6, 7.022, 0.085, 1021.3
07:02:11, 23.6, 7.055, 0.091, 1021.9
07:02:12, 23.6, 7.062, 0.083, 1021.1
07:02:12, 23.6, 7.080, 0.088, 1021.6
07:02:13, 23.6, 7.018, 0.087, 1021.5
07:02:14, 23.6, 7.026, 0.086, 1021.4
07:02:14, 23.6, 7.011, 0.088, 1021.6
07:02:15, 23.6, 7.005, 0.087, 1021.5
07:02:16, 23.6, 7.008, 0.089, 1021.7
07:02:16, 23.6, 7.000, 0.089, 1021.7
07:02:17, 23.6, 7.004, 0.090, 1021.8
07:02:17, 23.6, 7.009, 0.089, 1021.7
07:02:18, 23.6, 7.014, 0.091, 1021.9
07:02:19, 23.6, 7.075, 0.088, 1021.6
07:02:19, 23.6, 7.155, 0.086, 1021.4
07:02:20, 23.5, 7.102, 0.089, 1021.7
07:02:20, 23.5, 7.097, 0.088, 1021.6
07:02:21, 23.5, 7.110, 0.090, 1021.8
07:02:22, 23.5, 7.106, 0.092, 1022.0
07:02:22, 23.5, 7.066, 0.088, 1021.6
07:02:23, 23.5, 7.035, 0.088, 1021.6
07:02:24, 23.5, 7.019, 0.087, 1021.5
07:02:24, 23.5, 7.042, 0.090, 1021.8
07:02:25, 23.5, 7.045, 0.090, 1021.8
07:02:25, 23.5, 7.070, 0.085, 1021.3
07:02:26, 23.5, 7.050, 0.088, 1021.6
07:02:27, 23.5, 7.036, 0.087, 1021.5
07:02:27, 23.5, 7.034, 0.093, 1022.1
07:02:28, 23.5, 7.050, 0.086, 1021.4
07:02:29, 23.5, 7.052, 0.086, 1021.4
07:02:29, 23.5, 7.078, 0.086, 1021.4
07:02:30, 23.5, 7.085, 0.089, 1021.7
07:02:30, 23.5, 7.037, 0.085, 1021.3
07:02:31, 23.5, 7.028, 0.090, 1021.8
07:02:32, 23.5, 7.033, 0.089, 1021.7
07:02:32, 23.5, 7.011, 0.089, 1021.7
07:02:33, 23.5, 7.010, 0.087, 1021.5
07:02:33, 23.5, 7.017, 0.087, 1021.5
07:02:34, 23.5, 7.022, 0.094, 1022.2
07:02:35, 23.5, 7.021, 0.085, 1021.3
07:02:35, 23.5, 7.009, 0.088, 1021.6
07:02:36, 23.5, 7.015, 0.090, 1021.8
07:02:37, 23.5, 7.010, 0.088, 1021.6
07:02:37, 23.5, 7.036, 0.089, 1021.7
07:02:38, 23.5, 7.049, 0.091, 1021.9
07:02:38, 23.5, 7.016, 0.092, 1022.0
07:02:39, 23.5, 7.008, 0.084, 1021.2
07:02:40, 23.5, 7.021, 0.088, 1021.6
07:02:40, 23.5, 7.014, 0.088, 1021.6
07:02:41, 23.5, 7.021, 0.089, 1021.7
07:02:42, 23.5, 7.002, 0.090, 1021.8
07:02:42, 23.5, 7.001, 0.088, 1021.6
07:02:43, 23.5, 7.021, 0.094, 1022.2
07:02:43, 23.5, 7.011, 0.088, 1021.6
07:02:44, 23.5, 7.031, 0.089, 1021.7
07:02:45, 23.5, 7.042, 0.087, 1021.5
07:02:45, 23.5, 7.025, 0.091, 1021.9
07:02:46, 23.5, 7.024, 0.090, 1021.8
07:02:46, 23.5, 7.035, 0.092, 1022.0
07:02:47, 23.5, 7.058, 0.092, 1022.0
07:02:48, 23.5, 7.042, 0.092, 1022.0
07:02:48, 23.5, 7.047, 0.090, 1021.8
07:02:49, 23.5, 7.024, 0.093, 1022.1
07:02:50, 23.5, 7.011, 0.090, 1021.8
07:02:50, 23.5, 7.014, 0.089, 1021.7
07:02:51, 23.5, 7.004, 0.091, 1021.9
07:02:51, 23.5, 7.003, 0.092, 1022.0
07:02:52, 23.5, 7.005, 0.090, 1021.8
07:02:53, 23.5, 7.007, 0.091, 1021.9
07:02:53, 23.5, 7.004, 0.089, 1021.7
07:02:54, 23.5, 7.018, 0.090, 1021.8
07:02:55, 23.5, 7.009, 0.091, 1021.9
07:02:55, 23.5, 7.014, 0.093, 1022.1
07:02:56, 23.5, 7.013, 0.090, 1021.8
07:02:56, 23.5, 7.009, 0.090, 1021.8
07:02:57, 23.5, 7.018, 0.092, 1022.0
07:02:58, 23.5, 7.005, 0.091, 1021.9
07:02:58, 23.5, 7.004, 0.093, 1022.1
07:02:59, 23.5, 7.009, 0.090, 1021.8
07:02:59, 23.5, 7.023, 0.092, 1022.0
07:03:00, 23.5, 7.050, 0.095, 1022.3
07:03:01, 23.5, 7.051, 0.087, 1021.5
07:03:01, 23.5, 7.057, 0.091, 1021.9
07:03:02, 23.5, 7.027, 0.090, 1021.8
07:03:03, 23.5, 7.019, 0.094, 1022.2
07:03:03, 23.5, 7.004, 0.090, 1021.8
07:03:04, 23.5, 7.004, 0.092, 1022.0
07:03:04, 23.5, 7.013, 0.094, 1022.2
07:03:05, 23.5, 7.006, 0.094, 1022.2
07:03:06, 23.5, 7.005, 0.093, 1022.1
07:03:06, 23.5, 7.007, 0.089, 1021.7
07:03:07, 23.6, 7.005, 0.094, 1022.2
07:03:08, 23.5, 7.011, 0.092, 1022.0
07:03:08, 23.5, 7.003, 0.092, 1022.0
07:03:09, 23.5, 7.016, 0.093, 1022.1
07:03:09, 23.6, 7.005, 0.088, 1021.6
07:03:10, 23.5, 7.010, 0.087, 1021.5
07:03:11, 23.5, 7.016, 0.092, 1022.0
07:03:11, 23.5, 7.016, 0.089, 1021.7
07:03:12, 23.5, 7.005, 0.091, 1021.9
07:03:13, 23.5, 7.036, 0.088, 1021.6
07:03:13, 23.5, 7.007, 0.090, 1021.8
07:03:14, 23.5, 7.005, 0.094, 1022.2
07:03:14, 23.5, 7.024, 0.091, 1021.9
07:03:15, 23.5, 7.008, 0.095, 1022.3
07:03:16, 23.5, 7.015, 0.094, 1022.2
07:03:16, 23.5, 7.001, 0.091, 1021.9
07:03:17, 23.5, 7.022, 0.089, 1021.7
07:03:17, 23.5, 7.029, 0.090, 1021.8
07:03:18, 23.5, 7.004, 0.089, 1021.7
07:03:19, 23.5, 7.007, 0.088, 1021.6
07:03:19, 23.5, 7.024, 0.095, 1022.3
07:03:20, 23.5, 7.032, 0.099, 1022.7
07:03:21, 23.5, 7.032, 0.089, 1021.7
07:03:21, 23.5, 7.033, 0.093, 1022.1
07:03:22, 23.5, 7.044, 0.091, 1021.9
07:03:22, 23.5, 7.033, 0.092, 1022.0
07:03:23, 23.5, 7.021, 0.089, 1021.7
07:03:24, 23.5, 7.018, 0.093, 1022.1
07:03:24, 23.5, 7.024, 0.095, 1022.3
07:03:25, 23.5, 7.022, 0.092, 1022.0
07:03:26, 23.5, 7.022, 0.092, 1022.0
07:03:26, 23.5, 7.018, 0.092, 1022.0
07:03:27, 23.5, 7.026, 0.092, 1022.0
07:03:27, 23.5, 7.007, 0.095, 1022.3
07:03:28, 23.5, 7.052, 0.091, 1021.9
07:03:29, 23.5, 7.034, 0.095, 1022.3
07:03:29, 23.5, 7.000, 0.090, 1021.8
07:03:30, 23.5, 7.026, 0.091, 1021.9
07:03:30, 23.5, 7.037, 0.091, 1021.9
07:03:31, 23.5, 7.105, 0.090, 1021.8
07:03:32, 23.5, 7.102, 0.097, 1022.5
07:03:32, 23.5, 7.088, 0.090, 1021.8
07:03:33, 23.5, 7.023, 0.095, 1022.3
07:03:34, 23.5, 7.011, 0.092, 1022.0
07:03:34, 23.5, 7.005, 0.093, 1022.1
07:03:35, 23.5, 7.015, 0.093, 1022.1
07:03:35, 23.5, 7.022, 0.092, 1022.0
07:03:36, 23.5, 7.007, 0.092, 1022.0
07:03:37, 23.5, 7.018, 0.093, 1022.1
07:03:37, 23.5, 7.015, 0.095, 1022.3
07:03:38, 23.5, 7.003, 0.094, 1022.2
07:03:39, 23.5, 7.009, 0.093, 1022.1
07:03:39, 23.5, 7.007, 0.088, 1021.6
07:03:40, 23.5, 7.023, 0.095, 1022.3
07:03:40, 23.5, 7.015, 0.093, 1022.1
07:03:41, 23.5, 7.024, 0.095, 1022.3
07:03:42, 23.5, 7.042, 0.094, 1022.2
07:03:42, 23.5, 7.016, 0.094, 1022.2
07:03:43, 23.5, 7.037, 0.092, 1022.0
07:03:43, 23.5, 7.061, 0.092, 1022.0
07:03:44, 23.5, 7.065, 0.091, 1021.9
07:03:45, 23.5, 7.033, 0.091, 1021.9
07:03:45, 23.5, 7.002, 0.087, 1021.5
07:03:46, 23.5, 7.014, 0.089, 1021.7
07:03:47, 23.5, 7.033, 0.092, 1022.0
07:03:47, 23.5, 7.008, 0.095, 1022.3
07:03:48, 23.5, 7.006, 0.092, 1022.0
07:03:48, 23.5, 7.021, 0.094, 1022.2
07:03:49, 23.5, 7.029, 0.091, 1021.9
07:03:50, 23.5, 7.018, 0.098, 1022.6
07:03:50, 23.5, 7.069, 0.094, 1022.2
07:03:51, 23.5, 7.017, 0.090, 1021.8
07:03:52, 23.5, 7.003, 0.097, 1022.5
07:03:52, 23.5, 7.000, 0.089, 1021.7
07:03:53, 23.5, 7.006, 0.093, 1022.1
07:03:53, 23.5, 7.039, 0.092, 1022.0
07:03:54, 23.5, 7.055, 0.097, 1022.5
07:03:55, 23.5, 7.029, 0.090, 1021.8
07:03:55, 23.5, 7.006, 0.092, 1022.0
07:03:56, 23.5, 7.006, 0.095, 1022.3
07:03:56, 23.5, 7.016, 0.094, 1022.2
07:03:57, 23.5, 7.033, 0.092, 1022.0
07:03:58, 23.5, 7.025, 0.088, 1021.6
07:03:58, 23.5, 7.014, 0.093, 1022.1
07:03:59, 23.5, 7.024, 0.093, 1022.1
07:04:00, 23.5, 7.017, 0.095, 1022.3
07:04:00, 23.5, 7.017, 0.092, 1022.0
07:04:01, 23.5, 7.015, 0.094, 1022.2
07:04:01, 23.5, 7.011, 0.090, 1021.8
07:04:02, 23.5, 7.050, 0.092, 1022.0
07:04:03, 23.5, 7.037, 0.092, 1022.0
07:04:03, 23.5, 7.004, 0.096, 1022.4
07:04:04, 23.5, 7.014, 0.088, 1021.6
07:04:05, 23.5, 7.003, 0.097, 1022.5
07:04:05, 23.5, 7.025, 0.092, 1022.0
07:04:06, 23.6, 7.033, 0.093, 1022.1
07:04:06, 23.6, 7.022, 0.094, 1022.2
07:04:07, 23.6, 7.009, 0.092, 1022.0
07:04:08, 23.6, 7.006, 0.094, 1022.2
07:04:08, 23.6, 7.038, 0.088, 1021.6
07:04:09, 23.6, 7.057, 0.092, 1022.0
07:04:10, 23.6, 7.057, 0.097, 1022.5
07:04:10, 23.6, 7.120, 0.097, 1022.5
07:04:11, 23.6, 7.139, 0.092, 1022.0
07:04:11, 23.6, 7.132, 0.095, 1022.3
07:04:12, 23.6, 7.143, 0.097, 1022.5
07:04:13, 23.6, 7.123, 0.096, 1022.4
07:04:13, 23.6, 7.107, 0.092, 1022.0
07:04:14, 23.6, 7.066, 0.097, 1022.5
07:04:14, 23.6, 7.074, 0.090, 1021.8
07:04:15, 23.6, 7.080, 0.094, 1022.2
07:04:16, 23.6, 7.111, 0.093, 1022.1
07:04:16, 23.6, 7.113, 0.094, 1022.2
07:04:17, 23.6, 7.134, 0.096, 1022.4
07:04:18, 23.6, 7.123, 0.093, 1022.1
07:04:18, 23.6, 7.118, 0.095, 1022.3
07:04:19, 23.6, 7.086, 0.089, 1021.7
07:04:19, 23.6, 7.107, 0.096, 1022.4
07:04:20, 23.6, 7.111, 0.095, 1022.3
07:04:21, 23.6, 7.099, 0.093, 1022.1
07:04:21, 23.6, 7.096, 0.093, 1022.1
07:04:22, 23.6, 7.072, 0.090, 1021.8
07:04:23, 23.6, 7.032, 0.093, 1022.1
07:04:23, 23.6, 7.065, 0.098, 1022.6
07:04:24, 23.6, 7.037, 0.090, 1021.8
07:04:24, 23.6, 7.036, 0.098, 1022.6
07:04:25, 23.6, 7.067, 0.091, 1021.9
07:04:26, 23.6, 7.139, 0.094, 1022.2
07:04:26, 23.6, 7.104, 0.092, 1022.0
07:04:27, 23.6, 7.144, 0.095, 1022.3
07:04:27, 23.6, 7.136, 0.098, 1022.6
07:04:28, 23.6, 7.108, 0.095, 1022.3
07:04:29, 23.6, 7.109, 0.095, 1022.3
07:04:29, 23.6, 7.125, 0.095, 1022.3
07:04:30, 23.6, 7.112, 0.095, 1022.3
07:04:31, 23.6, 7.106, 0.091, 1021.9
07:04:31, 23.6, 7.125, 0.096, 1022.4
07:04:32, 23.6, 7.087, 0.093, 1022.1
07:04:32, 23.6, 7.081, 0.095, 1022.3
07:04:33, 23.6, 7.079, 0.093, 1022.1
07:04:34, 23.6, 7.061, 0.094, 1022.2
07:04:34, 23.6, 7.053, 0.096, 1022.4
07:04:35, 23.6, 7.060, 0.093, 1022.1
07:04:36, 23.6, 7.031, 0.093, 1022.1
07:04:36, 23.6, 7.107, 0.093, 1022.1
07:04:37, 23.6, 7.090, 0.091, 1021.9
07:04:37, 23.6, 7.110, 0.096, 1022.4
07:04:38, 23.6, 7.107, 0.097, 1022.5
07:04:39, 23.6, 7.125, 0.092, 1022.0
07:04:39, 23.6, 7.119, 0.094, 1022.2
07:04:40, 23.6, 7.102, 0.094, 1022.2
07:04:40, 23.6, 7.051, 0.089, 1021.7
07:04:41, 23.6, 7.095, 0.096, 1022.4
07:04:42, 23.6, 7.102, 0.093, 1022.1
07:04:42, 23.6, 7.105, 0.096, 1022.4
07:04:43, 23.7, 7.088, 0.093, 1022.1
07:04:44, 23.7, 7.107, 0.095, 1022.3
07:04:44, 23.7, 7.058, 0.096, 1022.4
07:04:45, 23.7, 7.086, 0.094, 1022.2
07:04:45, 23.7, 7.100, 0.094, 1022.2
07:04:46, 23.7, 7.102, 0.092, 1022.0
07:04:47, 23.7, 7.100, 0.091, 1021.9
07:04:47, 23.7, 7.110, 0.096, 1022.4
07:04:48, 23.7, 7.118, 0.091, 1021.9
07:04:49, 23.7, 7.127, 0.093, 1022.1
07:04:49, 23.7, 7.116, 0.093, 1022.1
07:04:50, 23.7, 7.081, 0.093, 1022.1
07:04:50, 23.7, 7.114, 0.092, 1022.0
07:04:51, 23.7, 7.067, 0.089, 1021.7
07:04:52, 23.7, 7.066, 0.095, 1022.3
07:04:52, 23.7, 7.080, 0.094, 1022.2
07:04:53, 23.7, 7.083, 0.090, 1021.8
07:04:54, 23.7, 7.099, 0.094, 1022.2
07:04:54, 23.7, 7.103, 0.091, 1021.9
07:04:55, 23.7, 7.111, 0.093, 1022.1
07:04:56, 23.7, 7.127, 0.092, 1022.0
07:04:56, 23.7, 7.109, 0.096, 1022.4
07:04:57, 23.7, 7.080, 0.096, 1022.4
07:04:58, 23.7, 7.080, 0.093, 1022.1
07:04:58, 23.7, 7.066, 0.095, 1022.3
07:04:59, 23.7, 7.050, 0.094, 1022.2
07:05:00, 23.7, 7.086, 0.094, 1022.2
07:05:00, 23.7, 7.038, 0.097, 1022.5
07:05:01, 23.7, 7.004, 0.096, 1022.4
07:05:02, 23.7, 7.051, 0.096, 1022.4
07:05:02, 23.6, 7.075, 0.094, 1022.2
07:05:03, 23.6, 7.023, 0.096, 1022.4
07:05:04, 23.6, 7.075, 0.095, 1022.3
07:05:04, 23.6, 7.121, 0.097, 1022.5
07:05:05, 23.7, 7.074, 0.097, 1022.5
07:05:06, 23.7, 7.077, 0.096, 1022.4
07:05:06, 23.7, 7.076, 0.094, 1022.2
07:05:07, 23.7, 7.067, 0.093, 1022.1
07:05:08, 23.7, 7.083, 0.093, 1022.1
07:05:08, 23.7, 7.049, 0.096, 1022.4
07:05:09, 23.7, 7.027, 0.092, 1022.0
07:05:10, 23.7, 7.066, 0.094, 1022.2
07:05:10, 23.7, 7.066, 0.093, 1022.1
07:05:11, 23.7, 7.092, 0.095, 1022.3
07:05:12, 23.7, 7.105, 0.096, 1022.4
07:05:12, 23.7, 7.070, 0.094, 1022.2
07:05:13, 23.7, 7.013, 0.100, 1022.8
07:05:13, 23.7, 7.035, 0.096, 1022.4
07:05:14, 23.7, 7.079, 0.094, 1022.2
07:05:15, 23.7, 7.068, 0.098, 1022.6
07:05:15, 23.7, 7.104, 0.096, 1022.4
07:05:16, 23.7, 7.117, 0.099, 1022.7
07:05:16, 23.7, 7.094, 0.094, 1022.2
07:05:17, 23.7, 7.111, 0.097, 1022.5
07:05:18, 23.7, 7.081, 0.097, 1022.5
07:05:18, 23.6, 7.028, 0.097, 1022.5
07:05:19, 23.6, 7.013, 0.098, 1022.6
07:05:20, 23.6, 7.007, 0.096, 1022.4
07:05:20, 23.6, 7.079, 0.092, 1022.0
07:05:21, 23.6, 7.105, 0.094, 1022.2
07:05:21, 23.6, 7.075, 0.097, 1022.5
07:05:22, 23.6, 7.078, 0.093, 1022.1
07:05:23, 23.6, 7.066, 0.097, 1022.5
07:05:23, 23.6, 7.099, 0.102, 1023.0
07:05:24, 23.6, 7.079, 0.098, 1022.6
07:05:24, 23.6, 7.060, 0.092, 1022.0
07:05:25, 23.6, 7.065, 0.099, 1022.7
07:05:26, 23.6, 7.106, 0.096, 1022.4
07:05:26, 23.6, 7.110, 0.097, 1022.5
07:05:27, 23.6, 7.113, 0.094, 1022.2
07:05:28, 23.6, 7.131, 0.095, 1022.3
07:05:28, 23.6, 7.125, 0.098, 1022.6
07:05:29, 23.6, 7.099, 0.099, 1022.7
07:05:29, 23.6, 7.096, 0.097, 1022.5
07:05:30, 23.6, 7.110, 0.097, 1022.5
07:05:31, 23.6, 7.068, 0.097, 1022.5
07:05:31, 23.6, 7.065, 0.096, 1022.4
07:05:32, 23.6, 7.015, 0.097, 1022.5
07:05:32, 23.6, 7.014, 0.094, 1022.2
07:05:33, 23.6, 7.035, 0.099, 1022.7
07:05:34, 23.6, 7.021, 0.098, 1022.6
07:05:34, 23.6, 7.012, 0.100, 1022.8
07:05:35, 23.6, 7.024, 0.101, 1022.9
07:05:36, 23.6, 7.025, 0.096, 1022.4
07:05:36, 23.6, 7.015, 0.098, 1022.6
07:05:37, 23.6, 7.005, 0.097, 1022.5
07:05:37, 23.6, 7.009, 0.094, 1022.2
07:05:38, 23.6, 7.014, 0.101, 1022.9
07:05:39, 23.6, 7.002, 0.099, 1022.7
07:05:39, 23.6, 7.009, 0.096, 1022.4
07:05:40, 23.6, 7.031, 0.094, 1022.2
07:05:40, 23.6, 7.066, 0.098, 1022.6
07:05:41, 23.6, 7.051, 0.097, 1022.5
07:05:42, 23.6, 7.002, 0.094, 1022.2
07:05:42, 23.6, 7.036, 0.095, 1022.3
07:05:43, 23.6, 7.026, 0.096, 1022.4
07:05:44, 23.6, 7.041, 0.098, 1022.6
07:05:44, 23.6, 7.065, 0.098, 1022.6
07:05:45, 23.6, 7.016, 0.097, 1022.5
07:05:45, 23.6, 7.050, 0.099, 1022.7
07:05:46, 23.6, 7.056, 0.095, 1022.3
07:05:47, 23.6, 7.064, 0.101, 1022.9
07:05:47, 23.6, 7.062, 0.098, 1022.6
07:05:48, 23.6, 7.066, 0.099, 1022.7
07:05:49, 23.6, 7.058, 0.094, 1022.2
07:05:49, 23.6, 7.026, 0.094, 1022.2
07:05:50, 23.6, 7.054, 0.100, 1022.8
07:05:50, 23.6, 7.009, 0.096, 1022.4
07:05:51, 23.6, 7.004, 0.099, 1022.7
07:05:52, 23.6, 7.005, 0.096, 1022.4
07:05:52, 23.6, 7.005, 0.096, 1022.4
07:05:53, 23.6, 7.006, 0.099, 1022.7
07:05:53, 23.6, 7.021, 0.097, 1022.5
07:05:54, 23.6, 7.027, 0.097, 1022.5
07:05:55, 23.6, 7.051, 0.098, 1022.6
07:05:55, 23.6, 7.005, 0.098, 1022.6
07:05:56, 23.6, 7.002, 0.097, 1022.5
07:05:57, 23.6, 7.017, 0.098, 1022.6
07:05:57, 23.6, 7.017, 0.097, 1022.5
07:05:58, 23.6, 7.023, 0.099, 1022.7
07:05:58, 23.6, 7.042, 0.094, 1022.2
07:05:59, 23.6, 7.045, 0.094, 1022.2
07:06:00, 23.6, 7.052, 0.097, 1022.5
07:06:00, 23.6, 7.052, 0.099, 1022.7
07:06:01, 23.6, 7.043, 0.096, 1022.4
07:06:01, 23.6, 7.011, 0.097, 1022.5
07:06:02, 23.6, 7.087, 0.097, 1022.5
07:06:03, 23.6, 7.110, 0.095, 1022.3
07:06:03, 23.6, 7.111, 0.101, 1022.9
07:06:04, 23.6, 7.121, 0.097, 1022.5
07:06:05, 23.6, 7.091, 0.097, 1022.5
07:06:05, 23.6, 7.075, 0.102, 1023.0
07:06:06, 23.6, 7.079, 0.101, 1022.9
07:06:06, 23.6, 7.048, 0.098, 1022.6
07:06:07, 23.6, 7.002, 0.100, 1022.8
07:06:08, 23.6, 7.019, 0.096, 1022.4
07:06:08, 23.6, 7.026, 0.100, 1022.8
07:06:09, 23.6, 7.021, 0.090, 1021.8
07:06:09, 23.6, 7.039, 0.097, 1022.5
07:06:10, 23.6, 7.080, 0.101, 1022.9
07:06:11, 23.6, 7.080, 0.097, 1022.5
07:06:11, 23.6, 7.138, 0.095, 1022.3
07:06:12, 23.6, 7.110, 0.097, 1022.5
07:06:13, 23.6, 7.111, 0.099, 1022.7
07:06:13, 23.6, 7.109, 0.095, 1022.3
07:06:14, 23.6, 7.097, 0.097, 1022.5
07:06:14, 23.6, 7.112, 0.096, 1022.4
07:06:15, 23.6, 7.110, 0.098, 1022.6
07:06:16, 23.6, 7.071, 0.098, 1022.6
07:06:16, 23.6, 7.002, 0.098, 1022.6
07:06:17, 23.6, 7.035, 0.102, 1023.0
07:06:17, 23.6, 7.094, 0.094, 1022.2
07:06:18, 23.6, 7.126, 0.100, 1022.8
07:06:19, 23.6, 7.140, 0.098, 1022.6
07:06:19, 23.6, 7.130, 0.097, 1022.5
07:06:20, 23.6, 7.141, 0.094, 1022.2
07:06:21, 23.6, 7.104, 0.098, 1022.6
07:06:21, 23.6, 7.066, 0.097, 1022.5
07:06:22, 23.6, 7.112, 0.094, 1022.2
07:06:22, 23.6, 7.125, 0.092, 1022.0
07:06:23, 23.6, 7.112, 0.101, 1022.9
07:06:24, 23.6, 7.094, 0.102, 1023.0
07:06:24, 23.6, 7.081, 0.096, 1022.4
07:06:25, 23.6, 7.110, 0.095, 1022.3
07:06:25, 23.6, 7.144, 0.096, 1022.4
07:06:26, 23.6, 7.175, 0.096, 1022.4
07:06:27, 23.6, 7.139, 0.098, 1022.6
07:06:27, 23.6, 7.124, 0.094, 1022.2
07:06:28, 23.6, 7.110, 0.095, 1022.3
07:06:29, 23.6, 7.124, 0.099, 1022.7
07:06:29, 23.6, 7.121, 0.095, 1022.3
07:06:30, 23.6, 7.086, 0.096, 1022.4
07:06:30, 23.6, 7.086, 0.098, 1022.6
07:06:31, 23.6, 7.088, 0.097, 1022.5
07:06:32, 23.6, 7.154, 0.095, 1022.3
07:06:32, 23.6, 7.138, 0.094, 1022.2
07:06:33, 23.6, 7.127, 0.101, 1022.9
07:06:33, 23.6, 7.125, 0.099, 1022.7
07:06:34, 23.6, 7.124, 0.098, 1022.6
07:06:35, 23.6, 7.110, 0.100, 1022.8
07:06:35, 23.6, 7.106, 0.097, 1022.5
07:06:36, 23.6, 7.125, 0.098, 1022.6
07:06:37, 23.6, 7.141, 0.098, 1022.6
07:06:37, 23.6, 7.149, 0.100, 1022.8
07:06:38, 23.6, 7.121, 0.100, 1022.8
07:06:38, 23.6, 7.091, 0.099, 1022.7
07:06:39, 23.6, 7.097, 0.100, 1022.8
07:06:40, 23.6, 7.128, 0.098, 1022.6
07:06:40, 23.6, 7.162, 0.099, 1022.7
07:06:41, 23.6, 7.141, 0.100, 1022.8
07:06:42, 23.6, 7.156, 0.098, 1022.6
07:06:42, 23.6, 7.156, 0.095, 1022.3
07:06:43, 23.6, 7.146, 0.097, 1022.5
07:06:43, 23.6, 7.122, 0.097, 1022.5
07:06:44, 23.6, 7.141, 0.098, 1022.6
07:06:45, 23.6, 7.195, 0.098, 1022.6
07:06:45, 23.6, 7.171, 0.098, 1022.6
07:06:46, 23.6, 7.168, 0.100, 1022.8
07:06:46, 23.6, 7.170, 0.099, 1022.7
07:06:47, 23.6, 7.140, 0.097, 1022.5
07:06:48, 23.6, 7.160, 0.097, 1022.5
07:06:48, 23.6, 7.132, 0.102, 1023.0
07:06:49, 23.6, 7.056, 0.096, 1022.4
07:06:50, 23.6, 7.066, 0.097, 1022.5
07:06:50, 23.6, 7.120, 0.099, 1022.7
07:06:51, 23.6, 7.184, 0.101, 1022.9
07:06:51, 23.6, 7.228, 0.101, 1022.9
07:06:52, 23.6, 7.229, 0.097, 1022.5
07:06:53, 23.6, 7.229, 0.101, 1022.9
07:06:53, 23.6, 7.217, 0.099, 1022.7
07:06:54, 23.6, 7.171, 0.095, 1022.3
07:06:54, 23.6, 7.200, 0.101, 1022.9
07:06:55, 23.6, 7.197, 0.098, 1022.6
07:06:56, 23.6, 7.155, 0.098, 1022.6
07:06:56, 23.6, 7.178, 0.099, 1022.7
07:06:57, 23.6, 7.156, 0.098, 1022.6
07:06:58, 23.6, 7.143, 0.096, 1022.4
07:06:58, 23.6, 7.128, 0.098, 1022.6
07:06:59, 23.6, 7.142, 0.098, 1022.6
07:06:59, 23.6, 7.173, 0.098, 1022.6
07:07:00, 23.6, 7.184, 0.099, 1022.7
07:07:01, 23.6, 7.187, 0.101, 1022.9
07:07:01, 23.6, 7.210, 0.097, 1022.5
07:07:02, 23.6, 7.170, 0.102, 1023.0
07:07:02, 23.6, 7.210, 0.099, 1022.7
07:07:03, 23.6, 7.215, 0.100, 1022.8
07:07:04, 23.6, 7.233, 0.098, 1022.6
07:07:04, 23.6, 7.238, 0.097, 1022.5
07:07:05, 23.6, 7.199, 0.100, 1022.8
07:07:06, 23.6, 7.184, 0.102, 1023.0
07:07:06, 23.6, 7.143, 0.097, 1022.5
07:07:07, 23.6, 7.129, 0.098, 1022.6
07:07:07, 23.6, 7.140, 0.096, 1022.4
07:07:08, 23.6, 7.080, 0.098, 1022.6
07:07:09, 23.6, 7.042, 0.097, 1022.5
07:07:09, 23.6, 7.110, 0.103, 1023.1
07:07:10, 23.6, 7.103, 0.100, 1022.8
07:07:10, 23.6, 7.081, 0.097, 1022.5
07:07:11, 23.6, 7.114, 0.101, 1022.9
07:07:12, 23.6, 7.130, 0.097, 1022.5
07:07:12, 23.6, 7.140, 0.101, 1022.9
07:07:13, 23.6, 7.172, 0.098, 1022.6
07:07:14, 23.6, 7.146, 0.099, 1022.7
07:07:14, 23.6, 7.168, 0.104, 1023.2
07:07:15, 23.6, 7.155, 0.101, 1022.9
07:07:15, 23.6, 7.115, 0.092, 1022.0
07:07:16, 23.6, 7.134, 0.100, 1022.8
07:07:17, 23.6, 7.165, 0.102, 1023.0
07:07:17, 23.6, 7.129, 0.096, 1022.4
07:07:18, 23.6, 7.200, 0.103, 1023.1
07:07:18, 23.6, 7.188, 0.098, 1022.6
07:07:19, 23.6, 7.200, 0.102, 1023.0
07:07:20, 23.6, 7.203, 0.098, 1022.6
07:07:20, 23.6, 7.199, 0.102, 1023.0
07:07:21, 23.6, 7.201, 0.100, 1022.8
07:07:22, 23.6, 7.159, 0.098, 1022.6
07:07:22, 23.6, 7.122, 0.102, 1023.0
07:07:23, 23.6, 7.140, 0.097, 1022.5
07:07:23, 23.6, 7.141, 0.095, 1022.3
07:07:24, 23.6, 7.155, 0.098, 1022.6
07:07:25, 23.6, 7.126, 0.100, 1022.8
07:07:25, 23.6, 7.080, 0.106, 1023.4
07:07:26, 23.6, 7.069, 0.098, 1022.6
07:07:27, 23.6, 7.084, 0.099, 1022.7
07:07:27, 23.6, 7.172, 0.098, 1022.6
07:07:28, 23.6, 7.156, 0.096, 1022.4
07:07:28, 23.6, 7.140, 0.099, 1022.7
07:07:29, 23.6, 7.161, 0.097, 1022.5
07:07:30, 23.6, 7.186, 0.099, 1022.7
07:07:30, 23.6, 7.183, 0.095, 1022.3
07:07:31, 23.6, 7.172, 0.099, 1022.7
07:07:31, 23.6, 7.192, 0.100, 1022.8
07:07:32, 23.6, 7.186, 0.099, 1022.7
07:07:33, 23.6, 7.170, 0.099, 1022.7
07:07:33, 23.6, 7.185, 0.100, 1022.8
07:07:34, 23.6, 7.198, 0.097, 1022.5
07:07:35, 23.6, 7.125, 0.098, 1022.6
07:07:35, 23.6, 7.139, 0.100, 1022.8
07:07:36, 23.6, 7.149, 0.096, 1022.4
07:07:36, 23.6, 7.152, 0.098, 1022.6
07:07:37, 23.6, 7.191, 0.098, 1022.6
07:07:38, 23.6, 7.171, 0.099, 1022.7
07:07:38, 23.6, 7.155, 0.098, 1022.6
07:07:39, 23.6, 7.184, 0.102, 1023.0
07:07:39, 23.6, 7.199, 0.105, 1023.3
07:07:40, 23.6, 7.185, 0.097, 1022.5
07:07:41, 23.6, 7.185, 0.101, 1022.9
07:07:41, 23.6, 7.172, 0.101, 1022.9
07:07:42, 23.6, 7.182, 0.104, 1023.2
07:07:43, 23.6, 7.154, 0.101, 1022.9
07:07:43, 23.6, 7.180, 0.100, 1022.8
07:07:44, 23.6, 7.193, 0.099, 1022.7
07:07:44, 23.6, 7.228, 0.096, 1022.4
07:07:45, 23.6, 7.185, 0.100, 1022.8
07:07:46, 23.6, 7.171, 0.099, 1022.7
07:07:46, 23.6, 7.146, 0.099, 1022.7
07:07:47, 23.6, 7.185, 0.103, 1023.1
07:07:47, 23.6, 7.153, 0.097, 1022.5
07:07:48, 23.6, 7.174, 0.102, 1023.0
07:07:49, 23.6, 7.146, 0.098, 1022.6
07:07:49, 23.6, 7.156, 0.100, 1022.8
07:07:50, 23.6, 7.246, 0.099, 1022.7
07:07:51, 23.6, 7.245, 0.099, 1022.7
07:07:51, 23.6, 7.218, 0.100, 1022.8
07:07:52, 23.6, 7.226, 0.099, 1022.7
07:07:52, 23.6, 7.238, 0.094, 1022.2
07:07:53, 23.6, 7.229, 0.096, 1022.4
07:07:54, 23.6, 7.229, 0.102, 1023.0
07:07:54, 23.6, 7.217, 0.100, 1022.8
07:07:55, 23.6, 7.229, 0.098, 1022.6
07:07:55, 23.6, 7.242, 0.096, 1022.4
07:07:56, 23.6, 7.230, 0.101, 1022.9
07:07:57, 23.6, 7.198, 0.098, 1022.6
07:07:57, 23.6, 7.165, 0.102, 1023.0
07:07:58, 23.6, 7.242, 0.101, 1022.9
07:07:59, 23.6, 7.240, 0.104, 1023.2
07:07:59, 23.6, 7.231, 0.103, 1023.1
07:08:00, 23.6, 7.215, 0.098, 1022.6
07:08:00, 23.6, 7.181, 0.100, 1022.8
07:08:01, 23.6, 7.270, 0.101, 1022.9
07:08:02, 23.6, 7.255, 0.102, 1023.0
07:08:02, 23.6, 7.248, 0.098, 1022.6
07:08:03, 23.6, 7.213, 0.105, 1023.3
07:08:03, 23.6, 7.241, 0.101, 1022.9
07:08:04, 23.6, 7.216, 0.098, 1022.6
07:08:05, 23.6, 7.245, 0.100, 1022.8
07:08:05, 23.6, 7.260, 0.106, 1023.4
07:08:06, 23.6, 7.225, 0.098, 1022.6
07:08:07, 23.6, 7.246, 0.104, 1023.2
07:08:07, 23.6, 7.244, 0.102, 1023.0
07:08:08, 23.6, 7.274, 0.099, 1022.7
07:08:08, 23.6, 7.275, 0.097, 1022.5
07:08:09, 23.6, 7.265, 0.103, 1023.1
07:08:10, 23.6, 7.259, 0.099, 1022.7
07:08:10, 23.6, 7.230, 0.098, 1022.6
07:08:11, 23.6, 7.185, 0.091, 1021.9
07:08:12, 23.6, 7.237, 0.096, 1022.4
07:08:12, 23.6, 7.260, 0.097, 1022.5
07:08:13, 23.6, 7.258, 0.097, 1022.5
07:08:13, 23.6, 7.245, 0.103, 1023.1
07:08:14, 23.6, 7.253, 0.098, 1022.6
07:08:15, 23.6, 7.197, 0.100, 1022.8
07:08:15, 23.6, 7.203, 0.101, 1022.9
07:08:16, 23.6, 7.197, 0.094, 1022.2
07:08:16, 23.6, 7.168, 0.098, 1022.6
07:08:17, 23.6, 7.152, 0.098, 1022.6
07:08:18, 23.6, 7.154, 0.098, 1022.6
07:08:18, 23.6, 7.123, 0.100, 1022.8
07:08:19, 23.6, 7.140, 0.099, 1022.7
07:08:20, 23.6, 7.162, 0.099, 1022.7
07:08:20, 23.6, 7.171, 0.103, 1023.1
07:08:21, 23.6, 7.215, 0.099, 1022.7
07:08:21, 23.6, 7.207, 0.100, 1022.8
07:08:22, 23.6, 7.261, 0.101, 1022.9
07:08:23, 23.6, 7.273, 0.099, 1022.7
07:08:23, 23.6, 7.234, 0.100, 1022.8
07:08:24, 23.6, 7.242, 0.094, 1022.2
07:08:24, 23.6, 7.233, 0.102, 1023.0
07:08:25, 23.6, 7.199, 0.102, 1023.0
07:08:26, 23.6, 7.202, 0.099, 1022.7
07:08:26, 23.6, 7.247, 0.098, 1022.6
07:08:27, 23.6, 7.230, 0.101, 1022.9
07:08:28, 23.6, 7.250, 0.099, 1022.7
07:08:28, 23.6, 7.268, 0.099, 1022.7
07:08:29, 23.6, 7.224, 0.098, 1022.6
07:08:29, 23.6, 7.218, 0.105, 1023.3
07:08:30, 23.6, 7.219, 0.100, 1022.8
07:08:31, 23.6, 7.230, 0.101, 1022.9
07:08:31, 23.6, 7.229, 0.101, 1022.9
07:08:32, 23.6, 7.240, 0.100, 1022.8
07:08:32, 23.6, 7.244, 0.104, 1023.2
07:08:33, 23.6, 7.215, 0.099, 1022.7
07:08:34, 23.6, 7.212, 0.100, 1022.8
07:08:34, 23.6, 7.197, 0.102, 1023.0
07:08:35, 23.6, 7.213, 0.103, 1023.1
07:08:36, 23.7, 7.225, 0.098, 1022.6
07:08:36, 23.7, 7.230, 0.103, 1023.1
07:08:37, 23.7, 7.238, 0.103, 1023.1
07:08:37, 23.7, 7.217, 0.101, 1022.9
07:08:38, 23.6, 7.221, 0.103, 1023.1
07:08:39, 23.7, 7.215, 0.102, 1023.0
07:08:39, 23.7, 7.229, 0.104, 1023.2
07:08:40, 23.7, 7.185, 0.101, 1022.9
07:08:40, 23.7, 7.155, 0.104, 1023.2
07:08:41, 23.7, 7.194, 0.099, 1022.7
07:08:42, 23.7, 7.172, 0.100, 1022.8
07:08:42, 23.7, 7.214, 0.103, 1023.1
07:08:43, 23.7, 7.205, 0.100, 1022.8
07:08:44, 23.7, 7.166, 0.101, 1022.9
07:08:44, 23.7, 7.153, 0.102, 1023.0
07:08:45, 23.7, 7.170, 0.099, 1022.7
07:08:45, 23.7, 7.178, 0.102, 1023.0
07:08:46, 23.7, 7.158, 0.104, 1023.2
07:08:47, 23.7, 7.172, 0.100, 1022.8
07:08:47, 23.7, 7.170, 0.106, 1023.4
07:08:48, 23.7, 7.172, 0.103, 1023.1
07:08:48, 23.7, 7.154, 0.100, 1022.8
07:08:49, 23.7, 7.185, 0.099, 1022.7
07:08:50, 23.7, 7.200, 0.106, 1023.4
07:08:50, 23.7, 7.202, 0.101, 1022.9
07:08:51, 23.7, 7.203, 0.102, 1023.0
07:08:52, 23.7, 7.193, 0.098, 1022.6
07:08:52, 23.7, 7.170, 0.103, 1023.1
07:08:53, 23.7, 7.201, 0.101, 1022.9
07:08:53, 23.7, 7.233, 0.101, 1022.9
07:08:54, 23.7, 7.175, 0.104, 1023.2
07:08:55, 23.7, 7.222, 0.104, 1023.2
07:08:55, 23.7, 7.216, 0.100, 1022.8
07:08:56, 23.7, 7.218, 0.103, 1023.1
07:08:57, 23.7, 7.212, 0.100, 1022.8
07:08:57, 23.7, 7.222, 0.104, 1023.2
07:08:58, 23.7, 7.266, 0.106, 1023.4
07:08:58, 23.7, 7.201, 0.101, 1022.9
07:08:59, 23.7, 7.173, 0.104, 1023.2
07:09:00, 23.7, 7.199, 0.099, 1022.7
07:09:00, 23.7, 7.208, 0.101, 1022.9
07:09:01, 23.7, 7.231, 0.102, 1023.0
07:09:01, 23.7, 7.229, 0.102, 1023.0
07:09:02, 23.7, 7.245, 0.101, 1022.9
07:09:03, 23.7, 7.211, 0.103, 1023.1
07:09:03, 23.7, 7.160, 0.101, 1022.9
07:09:04, 23.7, 7.211, 0.101, 1022.9
07:09:05, 23.7, 7.225, 0.103, 1023.1
07:09:05, 23.7, 7.220, 0.098, 1022.6
07:09:06, 23.7, 7.184, 0.104, 1023.2
07:09:06, 23.7, 7.138, 0.099, 1022.7
07:09:07, 23.7, 7.202, 0.105, 1023.3
07:09:08, 23.7, 7.211, 0.102, 1023.0
07:09:08, 23.7, 7.230, 0.101, 1022.9
07:09:09, 23.7, 7.228, 0.096, 1022.4
07:09:09, 23.7, 7.218, 0.103, 1023.1
07:09:10, 23.7, 7.196, 0.101, 1022.9
07:09:11, 23.7, 7.175, 0.099, 1022.7
07:09:11, 23.7, 7.209, 0.101, 1022.9
07:09:12, 23.7, 7.201, 0.100, 1022.8
07:09:13, 23.7, 7.212, 0.101, 1022.9
07:09:13, 23.7, 7.185, 0.102, 1023.0
07:09:14, 23.7, 7.185, 0.100, 1022.8
07:09:14, 23.7, 7.131, 0.099, 1022.7
07:09:15, 23.7, 7.141, 0.101, 1022.9
07:09:16, 23.7, 7.135, 0.099, 1022.7
07:09:16, 23.7, 7.136, 0.102, 1023.0
07:09:17, 23.7, 7.091, 0.099, 1022.7
07:09:17, 23.7, 7.066, 0.101, 1022.9
07:09:18, 23.7, 7.095, 0.103, 1023.1
07:09:19, 23.7, 7.110, 0.101, 1022.9
07:09:19, 23.7, 7.107, 0.106, 1023.4
07:09:20, 23.7, 7.154, 0.100, 1022.8
07:09:21, 23.7, 7.134, 0.105, 1023.3
07:09:21, 23.7, 7.111, 0.102, 1023.0
07:09:22, 23.7, 7.125, 0.104, 1023.2
07:09:22, 23.7, 7.110, 0.102, 1023.0
07:09:23, 23.7, 7.140, 0.104, 1023.2
07:09:24, 23.7, 7.169, 0.108, 1023.6
07:09:24, 23.7, 7.167, 0.102, 1023.0
07:09:25, 23.7, 7.215, 0.099, 1022.7
07:09:25, 23.7, 7.209, 0.101, 1022.9
07:09:26, 23.7, 7.185, 0.105, 1023.3
07:09:27, 23.7, 7.229, 0.103, 1023.1
07:09:27, 23.7, 7.152, 0.105, 1023.3
07:09:28, 23.7, 7.155, 0.100, 1022.8
07:09:29, 23.7, 7.181, 0.106, 1023.4
07:09:29, 23.7, 7.166, 0.101, 1022.9
07:09:30, 23.7, 7.169, 0.100, 1022.8
07:09:30, 23.7, 7.133, 0.100, 1022.8
07:09:31, 23.7, 7.162, 0.100, 1022.8
07:09:32, 23.7, 7.162, 0.101, 1022.9
07:09:32, 23.7, 7.143, 0.104, 1023.2
07:09:33, 23.7, 7.139, 0.103, 1023.1
07:09:33, 23.7, 7.114, 0.102, 1023.0
07:09:34, 23.7, 7.098, 0.101, 1022.9
07:09:35, 23.7, 7.166, 0.100, 1022.8
07:09:35, 23.7, 7.180, 0.102, 1023.0
07:09:36, 23.7, 7.121, 0.108, 1023.6
07:09:37, 23.7, 7.155, 0.099, 1022.7
07:09:37, 23.7, 7.174, 0.100, 1022.8
07:09:38, 23.7, 7.180, 0.104, 1023.2
07:09:38, 23.7, 7.185, 0.100, 1022.8
07:09:39, 23.7, 7.170, 0.103, 1023.1
07:09:40, 23.7, 7.155, 0.102, 1023.0
07:09:40, 23.7, 7.116, 0.102, 1023.0
07:09:41, 23.7, 7.144, 0.100, 1022.8
07:09:41, 23.7, 7.169, 0.103, 1023.1
07:09:42, 23.7, 7.191, 0.105, 1023.3
07:09:43, 23.7, 7.171, 0.102, 1023.0
07:09:43, 23.7, 7.170, 0.104, 1023.2
07:09:44, 23.7, 7.138, 0.102, 1023.0
07:09:45, 23.7, 7.184, 0.102, 1023.0
07:09:45, 23.7, 7.110, 0.107, 1023.5
07:09:46, 23.7, 7.024, 0.100, 1022.8
07:09:46, 23.7, 7.024, 0.103, 1023.1
07:09:47, 23.7, 7.110, 0.101, 1022.9
07:09:48, 23.7, 7.185, 0.101, 1022.9
07:09:48, 23.7, 7.195, 0.102, 1023.0
07:09:49, 23.7, 7.184, 0.105, 1023.3
07:09:50, 23.7, 7.167, 0.102, 1023.0
07:09:50, 23.7, 7.154, 0.103, 1023.1
07:09:51, 23.7, 7.145, 0.105, 1023.3
07:09:51, 23.7, 7.097, 0.102, 1023.0
07:09:52, 23.7, 7.075, 0.102, 1023.0
07:09:53, 23.7, 7.096, 0.106, 1023.4
07:09:53, 23.7, 7.082, 0.104, 1023.2
07:09:54, 23.7, 7.108, 0.100, 1022.8
07:09:54, 23.7, 7.188, 0.102, 1023.0
07:09:55, 23.7, 7.186, 0.106, 1023.4
07:09:56, 23.7, 7.203, 0.100, 1022.8
07:09:56, 23.7, 7.223, 0.102, 1023.0
07:09:57, 23.7, 7.229, 0.104, 1023.2
07:09:58, 23.7, 7.201, 0.105, 1023.3
07:09:58, 23.7, 7.153, 0.102, 1023.0
07:09:59, 23.7, 7.214, 0.101, 1022.9
07:09:59, 23.7, 7.231, 0.098, 1022.6
07:10:00, 23.7, 7.216, 0.100, 1022.8
07:10:01, 23.7, 7.238, 0.105, 1023.3
07:10:01, 23.7, 7.258, 0.101, 1022.9
07:10:02, 23.7, 7.272, 0.106, 1023.4
07:10:02, 23.7, 7.229, 0.104, 1023.2
07:10:03, 23.7, 7.189, 0.103, 1023.1
07:10:04, 23.7, 7.226, 0.104, 1023.2
07:10:04, 23.7, 7.257, 0.104, 1023.2
07:10:05, 23.7, 7.231, 0.104, 1023.2
07:10:06, 23.7, 7.260, 0.105, 1023.3
07:10:06, 23.7, 7.256, 0.099, 1022.7
07:10:07, 23.7, 7.246, 0.106, 1023.4
07:10:07, 23.7, 7.240, 0.102, 1023.0
07:10:08, 23.7, 7.240, 0.102, 1023.0
07:10:09, 23.7, 7.201, 0.103, 1023.1
07:10:09, 23.7, 7.213, 0.106, 1023.4
07:10:10, 23.7, 7.125, 0.103, 1023.1
07:10:10, 23.7, 7.103, 0.105, 1023.3
07:10:11, 23.7, 7.212, 0.107, 1023.5
07:10:12, 23.7, 7.230, 0.103, 1023.1
07:10:12, 23.7, 7.231, 0.107, 1023.5
07:10:13, 23.7, 7.215, 0.101, 1022.9
07:10:14, 23.7, 7.174, 0.107, 1023.5
07:10:14, 23.7, 7.197, 0.102, 1023.0
07:10:15, 23.7, 7.184, 0.107, 1023.5
07:10:15, 23.7, 7.183, 0.105, 1023.3
07:10:16, 23.7, 7.202, 0.100, 1022.8
07:10:17, 23.7, 7.230, 0.105, 1023.3
07:10:17, 23.7, 7.200, 0.105, 1023.3
07:10:18, 23.7, 7.172, 0.104, 1023.2
07:10:18, 23.7, 7.186, 0.105, 1023.3
07:10:19, 23.7, 7.197, 0.100, 1022.8
07:10:20, 23.7, 7.223, 0.100, 1022.8
07:10:20, 23.7, 7.201, 0.101, 1022.9
07:10:21, 23.7, 7.230, 0.101, 1022.9
07:10:22, 23.7, 7.218, 0.102, 1023.0
07:10:22, 23.7, 7.177, 0.102, 1023.0
07:10:23, 23.7, 7.224, 0.103, 1023.1
07:10:23, 23.7, 7.268, 0.104, 1023.2
07:10:24, 23.7, 7.229, 0.102, 1023.0
07:10:25, 23.7, 7.259, 0.102, 1023.0
07:10:25, 23.7, 7.244, 0.105, 1023.3
07:10:26, 23.7, 7.227, 0.101, 1022.9
07:10:26, 23.7, 7.230, 0.104, 1023.2
07:10:27, 23.7, 7.190, 0.100, 1022.8
07:10:28, 23.7, 7.164, 0.104, 1023.2
07:10:28, 23.7, 7.157, 0.103, 1023.1
07:10:29, 23.7, 7.175, 0.104, 1023.2
07:10:30, 23.7, 7.180, 0.105, 1023.3
07:10:30, 23.7, 7.195, 0.102, 1023.0
07:10:31, 23.7, 7.200, 0.106, 1023.4
07:10:31, 23.7, 7.203, 0.108, 1023.6
07:10:32, 23.7, 7.184, 0.108, 1023.6
07:10:33, 23.7, 7.157, 0.102, 1023.0
07:10:33, 23.7, 7.081, 0.104, 1023.2
07:10:34, 23.7, 7.143, 0.105, 1023.3
07:10:34, 23.7, 7.134, 0.106, 1023.4
07:10:35, 23.7, 7.171, 0.106, 1023.4
07:10:36, 23.7, 7.198, 0.104, 1023.2
07:10:36, 23.7, 7.209, 0.105, 1023.3
07:10:37, 23.7, 7.244, 0.106, 1023.4
07:10:38, 23.7, 7.215, 0.106, 1023.4
07:10:38, 23.7, 7.200, 0.106, 1023.4
07:10:39, 23.7, 7.224, 0.104, 1023.2
07:10:39, 23.7, 7.272, 0.100, 1022.8
07:10:40, 23.7, 7.211, 0.107, 1023.5
07:10:41, 23.7, 7.242, 0.103, 1023.1
07:10:41, 23.7, 7.259, 0.102, 1023.0
07:10:42, 23.7, 7.259, 0.104, 1023.2
07:10:43, 23.7, 7.215, 0.101, 1022.9
07:10:43, 23.7, 7.199, 0.101, 1022.9
07:10:44, 23.7, 7.216, 0.100, 1022.8
07:10:44, 23.7, 7.212, 0.102, 1023.0
07:10:45, 23.7, 7.185, 0.104, 1023.2
07:10:46, 23.7, 7.200, 0.106, 1023.4
07:10:46, 23.7, 7.193, 0.105, 1023.3
07:10:47, 23.7, 7.210, 0.104, 1023.2
07:10:47, 23.7, 7.244, 0.101, 1022.9
07:10:48, 23.7, 7.274, 0.105, 1023.3
07:10:49, 23.7, 7.279, 0.105, 1023.3
07:10:49, 23.7, 7.255, 0.110, 1023.8
07:10:50, 23.7, 7.154, 0.108, 1023.6
07:10:51, 23.7, 7.253, 0.102, 1023.0
07:10:51, 23.7, 7.250, 0.104, 1023.2
07:10:52, 23.7, 7.246, 0.098, 1022.6
07:10:52, 23.7, 7.274, 0.105, 1023.3
07:10:53, 23.7, 7.259, 0.108, 1023.6
07:10:54, 23.7, 7.260, 0.107, 1023.5
07:10:54, 23.7, 7.270, 0.102, 1023.0
07:10:55, 23.7, 7.261, 0.105, 1023.3
07:10:55, 23.7, 7.252, 0.106, 1023.4
07:10:56, 23.7, 7.273, 0.107, 1023.5
07:10:57, 23.7, 7.256, 0.102, 1023.0
07:10:57, 23.7, 7.271, 0.105, 1023.3
07:10:58, 23.7, 7.275, 0.104, 1023.2
07:10:59, 23.7, 7.230, 0.104, 1023.2
07:10:59, 23.7, 7.215, 0.102, 1023.0
07:11:00, 23.7, 7.203, 0.105, 1023.3
07:11:00, 23.7, 7.216, 0.104, 1023.2
07:11:01, 23.7, 7.228, 0.105, 1023.3
07:11:02, 23.7, 7.194, 0.102, 1023.0
07:11:02, 23.7, 7.233, 0.103, 1023.1
07:11:03, 23.7, 7.233, 0.105, 1023.3
07:11:03, 23.7, 7.274, 0.105, 1023.3
07:11:04, 23.7, 7.212, 0.109, 1023.7
07:11:05, 23.7, 7.244, 0.103, 1023.1
07:11:05, 23.7, 7.284, 0.102, 1023.0
07:11:06, 23.7, 7.272, 0.104, 1023.2
07:11:07, 23.7, 7.289, 0.104, 1023.2
07:11:07, 23.7, 7.285, 0.105, 1023.3
07:11:08, 23.7, 7.194, 0.106, 1023.4
07:11:08, 23.6, 7.257, 0.106, 1023.4
07:11:09, 23.6, 7.259, 0.107, 1023.5
07:11:10, 23.6, 7.259, 0.107, 1023.5
07:11:10, 23.7, 7.285, 0.100, 1022.8
07:11:11, 23.6, 7.239, 0.104, 1023.2
07:11:11, 23.6, 7.274, 0.105, 1023.3
07:11:12, 23.6, 7.258, 0.103, 1023.1
07:11:13, 23.6, 7.195, 0.101, 1022.9
07:11:13, 23.6, 7.228, 0.103, 1023.1
07:11:14, 23.6, 7.239, 0.108, 1023.6
07:11:15, 23.6, 7.233, 0.104, 1023.2
07:11:15, 23.6, 7.184, 0.104, 1023.2
07:11:16, 23.6, 7.121, 0.109, 1023.7
07:11:16, 23.6, 7.101, 0.103, 1023.1
07:11:17, 23.6, 7.087, 0.104, 1023.2
07:11:18, 23.6, 7.224, 0.106, 1023.4
07:11:18, 23.6, 7.265, 0.099, 1022.7
07:11:19, 23.6, 7.300, 0.106, 1023.4
07:11:19, 23.6, 7.283, 0.104, 1023.2
07:11:20, 23.6, 7.283, 0.105, 1023.3
07:11:21, 23.6, 7.215, 0.107, 1023.5
07:11:21, 23.6, 7.292, 0.107, 1023.5
07:11:22, 23.6, 7.285, 0.105, 1023.3
07:11:23, 23.6, 7.308, 0.109, 1023.7
07:11:23, 23.6, 7.133, 0.104, 1023.2
07:11:24, 23.6, 7.110, 0.104, 1023.2
07:11:24, 23.6, 7.140, 0.107, 1023.5
07:11:25, 23.6, 7.175, 0.104, 1023.2
07:11:26, 23.6, 7.228, 0.106, 1023.4
07:11:26, 23.6, 7.170, 0.102, 1023.0
07:11:27, 23.6, 7.206, 0.104, 1023.2
07:11:28, 23.6, 7.237, 0.103, 1023.1
07:11:28, 23.6, 7.258, 0.103, 1023.1
07:11:29, 23.7, 7.253, 0.108, 1023.6
07:11:29, 23.7, 7.243, 0.104, 1023.2
07:11:30, 23.7, 7.229, 0.106, 1023.4
07:11:31, 23.7, 7.195, 0.103, 1023.1
07:11:31, 23.7, 7.170, 0.107, 1023.5
07:11:32, 23.7, 7.169, 0.107, 1023.5
07:11:32, 23.7, 7.151, 0.108, 1023.6
07:11:33, 23.7, 7.116, 0.103, 1023.1
07:11:34, 23.7, 7.138, 0.109, 1023.7
07:11:34, 23.7, 7.100, 0.102, 1023.0
07:11:35, 23.6, 7.115, 0.100, 1022.8
07:11:36, 23.7, 7.305, 0.109, 1023.7
07:11:36, 23.7, 7.375, 0.101, 1022.9
07:11:37, 23.7, 7.368, 0.100, 1022.8
07:11:37, 23.7, 7.321, 0.104, 1023.2
07:11:38, 23.7, 7.301, 0.103, 1023.1
07:11:39, 23.6, 7.303, 0.105, 1023.3
07:11:39, 23.7, 7.288, 0.108, 1023.6
07:11:40, 23.7, 7.341, 0.107, 1023.5
07:11:40, 23.7, 7.357, 0.107, 1023.5
07:11:41, 23.7, 7.347, 0.108, 1023.6
07:11:42, 23.7, 7.302, 0.101, 1022.9
07:11:42, 23.7, 7.336, 0.103, 1023.1
07:11:43, 23.7, 7.334, 0.109, 1023.7
07:11:44, 23.7, 7.335, 0.102, 1023.0
07:11:44, 23.6, 7.298, 0.108, 1023.6
07:11:45, 23.7, 7.258, 0.103, 1023.1
07:11:45, 23.7, 7.233, 0.105, 1023.3
07:11:46, 23.7, 7.216, 0.105, 1023.3
07:11:47, 23.7, 7.171, 0.110, 1023.8
07:11:47, 23.7, 7.155, 0.108, 1023.6
07:11:48, 23.7, 7.164, 0.104, 1023.2
07:11:48, 23.7, 7.297, 0.105, 1023.3
07:11:49, 23.7, 7.308, 0.101, 1022.9
07:11:50, 23.6, 7.307, 0.102, 1023.0
07:11:50, 23.7, 7.276, 0.106, 1023.4
07:11:51, 23.7, 7.260, 0.106, 1023.4
07:11:52, 23.7, 7.287, 0.102, 1023.0
07:11:52, 23.7, 7.273, 0.105, 1023.3
07:11:53, 23.7, 7.271, 0.102, 1023.0
07:11:53, 23.7, 7.268, 0.107, 1023.5
07:11:54, 23.7, 7.313, 0.101, 1022.9
07:11:55, 23.7, 7.306, 0.105, 1023.3
07:11:55, 23.7, 7.302, 0.102, 1023.0
07:11:56, 23.7, 7.299, 0.108, 1023.6
07:11:56, 23.7, 7.269, 0.104, 1023.2
07:11:57, 23.7, 7.260, 0.107, 1023.5
07:11:58, 23.7, 7.306, 0.105, 1023.3
07:11:58, 23.7, 7.348, 0.104, 1023.2
07:11:59, 23.7, 7.319, 0.105, 1023.3
07:12:00, 23.7, 7.318, 0.107, 1023.5
07:12:00, 23.7, 7.320, 0.109, 1023.7
07:12:01, 23.7, 7.352, 0.105, 1023.3
07:12:01, 23.7, 7.288, 0.106, 1023.4
07:12:02, 23.7, 7.291, 0.106, 1023.4
07:12:03, 23.7, 7.284, 0.103, 1023.1
07:12:03, 23.7, 7.293, 0.105, 1023.3
07:12:04, 23.7, 7.263, 0.104, 1023.2
07:12:04, 23.7, 7.285, 0.108, 1023.6
07:12:05, 23.7, 7.279, 0.106, 1023.4
07:12:06, 23.7, 7.302, 0.107, 1023.5
07:12:06, 23.7, 7.287, 0.104, 1023.2
07:12:07, 23.7, 7.274, 0.102, 1023.0
07:12:08, 23.7, 7.304, 0.106, 1023.4
07:12:08, 23.7, 7.304, 0.104, 1023.2
07:12:09, 23.7, 7.307, 0.108, 1023.6
07:12:09, 23.7, 7.282, 0.107, 1023.5
07:12:10, 23.7, 7.269, 0.107, 1023.5
07:12:11, 23.7, 7.228, 0.107, 1023.5
07:12:11, 23.7, 7.258, 0.110, 1023.8
07:12:12, 23.7, 7.210, 0.106, 1023.4
07:12:13, 23.7, 7.196, 0.108, 1023.6
07:12:13, 23.7, 7.213, 0.106, 1023.4
07:12:14, 23.7, 7.243, 0.104, 1023.2
07:12:14, 23.7, 7.245, 0.107, 1023.5
07:12:15, 23.7, 7.244, 0.103, 1023.1
07:12:16, 23.7, 7.143, 0.108, 1023.6
07:12:16, 23.7, 7.235, 0.107, 1023.5
07:12:17, 23.7, 7.241, 0.103, 1023.1
07:12:17, 23.7, 7.245, 0.104, 1023.2
07:12:18, 23.7, 7.206, 0.105, 1023.3
07:12:19, 23.7, 7.179, 0.110, 1023.8
07:12:19, 23.7, 7.295, 0.104, 1023.2
07:12:20, 23.7, 7.244, 0.107, 1023.5
07:12:21, 23.7, 7.231, 0.108, 1023.6
07:12:21, 23.7, 7.243, 0.103, 1023.1
07:12:22, 23.7, 7.216, 0.102, 1023.0
07:12:22, 23.7, 7.193, 0.107, 1023.5
07:12:23, 23.7, 7.200, 0.106, 1023.4
07:12:24, 23.7, 7.215, 0.107, 1023.5
07:12:24, 23.7, 7.230, 0.105, 1023.3
07:12:25, 23.7, 7.253, 0.104, 1023.2
07:12:25, 23.7, 7.257, 0.103, 1023.1
07:12:26, 23.7, 7.245, 0.106, 1023.4
07:12:27, 23.7, 7.245, 0.104, 1023.2
07:12:27, 23.7, 7.216, 0.105, 1023.3
07:12:28, 23.7, 7.204, 0.107, 1023.5
07:12:29, 23.7, 7.175, 0.105, 1023.3
07:12:29, 23.7, 7.225, 0.106, 1023.4
07:12:30, 23.7, 7.183, 0.104, 1023.2
07:12:30, 23.7, 7.209, 0.106, 1023.4
07:12:31, 23.7, 7.220, 0.113, 1024.0
07:12:32, 23.7, 7.284, 0.104, 1023.2
07:12:32, 23.7, 7.304, 0.103, 1023.1
07:12:33, 23.7, 7.287, 0.102, 1023.0
07:12:33, 23.7, 7.260, 0.108, 1023.6
07:12:34, 23.7, 7.235, 0.107, 1023.5
07:12:35, 23.7, 7.244, 0.108, 1023.6
07:12:35, 23.7, 7.215, 0.103, 1023.1
07:12:36, 23.7, 7.180, 0.108, 1023.6
07:12:37, 23.7, 7.189, 0.105, 1023.3
07:12:37, 23.7, 7.170, 0.108, 1023.6
07:12:38, 23.7, 7.142, 0.105, 1023.3
07:12:38, 23.7, 7.258, 0.104, 1023.2
07:12:39, 23.7, 7.289, 0.106, 1023.4
07:12:40, 23.7, 7.289, 0.107, 1023.5
07:12:40, 23.7, 7.303, 0.109, 1023.7
07:12:41, 23.7, 7.305, 0.108, 1023.6
07:12:41, 23.7, 7.282, 0.108, 1023.6
07:12:42, 23.7, 7.290, 0.113, 1024.0
07:12:43, 23.7, 7.259, 0.106, 1023.4
07:12:43, 23.7, 7.258, 0.105, 1023.3
07:12:44, 23.7, 7.299, 0.111, 1023.9
07:12:45, 23.7, 7.319, 0.100, 1022.8
07:12:45, 23.7, 7.319, 0.105, 1023.3
07:12:46, 23.7, 7.298, 0.108, 1023.6
07:12:46, 23.7, 7.321, 0.106, 1023.4
07:12:47, 23.7, 7.289, 0.109, 1023.7
07:12:48, 23.7, 7.282, 0.106, 1023.4
07:12:48, 23.7, 7.330, 0.105, 1023.3
07:12:49, 23.7, 7.271, 0.105, 1023.3
07:12:49, 23.7, 7.307, 0.104, 1023.2
07:12:50, 23.7, 7.301, 0.104, 1023.2
07:12:51, 23.7, 7.325, 0.108, 1023.6
07:12:51, 23.7, 7.302, 0.105, 1023.3
07:12:52, 23.7, 7.333, 0.104, 1023.2
07:12:53, 23.7, 7.343, 0.106, 1023.4
07:12:53, 23.7, 7.348, 0.105, 1023.3
07:12:54, 23.7, 7.319, 0.106, 1023.4
07:12:54, 23.7, 7.293, 0.108, 1023.6
07:12:55, 23.7, 7.316, 0.105, 1023.3
07:12:56, 23.7, 7.257, 0.114, 1024.1
07:12:56, 23.7, 7.222, 0.110, 1023.8
07:12:57, 23.7, 7.244, 0.104, 1023.2
07:12:58, 23.7, 7.242, 0.108, 1023.6
07:12:58, 23.7, 7.270, 0.104, 1023.2
07:12:59, 23.7, 7.295, 0.108, 1023.6
07:12:59, 23.7, 7.315, 0.105, 1023.3
07:13:00, 23.7, 7.296, 0.114, 1024.1
07:13:01, 23.7, 7.361, 0.110, 1023.8
07:13:01, 23.7, 7.364, 0.111, 1023.9
07:13:02, 23.7, 7.336, 0.103, 1023.1
07:13:02, 23.7, 7.275, 0.108, 1023.6
07:13:03, 23.7, 7.296, 0.109, 1023.7
07:13:04, 23.7, 7.304, 0.109, 1023.7
07:13:04, 23.7, 7.333, 0.107, 1023.5
07:13:05, 23.7, 7.330, 0.105, 1023.3
07:13:06, 23.7, 7.289, 0.110, 1023.8
07:13:06, 23.7, 7.273, 0.104, 1023.2
07:13:07, 23.7, 7.303, 0.107, 1023.5
07:13:07, 23.7, 7.255, 0.107, 1023.5
07:13:08, 23.7, 7.288, 0.103, 1023.1
07:13:09, 23.7, 7.288, 0.103, 1023.1
07:13:09, 23.7, 7.286, 0.109, 1023.7
07:13:10, 23.7, 7.289, 0.106, 1023.4
07:13:10, 23.7, 7.263, 0.104, 1023.2
07:13:11, 23.7, 7.185, 0.108, 1023.6
07:13:12, 23.7, 7.236, 0.109, 1023.7
07:13:12, 23.7, 7.275, 0.108, 1023.6
07:13:13, 23.7, 7.284, 0.111, 1023.9
07:13:14, 23.7, 7.190, 0.105, 1023.3
07:13:14, 23.7, 7.143, 0.102, 1023.0
07:13:15, 23.7, 7.185, 0.107, 1023.5
07:13:15, 23.7, 7.208, 0.108, 1023.6
07:13:16, 23.7, 7.216, 0.105, 1023.3
07:13:17, 23.7, 7.259, 0.110, 1023.8
07:13:17, 23.7, 7.253, 0.109, 1023.7
07:13:18, 23.7, 7.258, 0.106, 1023.4
07:13:18, 23.7, 7.237, 0.101, 1022.9
07:13:19, 23.7, 7.259, 0.106, 1023.4
07:13:20, 23.7, 7.202, 0.109, 1023.7
07:13:20, 23.7, 7.152, 0.107, 1023.5
07:13:21, 23.7, 7.187, 0.110, 1023.8
07:13:22, 23.7, 7.186, 0.113, 1024.0
07:13:22, 23.7, 7.218, 0.104, 1023.2
07:13:23, 23.7, 7.234, 0.114, 1024.1
07:13:23, 23.7, 7.206, 0.110, 1023.8
07:13:24, 23.7, 7.250, 0.110, 1023.8
07:13:25, 23.7, 7.289, 0.110, 1023.8
07:13:25, 23.7, 7.303, 0.113, 1024.0
07:13:26, 23.7, 7.289, 0.107, 1023.5
07:13:26, 23.7, 7.304, 0.108, 1023.6
07:13:27, 23.7, 7.272, 0.106, 1023.4
07:13:28, 23.7, 7.230, 0.109, 1023.7
07:13:28, 23.7, 7.238, 0.108, 1023.6
07:13:29, 23.7, 7.233, 0.105, 1023.3
07:13:30, 23.7, 7.220, 0.110, 1023.8
07:13:30, 23.7, 7.243, 0.109, 1023.7
07:13:31, 23.7, 7.245, 0.106, 1023.4
07:13:31, 23.7, 7.251, 0.108, 1023.6
07:13:32, 23.7, 7.252, 0.106, 1023.4
07:13:33, 23.7, 7.243, 0.106, 1023.4
07:13:33, 23.7, 7.223, 0.110, 1023.8
07:13:34, 23.7, 7.170, 0.108, 1023.6
07:13:34, 23.7, 7.197, 0.105, 1023.3
07:13:35, 23.7, 7.230, 0.108, 1023.6
07:13:36, 23.7, 7.274, 0.107, 1023.5
07:13:36, 23.7, 7.308, 0.113, 1024.0
07:13:37, 23.7, 7.300, 0.102, 1023.0
07:13:38, 23.7, 7.245, 0.109, 1023.7
07:13:38, 23.7, 7.294, 0.107, 1023.5
07:13:39, 23.7, 7.305, 0.106, 1023.4
07:13:39, 23.7, 7.316, 0.103, 1023.1
07:13:40, 23.7, 7.302, 0.110, 1023.8
07:13:41, 23.7, 7.305, 0.113, 1024.0
07:13:41, 23.7, 7.303, 0.106, 1023.4
07:13:42, 23.7, 7.301, 0.107, 1023.5
07:13:43, 23.7, 7.279, 0.115, 1024.2
07:13:43, 23.7, 7.273, 0.108, 1023.6
07:13:44, 23.7, 7.279, 0.111, 1023.9
07:13:44, 23.7, 7.286, 0.107, 1023.5
07:13:45, 23.7, 7.292, 0.111, 1023.9
07:13:46, 23.7, 7.304, 0.107, 1023.5
07:13:46, 23.7, 7.286, 0.110, 1023.8
07:13:47, 23.7, 7.278, 0.104, 1023.2
07:13:47, 23.7, 7.257, 0.104, 1023.2
07:13:48, 23.7, 7.319, 0.106, 1023.4
07:13:49, 23.7, 7.287, 0.108, 1023.6
07:13:49, 23.7, 7.300, 0.109, 1023.7
07:13:50, 23.7, 7.290, 0.104, 1023.2
07:13:51, 23.7, 7.289, 0.107, 1023.5
07:13:51, 23.7, 7.310, 0.113, 1024.0
07:13:52, 23.7, 7.332, 0.107, 1023.5
07:13:52, 23.7, 7.334, 0.109, 1023.7
07:13:53, 23.7, 7.319, 0.109, 1023.7
07:13:54, 23.7, 7.331, 0.109, 1023.7
07:13:54, 23.7, 7.349, 0.108, 1023.6
07:13:55, 23.7, 7.379, 0.109, 1023.7
07:13:55, 23.7, 7.380, 0.108, 1023.6
07:13:56, 23.7, 7.363, 0.105, 1023.3
07:13:57, 23.7, 7.346, 0.110, 1023.8
07:13:57, 23.7, 7.289, 0.107, 1023.5
07:13:58, 23.7, 7.306, 0.111, 1023.9
07:13:59, 23.7, 7.301, 0.108, 1023.6
07:13:59, 23.7, 7.304, 0.109, 1023.7
07:14:00, 23.7, 7.235, 0.110, 1023.8
07:14:00, 23.7, 7.247, 0.109, 1023.7
07:14:01, 23.7, 7.223, 0.107, 1023.5
07:14:02, 23.7, 7.232, 0.104, 1023.2
07:14:02, 23.7, 7.328, 0.108, 1023.6
07:14:03, 23.7, 7.348, 0.110, 1023.8
07:14:03, 23.7, 7.247, 0.113, 1024.0
07:14:04, 23.7, 7.293, 0.106, 1023.4
07:14:05, 23.7, 7.291, 0.111, 1023.9
07:14:05, 23.7, 7.349, 0.107, 1023.5
07:14:06, 23.7, 7.343, 0.108, 1023.6
07:14:07, 23.7, 7.289, 0.110, 1023.8
07:14:07, 23.7, 7.286, 0.108, 1023.6
07:14:08, 23.7, 7.318, 0.106, 1023.4
07:14:08, 23.7, 7.281, 0.109, 1023.7
07:14:09, 23.7, 7.275, 0.107, 1023.5
07:14:10, 23.7, 7.286, 0.114, 1024.1
07:14:10, 23.7, 7.202, 0.110, 1023.8
07:14:11, 23.7, 7.232, 0.107, 1023.5
07:14:11, 23.7, 7.248, 0.107, 1023.5
07:14:12, 23.7, 7.210, 0.111, 1023.9
07:14:13, 23.7, 7.174, 0.111, 1023.9
07:14:13, 23.7, 7.183, 0.110, 1023.8
07:14:14, 23.7, 7.155, 0.109, 1023.7
07:14:15, 23.7, 7.158, 0.110, 1023.8
07:14:15, 23.7, 7.155, 0.109, 1023.7
07:14:16, 23.7, 7.272, 0.106, 1023.4
07:14:16, 23.7, 7.304, 0.106, 1023.4
07:14:17, 23.7, 7.268, 0.107, 1023.5
07:14:18, 23.7, 7.241, 0.113, 1024.0
07:14:18, 23.7, 7.337, 0.109, 1023.7
07:14:19, 23.7, 7.334, 0.111, 1023.9
07:14:19, 23.7, 7.308, 0.108, 1023.6
07:14:20, 23.7, 7.260, 0.107, 1023.5
07:14:21, 23.7, 7.278, 0.116, 1024.3
07:14:21, 23.7, 7.278, 0.107, 1023.5
07:14:22, 23.7, 7.289, 0.105, 1023.3
07:14:23, 23.7, 7.259, 0.108, 1023.6
07:14:23, 23.7, 7.274, 0.109, 1023.7
07:14:24, 23.7, 7.270, 0.108, 1023.6
07:14:24, 23.7, 7.333, 0.111, 1023.9
07:14:25, 23.7, 7.307, 0.108, 1023.6
07:14:26, 23.7, 7.289, 0.107, 1023.5
07:14:26, 23.7, 7.302, 0.107, 1023.5
07:14:27, 23.7, 7.299, 0.109, 1023.7
07:14:27, 23.7, 7.320, 0.110, 1023.8
07:14:28, 23.7, 7.317, 0.106, 1023.4
07:14:29, 23.7, 7.288, 0.106, 1023.4
07:14:29, 23.7, 7.289, 0.107, 1023.5
07:14:30, 23.7, 7.295, 0.105, 1023.3
07:14:31, 23.7, 7.319, 0.108, 1023.6
07:14:31, 23.7, 7.327, 0.108, 1023.6
07:14:32, 23.7, 7.330, 0.113, 1024.0
07:14:32, 23.7, 7.309, 0.108, 1023.6
07:14:33, 23.7, 7.330, 0.109, 1023.7
07:14:34, 23.7, 7.319, 0.111, 1023.9
07:14:34, 23.7, 7.361, 0.109, 1023.7
07:14:35, 23.7, 7.376, 0.109, 1023.7
07:14:36, 23.7, 7.388, 0.109, 1023.7
07:14:36, 23.7, 7.348, 0.107, 1023.5
07:14:37, 23.7, 7.330, 0.109, 1023.7
07:14:37, 23.7, 7.328, 0.113, 1024.0
07:14:38, 23.7, 7.340, 0.106, 1023.4
07:14:39, 23.7, 7.304, 0.107, 1023.5
07:14:39, 23.7, 7.288, 0.110, 1023.8
07:14:40, 23.7, 7.298, 0.109, 1023.7
07:14:40, 23.7, 7.299, 0.107, 1023.5
07:14:41, 23.7, 7.362, 0.110, 1023.8
07:14:42, 23.7, 7.368, 0.109, 1023.7
07:14:42, 23.7, 7.361, 0.111, 1023.9
07:14:43, 23.7, 7.355, 0.108, 1023.6
07:14:44, 23.7, 7.358, 0.108, 1023.6
07:14:44, 23.7, 7.319, 0.110, 1023.8
07:14:45, 23.7, 7.319, 0.111, 1023.9
07:14:45, 23.7, 7.383, 0.108, 1023.6
07:14:46, 23.7, 7.354, 0.113, 1024.0
07:14:47, 23.7, 7.305, 0.107, 1023.5
07:14:47, 23.7, 7.332, 0.111, 1023.9
07:14:48, 23.7, 7.275, 0.107, 1023.5
07:14:48, 23.7, 7.247, 0.110, 1023.8
07:14:49, 23.7, 7.290, 0.110, 1023.8
07:14:50, 23.7, 7.263, 0.113, 1024.0
07:14:50, 23.7, 7.334, 0.109, 1023.7
07:14:51, 23.7, 7.347, 0.109, 1023.7
07:14:52, 23.7, 7.335, 0.110, 1023.8
07:14:52, 23.7, 7.298, 0.110, 1023.8
07:14:53, 23.7, 7.339, 0.108, 1023.6
07:14:53, 23.7, 7.334, 0.110, 1023.8
07:14:54, 23.7, 7.326, 0.107, 1023.5
07:14:55, 23.7, 7.311, 0.110, 1023.8
07:14:55, 23.7, 7.348, 0.110, 1023.8
07:14:56, 23.7, 7.347, 0.108, 1023.6
07:14:56, 23.7, 7.286, 0.114, 1024.1
07:14:57, 23.7, 7.306, 0.111, 1023.9
07:14:58, 23.7, 7.305, 0.107, 1023.5
07:14:58, 23.7, 7.305, 0.114, 1024.1
07:14:59, 23.7, 7.331, 0.113, 1024.0
07:15:00, 23.7, 7.323, 0.106, 1023.4
07:15:00, 23.7, 7.319, 0.110, 1023.8
07:15:01, 23.7, 7.348, 0.109, 1023.7
07:15:01, 23.7, 7.309, 0.113, 1024.0
07:15:02, 23.7, 7.290, 0.113, 1024.0
07:15:03, 23.7, 7.323, 0.113, 1024.0
07:15:03, 23.7, 7.357, 0.106, 1023.4
07:15:04, 23.7, 7.291, 0.115, 1024.2
07:15:04, 23.7, 7.215, 0.110, 1023.8
07:15:05, 23.7, 7.212, 0.108, 1023.6
07:15:06, 23.7, 7.260, 0.109, 1023.7
07:15:06, 23.7, 7.303, 0.115, 1024.2
07:15:07, 23.7, 7.316, 0.110, 1023.8
07:15:08, 23.7, 7.301, 0.106, 1023.4
07:15:08, 23.7, 7.289, 0.110, 1023.8
07:15:09, 23.7, 7.341, 0.107, 1023.5
07:15:09, 23.7, 7.377, 0.111, 1023.9
07:15:10, 23.7, 7.368, 0.106, 1023.4
07:15:11, 23.7, 7.340, 0.106, 1023.4
07:15:11, 23.7, 7.348, 0.105, 1023.3
07:15:12, 23.7, 7.347, 0.106, 1023.4
07:15:12, 23.7, 7.342, 0.116, 1024.3
07:15:13, 23.7, 7.337, 0.113, 1024.0
07:15:14, 23.7, 7.304, 0.108, 1023.6
07:15:14, 23.7, 7.350, 0.109, 1023.7
07:15:15, 23.7, 7.381, 0.109, 1023.7
07:15:16, 23.7, 7.346, 0.109, 1023.7
07:15:16, 23.7, 7.330, 0.109, 1023.7
07:15:17, 23.7, 7.355, 0.111, 1023.9
07:15:17, 23.7, 7.371, 0.106, 1023.4
07:15:18, 23.7, 7.410, 0.110, 1023.8
07:15:19, 23.7, 7.362, 0.111, 1023.9
07:15:19, 23.7, 7.377, 0.107, 1023.5
07:15:20, 23.7, 7.392, 0.113, 1024.0
07:15:21, 23.7, 7.408, 0.106, 1023.4
07:15:21, 23.7, 7.437, 0.105, 1023.3
07:15:22, 23.7, 7.425, 0.113, 1024.0
07:15:22, 23.7, 7.368, 0.108, 1023.6
07:15:23, 23.7, 7.349, 0.109, 1023.7
07:15:24, 23.7, 7.319, 0.113, 1024.0
07:15:24, 23.7, 7.313, 0.108, 1023.6
07:15:25, 23.7, 7.276, 0.110, 1023.8
07:15:25, 23.7, 7.267, 0.108, 1023.6
07:15:26, 23.7, 7.347, 0.107, 1023.5
07:15:27, 23.7, 7.364, 0.110, 1023.8
07:15:27, 23.7, 7.410, 0.108, 1023.6
07:15:28, 23.7, 7.418, 0.114, 1024.1
07:15:29, 23.7, 7.450, 0.110, 1023.8
07:15:29, 23.7, 7.421, 0.109, 1023.7
07:15:30, 23.7, 7.423, 0.111, 1023.9
07:15:30, 23.7, 7.454, 0.107, 1023.5
07:15:31, 23.7, 7.453, 0.108, 1023.6
07:15:32, 23.7, 7.447, 0.109, 1023.7
07:15:32, 23.7, 7.422, 0.106, 1023.4
07:15:33, 23.7, 7.380, 0.113, 1024.0
07:15:33, 23.7, 7.432, 0.109, 1023.7
07:15:34, 23.7, 7.442, 0.113, 1024.0
07:15:35, 23.7, 7.455, 0.106, 1023.4
07:15:35, 23.7, 7.436, 0.113, 1024.0
07:15:36, 23.7, 7.403, 0.111, 1023.9
07:15:37, 23.7, 7.407, 0.108, 1023.6
07:15:37, 23.7, 7.423, 0.113, 1024.0
07:15:38, 23.7, 7.410, 0.107, 1023.5
07:15:38, 23.7, 7.452, 0.106, 1023.4
07:15:39, 23.7, 7.444, 0.109, 1023.7
07:15:40, 23.7, 7.437, 0.113, 1024.0
07:15:40, 23.7, 7.439, 0.108, 1023.6
07:15:41, 23.7, 7.437, 0.111, 1023.9
07:15:41, 23.7, 7.437, 0.116, 1024.3
07:15:42, 23.7, 7.420, 0.104, 1023.2
07:15:43, 23.7, 7.425, 0.110, 1023.8
07:15:43, 23.7, 7.441, 0.111, 1023.9
07:15:44, 23.7, 7.433, 0.110, 1023.8
07:15:45, 23.7, 7.423, 0.109, 1023.7
07:15:45, 23.7, 7.424, 0.106, 1023.4
07:15:46, 23.7, 7.468, 0.109, 1023.7
07:15:46, 23.7, 7.451, 0.107, 1023.5
07:15:47, 23.7, 7.438, 0.109, 1023.7
07:15:48, 23.7, 7.467, 0.106, 1023.4
07:15:48, 23.7, 7.447, 0.113, 1024.0
07:15:49, 23.7, 7.377, 0.110, 1023.8
07:15:49, 23.7, 7.375, 0.104, 1023.2
07:15:50, 23.7, 7.351, 0.111, 1023.9
07:15:51, 23.7, 7.345, 0.111, 1023.9
07:15:51, 23.7, 7.329, 0.108, 1023.6
07:15:52, 23.7, 7.348, 0.106, 1023.4
07:15:53, 23.7, 7.361, 0.109, 1023.7
07:15:53, 23.7, 7.394, 0.116, 1024.3
07:15:54, 23.7, 7.396, 0.113, 1024.0
07:15:54, 23.7, 7.414, 0.111, 1023.9
07:15:55, 23.7, 7.404, 0.111, 1023.9
07:15:56, 23.7, 7.353, 0.109, 1023.7
07:15:56, 23.7, 7.348, 0.108, 1023.6
07:15:57, 23.7, 7.349, 0.111, 1023.9
07:15:57, 23.7, 7.379, 0.109, 1023.7
07:15:58, 23.7, 7.363, 0.114, 1024.1
07:15:59, 23.7, 7.377, 0.111, 1023.9
07:15:59, 23.7, 7.405, 0.113, 1024.0
07:16:00, 23.7, 7.405, 0.113, 1024.0
07:16:01, 23.7, 7.402, 0.109, 1023.7
07:16:01, 23.7, 7.418, 0.109, 1023.7
07:16:02, 23.7, 7.423, 0.109, 1023.7
07:16:02, 23.7, 7.411, 0.109, 1023.7
07:16:03, 23.7, 7.383, 0.111, 1023.9
07:16:04, 23.7, 7.393, 0.110, 1023.8
07:16:04, 23.7, 7.402, 0.113, 1024.0
07:16:05, 23.7, 7.415, 0.109, 1023.7
07:16:05, 23.7, 7.428, 0.114, 1024.1
07:16:06, 23.7, 7.430, 0.108, 1023.6
07:16:07, 23.7, 7.438, 0.110, 1023.8
07:16:07, 23.7, 7.391, 0.107, 1023.5
07:16:08, 23.7, 7.338, 0.109, 1023.7
07:16:09, 23.7, 7.342, 0.111, 1023.9
07:16:09, 23.7, 7.322, 0.104, 1023.2
07:16:10, 23.7, 7.383, 0.114, 1024.1
07:16:10, 23.7, 7.410, 0.114, 1024.1
07:16:11, 23.7, 7.435, 0.113, 1024.0
07:16:12, 23.7, 7.422, 0.113, 1024.0
07:16:12, 23.7, 7.433, 0.110, 1023.8
07:16:13, 23.7, 7.437, 0.111, 1023.9
07:16:14, 23.7, 7.392, 0.113, 1024.0
07:16:14, 23.7, 7.426, 0.111, 1023.9
07:16:15, 23.7, 7.412, 0.110, 1023.8
07:16:15, 23.7, 7.410, 0.113, 1024.0
07:16:16, 23.7, 7.405, 0.108, 1023.6
07:16:17, 23.7, 7.415, 0.110, 1023.8
07:16:17, 23.7, 7.400, 0.107, 1023.5
07:16:18, 23.7, 7.382, 0.110, 1023.8
07:16:18, 23.7, 7.408, 0.109, 1023.7
07:16:19, 23.7, 7.399, 0.108, 1023.6
07:16:20, 23.7, 7.378, 0.110, 1023.8
07:16:20, 23.7, 7.416, 0.110, 1023.8
07:16:21, 23.7, 7.423, 0.114, 1024.1
07:16:22, 23.7, 7.378, 0.109, 1023.7
07:16:22, 23.7, 7.355, 0.110, 1023.8
07:16:23, 23.7, 7.354, 0.114, 1024.1
07:16:23, 23.7, 7.379, 0.108, 1023.6
07:16:24, 23.7, 7.367, 0.107, 1023.5
07:16:25, 23.7, 7.364, 0.110, 1023.8
07:16:25, 23.7, 7.362, 0.111, 1023.9
07:16:26, 23.7, 7.375, 0.116, 1024.3
07:16:26, 23.7, 7.394, 0.108, 1023.6
07:16:27, 23.7, 7.313, 0.111, 1023.9
07:16:28, 23.7, 7.289, 0.114, 1024.1
07:16:28, 23.7, 7.377, 0.109, 1023.7
07:16:29, 23.7, 7.348, 0.110, 1023.8
07:16:30, 23.7, 7.383, 0.109, 1023.7
07:16:30, 23.7, 7.374, 0.116, 1024.3
07:16:31, 23.7, 7.377, 0.113, 1024.0
07:16:31, 23.7, 7.398, 0.114, 1024.1
07:16:32, 23.7, 7.376, 0.106, 1023.4
07:16:33, 23.7, 7.372, 0.113, 1024.0
07:16:33, 23.7, 7.376, 0.109, 1023.7
07:16:34, 23.7, 7.384, 0.110, 1023.8
07:16:34, 23.7, 7.403, 0.108, 1023.6
07:16:35, 23.7, 7.395, 0.111, 1023.9
07:16:36, 23.7, 7.375, 0.110, 1023.8
07:16:36, 23.7, 7.396, 0.109, 1023.7
07:16:37, 23.7, 7.385, 0.114, 1024.1
07:16:38, 23.7, 7.364, 0.113, 1024.0
07:16:38, 23.7, 7.377, 0.111, 1023.9
07:16:39, 23.7, 7.408, 0.111, 1023.9
07:16:39, 23.7, 7.412, 0.109, 1023.7
07:16:40, 23.7, 7.394, 0.119, 1024.6
07:16:41, 23.7, 7.303, 0.110, 1023.8
07:16:41, 23.7, 7.340, 0.110, 1023.8
07:16:42, 23.7, 7.340, 0.113, 1024.0
07:16:42, 23.7, 7.382, 0.108, 1023.6
07:16:43, 23.7, 7.375, 0.110, 1023.8
07:16:44, 23.7, 7.393, 0.107, 1023.5
07:16:44, 23.7, 7.391, 0.109, 1023.7
07:16:45, 23.7, 7.378, 0.108, 1023.6
07:16:46, 23.7, 7.331, 0.109, 1023.7
07:16:46, 23.7, 7.387, 0.110, 1023.8
07:16:47, 23.7, 7.419, 0.110, 1023.8
07:16:47, 23.7, 7.397, 0.113, 1024.0
07:16:48, 23.7, 7.364, 0.110, 1023.8
07:16:49, 23.7, 7.354, 0.113, 1024.0
07:16:49, 23.7, 7.394, 0.108, 1023.6
07:16:50, 23.7, 7.384, 0.108, 1023.6
07:16:50, 23.7, 7.392, 0.113, 1024.0
07:16:51, 23.7, 7.330, 0.113, 1024.0
07:16:52, 23.7, 7.318, 0.110, 1023.8
07:16:52, 23.7, 7.347, 0.110, 1023.8
07:16:53, 23.7, 7.292, 0.110, 1023.8
07:16:54, 23.7, 7.329, 0.110, 1023.8
07:16:54, 23.7, 7.352, 0.113, 1024.0
07:16:55, 23.7, 7.349, 0.113, 1024.0
07:16:55, 23.7, 7.356, 0.115, 1024.2
07:16:56, 23.7, 7.381, 0.114, 1024.1
07:16:57, 23.7, 7.355, 0.115, 1024.2
07:16:57, 23.7, 7.378, 0.115, 1024.2
07:16:58, 23.7, 7.378, 0.108, 1023.6
07:16:59, 23.7, 7.395, 0.110, 1023.8
07:16:59, 23.7, 7.385, 0.116, 1024.3
07:17:00, 23.7, 7.379, 0.110, 1023.8
07:17:00, 23.7, 7.370, 0.108, 1023.6
07:17:01, 23.7, 7.363, 0.113, 1024.0
07:17:02, 23.7, 7.331, 0.110, 1023.8
07:17:02, 23.7, 7.336, 0.111, 1023.9
07:17:03, 23.7, 7.341, 0.109, 1023.7
07:17:03, 23.7, 7.338, 0.109, 1023.7
07:17:04, 23.7, 7.349, 0.109, 1023.7
07:17:05, 23.7, 7.365, 0.108, 1023.6
07:17:05, 23.7, 7.364, 0.114, 1024.1
07:17:06, 23.7, 7.366, 0.113, 1024.0
07:17:07, 23.7, 7.386, 0.110, 1023.8
07:17:07, 23.7, 7.367, 0.110, 1023.8
07:17:08, 23.7, 7.393, 0.111, 1023.9
07:17:08, 23.7, 7.376, 0.111, 1023.9
07:17:09, 23.7, 7.347, 0.111, 1023.9
07:17:10, 23.7, 7.376, 0.111, 1023.9
07:17:10, 23.7, 7.373, 0.110, 1023.8
07:17:11, 23.7, 7.361, 0.108, 1023.6
07:17:11, 23.7, 7.336, 0.110, 1023.8
07:17:12, 23.7, 7.348, 0.109, 1023.7
07:17:13, 23.7, 7.315, 0.111, 1023.9
07:17:13, 23.7, 7.257, 0.115, 1024.2
07:17:14, 23.7, 7.297, 0.109, 1023.7
07:17:15, 23.7, 7.333, 0.110, 1023.8
07:17:15, 23.7, 7.393, 0.108, 1023.6
07:17:16, 23.7, 7.392, 0.115, 1024.2
07:17:16, 23.7, 7.353, 0.114, 1024.1
07:17:17, 23.7, 7.386, 0.115, 1024.2
07:17:18, 23.7, 7.369, 0.111, 1023.9
07:17:18, 23.7, 7.309, 0.113, 1024.0
07:17:19, 23.7, 7.304, 0.113, 1024.0
07:17:19, 23.7, 7.256, 0.115, 1024.2
07:17:20, 23.7, 7.292, 0.109, 1023.7
07:17:21, 23.7, 7.298, 0.119, 1024.6
07:17:21, 23.7, 7.288, 0.107, 1023.5
07:17:22, 23.7, 7.312, 0.110, 1023.8
07:17:23, 23.7, 7.332, 0.109, 1023.7
07:17:23, 23.7, 7.350, 0.113, 1024.0
07:17:24, 23.7, 7.393, 0.111, 1023.9
07:17:24, 23.7, 7.349, 0.113, 1024.0
07:17:25, 23.7, 7.323, 0.111, 1023.9
07:17:26, 23.7, 7.326, 0.108, 1023.6
07:17:26, 23.7, 7.301, 0.109, 1023.7
07:17:27, 23.7, 7.275, 0.113, 1024.0
07:17:27, 23.7, 7.279, 0.110, 1023.8
07:17:28, 23.7, 7.287, 0.109, 1023.7
07:17:29, 23.7, 7.280, 0.111, 1023.9
07:17:29, 23.7, 7.289, 0.110, 1023.8
07:17:30, 23.7, 7.271, 0.114, 1024.1
07:17:31, 23.7, 7.277, 0.113, 1024.0
07:17:31, 23.7, 7.279, 0.119, 1024.6
07:17:32, 23.7, 7.330, 0.114, 1024.1
07:17:32, 23.7, 7.323, 0.109, 1023.7
07:17:33, 23.7, 7.366, 0.109, 1023.7
07:17:34, 23.7, 7.421, 0.117, 1024.4
07:17:34, 23.7, 7.467, 0.111, 1023.9
07:17:35, 23.7, 7.467, 0.108, 1023.6
07:17:35, 23.9, 7.414, 0.114, 1024.1
07:17:36, 24.9, 7.362, 0.107, 1023.5
07:17:37, 25.2, 7.362, 0.108, 1023.6
07:17:37, 25.2, 7.377, 0.113, 1024.0
07:17:38, 26.3, 7.455, 0.115, 1024.2
07:17:39, 26.5, 7.469, 0.113, 1024.0
07:17:39, 26.3, 7.465, 0.108, 1023.6
07:17:40, 27.3, 7.459, 0.115, 1024.2
07:17:40, 27.6, 7.455, 0.114, 1024.1
07:17:41, 27.6, 7.461, 0.115, 1024.2
07:17:42, 27.7, 7.453, 0.109, 1023.7
07:17:42, 27.6, 7.363, 0.111, 1023.9
07:17:43, 27.6, 7.434, 0.115, 1024.2
07:17:43, 27.5, 7.433, 0.116, 1024.3
07:17:44, 27.4, 7.468, 0.111, 1023.9
07:17:45, 27.3, 7.467, 0.111, 1023.9
07:17:45, 27.3, 7.484, 0.115, 1024.2
07:17:46, 27.2, 7.452, 0.111, 1023.9
07:17:47, 27.0, 7.422, 0.113, 1024.0
07:17:47, 26.9, 7.419, 0.116, 1024.3
07:17:48, 26.8, 7.429, 0.111, 1023.9
07:17:48, 26.7, 7.470, 0.117, 1024.4
07:17:49, 26.6, 7.429, 0.109, 1023.7
07:17:50, 26.5, 7.386, 0.114, 1024.1
07:17:50, 26.4, 7.360, 0.114, 1024.1
07:17:51, 26.2, 7.348, 0.111, 1023.9
07:17:52, 26.1, 7.445, 0.110, 1023.8
07:17:52, 26.0, 7.474, 0.115, 1024.2
07:17:53, 25.9, 7.400, 0.115, 1024.2
07:17:53, 25.8, 7.355, 0.108, 1023.6
07:17:54, 25.7, 7.319, 0.115, 1024.2
07:17:55, 25.6, 7.367, 0.116, 1024.3
07:17:55, 25.5, 7.393, 0.114, 1024.1
07:17:56, 25.4, 7.421, 0.115, 1024.2
07:17:56, 25.2, 7.432, 0.114, 1024.1
07:17:57, 25.2, 7.407, 0.110, 1023.8
07:17:58, 25.1, 7.378, 0.113, 1024.0
07:17:58, 25.0, 7.346, 0.116, 1024.3
07:17:59, 24.9, 7.363, 0.113, 1024.0
07:18:00, 24.8, 7.384, 0.111, 1023.9
07:18:00, 24.7, 7.366, 0.115, 1024.2
07:18:01, 24.7, 7.319, 0.109, 1023.7
07:18:01, 24.6, 7.387, 0.109, 1023.7
07:18:02, 24.5, 7.422, 0.109, 1023.7
07:18:03, 24.5, 7.393, 0.111, 1023.9
07:18:03, 24.4, 7.377, 0.111, 1023.9
07:18:04, 24.4, 7.413, 0.115, 1024.2
07:18:04, 24.3, 7.398, 0.114, 1024.1
07:18:05, 24.3, 7.401, 0.113, 1024.0
07:18:06, 24.3, 7.406, 0.109, 1023.7
07:18:06, 24.3, 7.378, 0.108, 1023.6
07:18:07, 24.3, 7.423, 0.118, 1024.5
07:18:08, 24.2, 7.453, 0.106, 1023.4
07:18:08, 24.2, 7.444, 0.114, 1024.1
07:18:09, 24.2, 7.450, 0.113, 1024.0
07:18:09, 24.2, 7.439, 0.114, 1024.1
07:18:10, 24.2, 7.439, 0.115, 1024.2
07:18:11, 24.1, 7.434, 0.113, 1024.0
07:18:11, 24.1, 7.374, 0.114, 1024.1
07:18:12, 24.1, 7.413, 0.109, 1023.7
07:18:12, 24.1, 7.406, 0.110, 1023.8
07:18:13, 24.1, 7.419, 0.110, 1023.8
07:18:14, 24.1, 7.410, 0.115, 1024.2
07:18:14, 24.1, 7.411, 0.113, 1024.0
07:18:15, 24.1, 7.393, 0.110, 1023.8
07:18:16, 24.1, 7.380, 0.109, 1023.7
07:18:16, 24.0, 7.395, 0.111, 1023.9
07:18:17, 24.0, 7.428, 0.106, 1023.4
07:18:17, 24.0, 7.400, 0.113, 1024.0
07:18:18, 24.0, 7.380, 0.110, 1023.8
07:18:19, 24.0, 7.385, 0.110, 1023.8
07:18:19, 24.0, 7.373, 0.107, 1023.5
07:18:20, 24.0, 7.379, 0.118, 1024.5
07:18:20, 24.0, 7.391, 0.110, 1023.8
07:18:21, 24.0, 7.378, 0.108, 1023.6
07:18:22, 24.0, 7.392, 0.113, 1024.0
07:18:22, 24.0, 7.386, 0.109, 1023.7
07:18:23, 24.0, 7.331, 0.109, 1023.7
07:18:24, 24.0, 7.316, 0.113, 1024.0
07:18:24, 23.9, 7.330, 0.114, 1024.1
07:18:25, 23.9, 7.277, 0.116, 1024.3
07:18:25, 23.9, 7.247, 0.114, 1024.1
07:18:26, 23.9, 7.249, 0.111, 1023.9
07:18:27, 23.9, 7.214, 0.108, 1023.6
07:18:27, 23.9, 7.155, 0.115, 1024.2
07:18:28, 23.9, 7.111, 0.110, 1023.8
07:18:28, 23.9, 7.105, 0.114, 1024.1
07:18:29, 23.9, 7.096, 0.110, 1023.8
07:18:30, 23.9, 7.066, 0.114, 1024.1
07:18:30, 23.9, 7.010, 0.108, 1023.6
07:18:31, 23.9, 7.033, 0.114, 1024.1
07:18:32, 23.9, 7.006, 0.117, 1024.4
07:18:32, 23.9, 7.001, 0.115, 1024.2
07:18:33, 23.9, 7.006, 0.116, 1024.3
07:18:33, 23.9, 7.003, 0.108, 1023.6
07:18:34, 23.9, 7.006, 0.109, 1023.7
07:18:35, 23.9, 7.024, 0.115, 1024.2
07:18:35, 23.9, 7.026, 0.114, 1024.1
07:18:36, 23.9, 7.027, 0.109, 1023.7
07:18:36, 23.9, 7.015, 0.109, 1023.7
07:18:37, 23.9, 7.043, 0.111, 1023.9
07:18:38, 23.9, 7.035, 0.113, 1024.0
07:18:38, 23.9, 7.046, 0.109, 1023.7
07:18:39, 23.8, 7.061, 0.110, 1023.8
07:18:40, 23.8, 7.049, 0.108, 1023.6
07:18:40, 23.8, 7.037, 0.111, 1023.9
07:18:41, 23.8, 7.060, 0.109, 1023.7
07:18:41, 23.8, 7.054, 0.109, 1023.7
07:18:42, 23.8, 7.088, 0.113, 1024.0
07:18:43, 23.8, 7.089, 0.111, 1023.9
07:18:43, 23.8, 7.088, 0.114, 1024.1
07:18:44, 23.8, 7.086, 0.111, 1023.9
07:18:45, 23.8, 7.166, 0.109, 1023.7
07:18:45, 23.8, 7.187, 0.115, 1024.2
07:18:46, 23.8, 7.089, 0.108, 1023.6
07:18:46, 23.8, 7.092, 0.113, 1024.0
07:18:47, 23.8, 7.090, 0.110, 1023.8
07:18:48, 23.8, 7.083, 0.116, 1024.3
07:18:48, 23.8, 7.092, 0.109, 1023.7
07:18:49, 23.8, 7.099, 0.118, 1024.5
07:18:49, 23.8, 7.081, 0.111, 1023.9
07:18:50, 23.8, 7.084, 0.115, 1024.2
07:18:51, 23.8, 7.080, 0.109, 1023.7
07:18:51, 23.8, 7.077, 0.115, 1024.2
07:18:52, 23.8, 7.096, 0.113, 1024.0
07:18:53, 23.8, 7.082, 0.111, 1023.9
07:18:53, 23.8, 7.091, 0.113, 1024.0
07:18:54, 23.8, 7.117, 0.116, 1024.3
07:18:54, 23.8, 7.128, 0.111, 1023.9
07:18:55, 23.8, 7.129, 0.111, 1023.9
07:18:56, 23.8, 7.112, 0.110, 1023.8
07:18:56, 23.8, 7.117, 0.117, 1024.4
07:18:57, 23.8, 7.117, 0.109, 1023.7
07:18:57, 23.8, 7.109, 0.108, 1023.6
07:18:58, 23.8, 7.136, 0.110, 1023.8
07:18:59, 23.8, 7.137, 0.110, 1023.8
07:18:59, 23.8, 7.129, 0.114, 1024.1
07:19:00, 23.8, 7.136, 0.115, 1024.2
07:19:01, 23.8, 7.161, 0.110, 1023.8
07:19:01, 23.8, 7.173, 0.115, 1024.2
07:19:02, 23.8, 7.159, 0.111, 1023.9
07:19:02, 23.8, 7.156, 0.118, 1024.5
07:19:03, 23.8, 7.146, 0.111, 1023.9
07:19:04, 23.8, 7.126, 0.111, 1023.9
07:19:04, 23.8, 7.139, 0.116, 1024.3
07:19:05, 23.8, 7.133, 0.109, 1023.7
07:19:05, 23.8, 7.109, 0.113, 1024.0
07:19:06, 23.8, 7.130, 0.106, 1023.4
07:19:07, 23.8, 7.128, 0.108, 1023.6
07:19:07, 23.8, 7.127, 0.118, 1024.5
07:19:08, 23.8, 7.145, 0.109, 1023.7
07:19:09, 23.8, 7.165, 0.115, 1024.2
07:19:09, 23.8, 7.162, 0.113, 1024.0
07:19:10, 23.7, 7.150, 0.114, 1024.1
07:19:10, 23.7, 7.141, 0.111, 1023.9
07:19:11, 23.7, 7.145, 0.116, 1024.3
07:19:12, 23.7, 7.137, 0.115, 1024.2
07:19:12, 23.7, 7.118, 0.111, 1023.9
07:19:13, 23.7, 7.133, 0.114, 1024.1
07:19:13, 23.7, 7.098, 0.110, 1023.8
07:19:14, 23.7, 7.117, 0.110, 1023.8
07:19:15, 23.7, 7.126, 0.115, 1024.2
07:19:15, 23.7, 7.108, 0.110, 1023.8
07:19:16, 23.7, 7.125, 0.109, 1023.7
07:19:17, 23.7, 7.127, 0.118, 1024.5
07:19:17, 23.7, 7.154, 0.118, 1024.5
07:19:18, 23.7, 7.145, 0.113, 1024.0
07:19:18, 23.7, 7.138, 0.113, 1024.0
07:19:19, 23.7, 7.134, 0.111, 1023.9
07:19:20, 23.7, 7.145, 0.113, 1024.0
07:19:20, 23.7, 7.145, 0.117, 1024.4
07:19:21, 23.7, 7.137, 0.114, 1024.1
07:19:21, 23.7, 7.127, 0.110, 1023.8
07:19:22, 23.7, 7.138, 0.109, 1023.7
07:19:23, 23.7, 7.139, 0.111, 1023.9
07:19:23, 23.7, 7.127, 0.116, 1024.3
07:19:24, 23.7, 7.132, 0.111, 1023.9
07:19:25, 23.7, 7.154, 0.117, 1024.4
07:19:25, 23.7, 7.155, 0.118, 1024.5
07:19:26, 23.7, 7.127, 0.109, 1023.7
07:19:26, 23.7, 7.143, 0.113, 1024.0
07:19:27, 23.7, 7.135, 0.113, 1024.0
07:19:28, 23.7, 7.153, 0.110, 1023.8
07:19:28, 23.7, 7.164, 0.106, 1023.4
07:19:29, 23.7, 7.164, 0.110, 1023.8
07:19:30, 23.7, 7.141, 0.113, 1024.0
07:19:30, 23.7, 7.137, 0.110, 1023.8
07:19:31, 23.7, 7.111, 0.113, 1024.0
07:19:31, 23.7, 7.108, 0.111, 1023.9
07:19:32, 23.7, 7.099, 0.115, 1024.2
07:19:33, 23.7, 7.108, 0.110, 1023.8
07:19:33, 23.7, 7.099, 0.111, 1023.9
07:19:34, 23.7, 7.098, 0.115, 1024.2
07:19:34, 23.7, 7.108, 0.113, 1024.0
07:19:35, 23.7, 7.108, 0.113, 1024.0
07:19:36, 23.7, 7.104, 0.113, 1024.0
07:19:36, 23.7, 7.110, 0.115, 1024.2
07:19:37, 23.7, 7.112, 0.115, 1024.2
07:19:38, 23.7, 7.089, 0.110, 1023.8
07:19:38, 23.7, 7.089, 0.110, 1023.8
07:19:39, 23.7, 7.107, 0.108, 1023.6
07:19:39, 23.7, 7.097, 0.110, 1023.8
07:19:40, 23.7, 7.109, 0.110, 1023.8
07:19:41, 23.7, 7.073, 0.115, 1024.2
07:19:41, 23.7, 7.091, 0.107, 1023.5
07:19:42, 23.7, 7.105, 0.114, 1024.1
07:19:42, 23.7, 7.095, 0.111, 1023.9
07:19:43, 23.7, 7.080, 0.111, 1023.9
07:19:44, 23.7, 7.080, 0.118, 1024.5
07:19:44, 23.7, 7.108, 0.108, 1023.6
07:19:45, 23.7, 7.099, 0.111, 1023.9
07:19:46, 23.7, 7.108, 0.114, 1024.1
07:19:46, 23.7, 7.108, 0.115, 1024.2
07:19:47, 23.7, 7.109, 0.109, 1023.7
07:19:47, 23.7, 7.098, 0.116, 1024.3
07:19:48, 23.7, 7.116, 0.114, 1024.1
07:19:49, 23.7, 7.118, 0.117, 1024.4
07:19:49, 23.7, 7.115, 0.113, 1024.0
07:19:50, 23.7, 7.119, 0.111, 1023.9
07:19:50, 23.7, 7.109, 0.114, 1024.1
07:19:51, 23.7, 7.087, 0.114, 1024.1
07:19:52, 23.7, 7.098, 0.115, 1024.2
07:19:52, 23.7, 7.112, 0.111, 1023.9
07:19:53, 23.7, 7.136, 0.111, 1023.9
07:19:54, 23.7, 7.146, 0.114, 1024.1
07:19:54, 23.7, 7.141, 0.111, 1023.9
07:19:55, 23.7, 7.117, 0.114, 1024.1
07:19:55, 23.7, 7.115, 0.114, 1024.1
07:19:56, 23.7, 7.109, 0.110, 1023.8
07:19:57, 23.7, 7.108, 0.116, 1024.3
07:19:57, 23.7, 7.134, 0.113, 1024.0
07:19:58, 23.7, 7.128, 0.115, 1024.2
07:19:58, 23.7, 7.065, 0.113, 1024.0
07:19:59, 23.7, 7.109, 0.110, 1023.8
07:20:00, 23.7, 7.106, 0.109, 1023.7
07:20:00, 23.7, 7.073, 0.110, 1023.8
07:20:01, 23.7, 7.082, 0.111, 1023.9
07:20:02, 23.7, 7.082, 0.111, 1023.9
07:20:02, 23.7, 7.110, 0.117, 1024.4
07:20:03, 23.8, 7.114, 0.110, 1023.8
07:20:03, 23.7, 7.127, 0.114, 1024.1
07:20:04, 23.7, 7.100, 0.113, 1024.0
07:20:05, 23.7, 7.102, 0.111, 1023.9
07:20:05, 23.7, 7.110, 0.113, 1024.0
07:20:06, 23.7, 7.126, 0.115, 1024.2
07:20:06, 23.7, 7.130, 0.113, 1024.0
07:20:07, 23.7, 7.127, 0.117, 1024.4
07:20:08, 23.8, 7.108, 0.113, 1024.0
07:20:08, 23.8, 7.117, 0.116, 1024.3
07:20:09, 23.7, 7.109, 0.117, 1024.4
07:20:10, 23.7, 7.117, 0.111, 1023.9
07:20:10, 23.7, 7.136, 0.113, 1024.0
07:20:11, 23.7, 7.118, 0.115, 1024.2
07:20:11, 23.7, 7.119, 0.119, 1024.6
07:20:12, 23.7, 7.128, 0.109, 1023.7
07:20:13, 23.7, 7.117, 0.117, 1024.4
07:20:13, 23.8, 7.128, 0.113, 1024.0
07:20:14, 23.7, 7.135, 0.111, 1023.9
07:20:14, 23.8, 7.136, 0.117, 1024.4
07:20:15, 23.8, 7.132, 0.116, 1024.3
07:20:16, 23.8, 7.136, 0.115, 1024.2
07:20:16, 23.8, 7.112, 0.117, 1024.4
07:20:17, 23.8, 7.126, 0.116, 1024.3
07:20:18, 23.8, 7.119, 0.110, 1023.8
07:20:18, 23.8, 7.122, 0.111, 1023.9
07:20:19, 23.8, 7.099, 0.114, 1024.1
07:20:19, 23.8, 7.099, 0.114, 1024.1
07:20:20, 23.8, 7.089, 0.111, 1023.9
07:20:21, 23.8, 7.098, 0.113, 1024.0
07:20:21, 23.8, 7.113, 0.114, 1024.1
07:20:22, 23.8, 7.108, 0.111, 1023.9
07:20:23, 23.8, 7.096, 0.116, 1024.3
07:20:23, 23.8, 7.115, 0.115, 1024.2
07:20:24, 23.8, 7.111, 0.110, 1023.8
07:20:24, 23.8, 7.116, 0.113, 1024.0
07:20:25, 23.8, 7.093, 0.115, 1024.2
07:20:26, 23.8, 7.086, 0.117, 1024.4
07:20:26, 23.8, 7.098, 0.118, 1024.5
07:20:27, 23.8, 7.089, 0.113, 1024.0
07:20:27, 23.8, 7.108, 0.118, 1024.5
07:20:28, 23.8, 7.107, 0.110, 1023.8
07:20:29, 23.8, 7.111, 0.113, 1024.0
07:20:29, 23.8, 7.127, 0.111, 1023.9
07:20:30, 23.8, 7.136, 0.115, 1024.2
07:20:31, 23.8, 7.107, 0.115, 1024.2
07:20:31, 23.8, 7.099, 0.119, 1024.6
07:20:32, 23.8, 7.107, 0.117, 1024.4
07:20:32, 23.8, 7.104, 0.111, 1023.9
07:20:33, 23.8, 7.117, 0.111, 1023.9
07:20:34, 23.8, 7.107, 0.114, 1024.1
07:20:34, 23.8, 7.099, 0.117, 1024.4
07:20:35, 23.8, 7.102, 0.114, 1024.1
07:20:35, 23.8, 7.108, 0.114, 1024.1
07:20:36, 23.8, 7.137, 0.115, 1024.2
07:20:37, 23.8, 7.115, 0.114, 1024.1
07:20:37, 23.8, 7.102, 0.117, 1024.4
07:20:38, 23.8, 7.114, 0.115, 1024.2
07:20:39, 23.8, 7.128, 0.116, 1024.3
07:20:39, 23.8, 7.127, 0.115, 1024.2
07:20:40, 23.8, 7.145, 0.113, 1024.0
07:20:40, 23.8, 7.158, 0.115, 1024.2
07:20:41, 23.8, 7.171, 0.115, 1024.2
07:20:42, 23.8, 7.165, 0.113, 1024.0
07:20:42, 23.8, 7.173, 0.115, 1024.2
07:20:43, 23.8, 7.164, 0.115, 1024.2
07:20:43, 23.8, 7.150, 0.110, 1023.8
07:20:44, 23.8, 7.137, 0.109, 1023.7
07:20:45, 23.8, 7.107, 0.110, 1023.8
07:20:45, 23.8, 7.136, 0.114, 1024.1
07:20:46, 23.8, 7.155, 0.113, 1024.0
07:20:47, 23.8, 7.159, 0.111, 1023.9
07:20:47, 23.8, 7.136, 0.116, 1024.3
07:20:48, 23.8, 7.126, 0.114, 1024.1
07:20:48, 23.8, 7.107, 0.117, 1024.4
07:20:49, 23.8, 7.105, 0.116, 1024.3
07:20:50, 23.8, 7.123, 0.115, 1024.2
07:20:50, 23.8, 7.130, 0.117, 1024.4
07:20:51, 23.8, 7.102, 0.114, 1024.1
07:20:51, 23.8, 7.103, 0.114, 1024.1
07:20:52, 23.8, 7.107, 0.116, 1024.3
07:20:53, 23.8, 7.117, 0.118, 1024.5
07:20:53, 23.8, 7.124, 0.113, 1024.0
07:20:54, 23.8, 7.140, 0.113, 1024.0
07:20:55, 23.8, 7.135, 0.114, 1024.1
07:20:55, 23.8, 7.108, 0.115, 1024.2
07:20:56, 23.8, 7.116, 0.118, 1024.5
07:20:56, 23.8, 7.115, 0.114, 1024.1
07:20:57, 23.8, 7.119, 0.117, 1024.4
07:20:58, 23.8, 7.120, 0.113, 1024.0
07:20:58, 23.8, 7.093, 0.115, 1024.2
07:20:59, 23.8, 7.103, 0.115, 1024.2
07:20:59, 23.8, 7.125, 0.109, 1023.7
07:21:00, 23.8, 7.099, 0.116, 1024.3
07:21:01, 23.8, 7.110, 0.110, 1023.8
07:21:01, 23.8, 7.100, 0.113, 1024.0
07:21:02, 23.8, 7.083, 0.113, 1024.0
07:21:03, 23.8, 7.089, 0.113, 1024.0
07:21:03, 23.8, 7.090, 0.113, 1024.0
07:21:04, 23.8, 7.108, 0.116, 1024.3
07:21:04, 23.8, 7.100, 0.114, 1024.1
07:21:05, 23.8, 7.136, 0.115, 1024.2
07:21:06, 23.8, 7.118, 0.114, 1024.1
07:21:06, 23.8, 7.118, 0.113, 1024.0
07:21:07, 23.8, 7.108, 0.114, 1024.1
07:21:07, 23.8, 7.117, 0.117, 1024.4
07:21:08, 23.8, 7.109, 0.120, 1024.7
07:21:09, 23.8, 7.106, 0.119, 1024.6
07:21:09, 23.8, 7.100, 0.114, 1024.1
07:21:10, 23.8, 7.090, 0.114, 1024.1
07:21:11, 23.8, 7.098, 0.115, 1024.2
07:21:11, 23.8, 7.089, 0.115, 1024.2
07:21:12, 23.8, 7.107, 0.114, 1024.1
07:21:12, 23.8, 7.107, 0.115, 1024.2
07:21:13, 23.8, 7.099, 0.110, 1023.8
07:21:14, 23.8, 7.108, 0.121, 1024.8
07:21:14, 23.8, 7.088, 0.116, 1024.3
07:21:15, 23.8, 7.102, 0.116, 1024.3
07:21:16, 23.8, 7.103, 0.117, 1024.4
07:21:16, 23.8, 7.114, 0.119, 1024.6
07:21:17, 23.8, 7.113, 0.115, 1024.2
07:21:17, 23.8, 7.121, 0.113, 1024.0
07:21:18, 23.8, 7.121, 0.116, 1024.3
07:21:19, 23.8, 7.134, 0.117, 1024.4
07:21:19, 23.8, 7.122, 0.117, 1024.4
07:21:20, 23.8, 7.117, 0.115, 1024.2
07:21:20, 23.8, 7.113, 0.115, 1024.2
07:21:21, 23.8, 7.117, 0.115, 1024.2
07:21:22, 23.8, 7.121, 0.116, 1024.3
07:21:22, 23.8, 7.104, 0.116, 1024.3
07:21:23, 23.8, 7.102, 0.118, 1024.5
07:21:24, 23.8, 7.104, 0.121, 1024.8
07:21:24, 23.8, 7.121, 0.115, 1024.2
07:21:25, 23.8, 7.131, 0.117, 1024.4
07:21:25, 23.8, 7.129, 0.117, 1024.4
07:21:26, 23.8, 7.112, 0.116, 1024.3
07:21:27, 23.8, 7.110, 0.118, 1024.5
07:21:27, 23.8, 7.113, 0.116, 1024.3
07:21:28, 23.8, 7.096, 0.113, 1024.0
07:21:28, 23.8, 7.114, 0.113, 1024.0
07:21:29, 23.8, 7.098, 0.113, 1024.0
07:21:30, 23.8, 7.124, 0.114, 1024.1
07:21:30, 23.8, 7.095, 0.113, 1024.0
07:21:31, 23.8, 7.119, 0.114, 1024.1
07:21:32, 23.8, 7.118, 0.114, 1024.1
07:21:32, 23.8, 7.119, 0.116, 1024.3
07:21:33, 23.8, 7.118, 0.113, 1024.0
07:21:33, 23.8, 7.099, 0.117, 1024.4
07:21:34, 23.8, 7.091, 0.117, 1024.4
07:21:35, 23.8, 7.095, 0.113, 1024.0
07:21:35, 23.8, 7.108, 0.118, 1024.5
07:21:36, 23.8, 7.126, 0.116, 1024.3
07:21:36, 23.8, 7.136, 0.111, 1023.9
07:21:37, 23.8, 7.143, 0.111, 1023.9
07:21:38, 23.8, 7.141, 0.115, 1024.2
07:21:38, 23.8, 7.127, 0.113, 1024.0
07:21:39, 23.8, 7.118, 0.119, 1024.6
07:21:40, 23.8, 7.117, 0.114, 1024.1
07:21:40, 23.8, 7.106, 0.116, 1024.3
07:21:41, 23.8, 7.098, 0.113, 1024.0
07:21:41, 23.8, 7.108, 0.116, 1024.3
07:21:42, 23.8, 7.109, 0.118, 1024.5
07:21:43, 23.8, 7.116, 0.116, 1024.3
07:21:43, 23.8, 7.105, 0.115, 1024.2
07:21:44, 23.8, 7.107, 0.119, 1024.6
07:21:44, 23.8, 7.108, 0.115, 1024.2
07:21:45, 23.8, 7.129, 0.116, 1024.3
07:21:46, 23.8, 7.141, 0.113, 1024.0
07:21:46, 23.8, 7.115, 0.118, 1024.5
07:21:47, 23.8, 7.099, 0.110, 1023.8
07:21:48, 23.8, 7.120, 0.114, 1024.1
07:21:48, 23.8, 7.080, 0.116, 1024.3
07:21:49, 23.8, 7.080, 0.116, 1024.3
07:21:49, 23.8, 7.094, 0.116, 1024.3
07:21:50, 23.8, 7.108, 0.117, 1024.4
07:21:51, 23.8, 7.127, 0.111, 1023.9
07:21:51, 23.8, 7.126, 0.113, 1024.0
07:21:52, 23.8, 7.131, 0.113, 1024.0
07:21:53, 23.8, 7.127, 0.117, 1024.4
07:21:53, 23.8, 7.076, 0.110, 1023.8
07:21:54, 23.8, 7.072, 0.114, 1024.1
07:21:54, 23.8, 7.073, 0.116, 1024.3
07:21:55, 23.8, 7.066, 0.120, 1024.7
07:21:56, 23.8, 7.075, 0.116, 1024.3
07:21:56, 23.8, 7.071, 0.114, 1024.1
07:21:57, 23.8, 7.085, 0.118, 1024.5
07:21:57, 23.8, 7.073, 0.113, 1024.0
07:21:58, 23.8, 7.061, 0.120, 1024.7
07:21:59, 23.8, 7.072, 0.117, 1024.4
07:21:59, 23.8, 7.090, 0.114, 1024.1
07:22:00, 23.8, 7.117, 0.118, 1024.5
07:22:01, 23.8, 7.114, 0.118, 1024.5
07:22:01, 23.8, 7.117, 0.116, 1024.3
07:22:02, 23.8, 7.108, 0.117, 1024.4
07:22:02, 23.8, 7.126, 0.113, 1024.0
07:22:03, 23.8, 7.115, 0.118, 1024.5
07:22:04, 23.8, 7.120, 0.118, 1024.5
07:22:04, 23.8, 7.107, 0.115, 1024.2
07:22:05, 23.8, 7.127, 0.116, 1024.3
07:22:06, 23.8, 7.108, 0.117, 1024.4
07:22:06, 23.8, 7.098, 0.117, 1024.4
07:22:07, 23.8, 7.117, 0.115, 1024.2
07:22:07, 23.8, 7.127, 0.111, 1023.9
07:22:08, 23.8, 7.107, 0.111, 1023.9
07:22:09, 23.8, 7.098, 0.117, 1024.4
07:22:09, 23.8, 7.109, 0.111, 1023.9
07:22:10, 23.8, 7.115, 0.120, 1024.7
07:22:10, 23.8, 7.136, 0.118, 1024.5
07:22:11, 23.8, 7.109, 0.119, 1024.6
07:22:12, 23.8, 7.098, 0.118, 1024.5
07:22:12, 23.8, 7.096, 0.108, 1023.6
07:22:13, 23.8, 7.107, 0.117, 1024.4
07:22:14, 23.8, 7.098, 0.114, 1024.1
07:22:14, 23.8, 7.082, 0.116, 1024.3
07:22:15, 23.8, 7.090, 0.115, 1024.2
07:22:15, 23.8, 7.109, 0.113, 1024.0
07:22:16, 23.8, 7.099, 0.116, 1024.3
07:22:17, 23.8, 7.146, 0.115, 1024.2
07:22:17, 23.8, 7.108, 0.118, 1024.5
07:22:18, 23.8, 7.096, 0.114, 1024.1
07:22:19, 23.8, 7.110, 0.118, 1024.5
07:22:19, 23.8, 7.117, 0.119, 1024.6
07:22:20, 23.8, 7.108, 0.115, 1024.2
07:22:20, 23.8, 7.105, 0.114, 1024.1
07:22:21, 23.8, 7.099, 0.115, 1024.2
07:22:22, 23.8, 7.105, 0.120, 1024.7
07:22:22, 23.8, 7.118, 0.114, 1024.1
07:22:23, 23.8, 7.127, 0.115, 1024.2
07:22:23, 23.8, 7.104, 0.117, 1024.4
07:22:24, 23.8, 7.122, 0.122, 1024.9
07:22:25, 23.8, 7.112, 0.115, 1024.2
07:22:25, 23.8, 7.132, 0.115, 1024.2
07:22:26, 23.8, 7.146, 0.118, 1024.5
07:22:27, 23.8, 7.119, 0.117, 1024.4
07:22:27, 23.8, 7.124, 0.116, 1024.3
07:22:28, 23.8, 7.108, 0.114, 1024.1
07:22:28, 23.8, 7.109, 0.114, 1024.1
07:22:29, 23.8, 7.124, 0.117, 1024.4
07:22:30, 23.8, 7.105, 0.116, 1024.3
07:22:30, 23.8, 7.099, 0.120, 1024.7
07:22:31, 23.8, 7.105, 0.117, 1024.4
07:22:32, 23.8, 7.098, 0.122, 1024.9
07:22:32, 23.8, 7.118, 0.116, 1024.3
07:22:33, 23.8, 7.110, 0.124, 1025.1
07:22:33, 23.8, 7.109, 0.124, 1025.1
07:22:34, 23.8, 7.109, 0.117, 1024.4
07:22:35, 23.8, 7.127, 0.119, 1024.6
07:22:35, 23.8, 7.123, 0.117, 1024.4
07:22:36, 23.8, 7.126, 0.116, 1024.3
07:22:36, 23.8, 7.123, 0.117, 1024.4
07:22:37, 23.8, 7.135, 0.122, 1024.9
07:22:38, 23.8, 7.145, 0.116, 1024.3
07:22:38, 23.8, 7.133, 0.117, 1024.4
07:22:39, 23.8, 7.110, 0.116, 1024.3
07:22:40, 23.8, 7.113, 0.119, 1024.6
07:22:40, 23.8, 7.101, 0.119, 1024.6
07:22:41, 23.8, 7.099, 0.118, 1024.5
07:22:41, 23.8, 7.112, 0.116, 1024.3
07:22:42, 23.8, 7.114, 0.121, 1024.8
07:22:43, 23.8, 7.147, 0.118, 1024.5
07:22:43, 23.8, 7.143, 0.119, 1024.6
07:22:44, 23.8, 7.155, 0.115, 1024.2
07:22:45, 23.8, 7.142, 0.117, 1024.4
07:22:45, 23.8, 7.128, 0.116, 1024.3
07:22:46, 23.8, 7.138, 0.117, 1024.4
07:22:46, 23.8, 7.147, 0.116, 1024.3
07:22:47, 23.8, 7.143, 0.118, 1024.5
07:22:48, 23.8, 7.134, 0.116, 1024.3
07:22:48, 23.8, 7.127, 0.117, 1024.4
07:22:49, 23.8, 7.131, 0.116, 1024.3
07:22:49, 23.8, 7.134, 0.113, 1024.0
07:22:50, 23.8, 7.122, 0.117, 1024.4
07:22:51, 23.8, 7.117, 0.114, 1024.1
07:22:51, 23.8, 7.112, 0.117, 1024.4
07:22:52, 23.8, 7.127, 0.115, 1024.2
07:22:53, 23.8, 7.109, 0.121, 1024.8
07:22:53, 23.8, 7.136, 0.115, 1024.2
07:22:54, 23.8, 7.127, 0.115, 1024.2
07:22:54, 23.8, 7.125, 0.118, 1024.5
07:22:55, 23.9, 7.129, 0.118, 1024.5
07:22:56, 23.9, 7.117, 0.116, 1024.3
07:22:56, 23.9, 7.108, 0.119, 1024.6
07:22:57, 23.8, 7.107, 0.116, 1024.3
07:22:58, 23.9, 7.102, 0.114, 1024.1
07:22:58, 23.8, 7.101, 0.115, 1024.2
07:22:59, 23.9, 7.111, 0.118, 1024.5
07:22:59, 23.8, 7.108, 0.118, 1024.5
07:23:00, 23.8, 7.122, 0.122, 1024.9
07:23:01, 23.8, 7.137, 0.118, 1024.5
07:23:01, 23.8, 7.120, 0.116, 1024.3
07:23:02, 23.8, 7.093, 0.120, 1024.7
07:23:02, 23.8, 7.072, 0.118, 1024.5
07:23:03, 23.8, 7.106, 0.118, 1024.5
07:23:04, 23.8, 7.091, 0.117, 1024.4
07:23:04, 23.8, 7.094, 0.119, 1024.6
07:23:05, 23.8, 7.079, 0.116, 1024.3
07:23:06, 23.8, 7.089, 0.120, 1024.7
07:23:06, 23.8, 7.125, 0.117, 1024.4
07:23:07, 23.8, 7.108, 0.118, 1024.5
07:23:07, 23.8, 7.128, 0.118, 1024.5
07:23:08, 23.8, 7.101, 0.114, 1024.1
07:23:09, 23.8, 7.090, 0.118, 1024.5
07:23:09, 23.8, 7.127, 0.114, 1024.1
07:23:10, 23.8, 7.152, 0.116, 1024.3
07:23:11, 23.8, 7.119, 0.117, 1024.4
07:23:11, 23.8, 7.122, 0.118, 1024.5
07:23:12, 23.8, 7.118, 0.120, 1024.7
07:23:12, 23.8, 7.120, 0.113, 1024.0
07:23:13, 23.8, 7.108, 0.113, 1024.0
07:23:14, 23.8, 7.099, 0.119, 1024.6
07:23:14, 23.8, 7.099, 0.118, 1024.5
07:23:15, 23.8, 7.108, 0.118, 1024.5
07:23:15, 23.8, 7.097, 0.114, 1024.1
07:23:16, 23.8, 7.092, 0.120, 1024.7
07:23:17, 23.8, 7.072, 0.118, 1024.5
07:23:17, 23.8, 7.071, 0.118, 1024.5
07:23:18, 23.8, 7.093, 0.118, 1024.5
07:23:19, 23.8, 7.074, 0.120, 1024.7
07:23:19, 23.8, 7.074, 0.120, 1024.7
07:23:20, 23.8, 7.071, 0.115, 1024.2
07:23:20, 23.8, 7.071, 0.111, 1023.9
07:23:21, 23.8, 7.091, 0.119, 1024.6
07:23:22, 23.8, 7.078, 0.118, 1024.5
07:23:22, 23.8, 7.084, 0.119, 1024.6
07:23:23, 23.8, 7.089, 0.120, 1024.7
07:23:24, 23.8, 7.062, 0.118, 1024.5
07:23:24, 23.8, 7.059, 0.118, 1024.5
07:23:25, 23.8, 7.080, 0.117, 1024.4
07:23:25, 23.8, 7.097, 0.119, 1024.6
07:23:26, 23.8, 7.090, 0.114, 1024.1
07:23:27, 23.8, 7.099, 0.117, 1024.4
07:23:27, 23.8, 7.081, 0.118, 1024.5
07:23:28, 23.8, 7.095, 0.115, 1024.2
07:23:28, 23.8, 7.099, 0.116, 1024.3
07:23:29, 23.8, 7.088, 0.117, 1024.4
07:23:30, 23.8, 7.102, 0.118, 1024.5
07:23:30, 23.8, 7.115, 0.120, 1024.7
07:23:31, 23.8, 7.108, 0.118, 1024.5
07:23:32, 23.8, 7.082, 0.115, 1024.2
07:23:32, 23.8, 7.081, 0.115, 1024.2
07:23:33, 23.8, 7.089, 0.117, 1024.4
07:23:33, 23.8, 7.094, 0.113, 1024.0
07:23:34, 23.8, 7.118, 0.122, 1024.9
07:23:35, 23.8, 7.098, 0.116, 1024.3
07:23:35, 23.8, 7.090, 0.119, 1024.6
07:23:36, 23.8, 7.095, 0.119, 1024.6
07:23:37, 23.8, 7.106, 0.122, 1024.9
07:23:37, 23.8, 7.083, 0.117, 1024.4
07:23:38, 23.8, 7.047, 0.120, 1024.7
07:23:38, 23.8, 7.089, 0.120, 1024.7
07:23:39, 23.8, 7.082, 0.116, 1024.3
07:23:40, 23.8, 7.080, 0.118, 1024.5
07:23:40, 23.8, 7.081, 0.116, 1024.3
07:23:41, 23.8, 7.071, 0.116, 1024.3
07:23:42, 23.8, 7.071, 0.120, 1024.7
07:23:42, 23.8, 7.087, 0.117, 1024.4
07:23:43, 23.8, 7.099, 0.121, 1024.8
07:23:43, 23.8, 7.107, 0.120, 1024.7
07:23:44, 23.8, 7.088, 0.121, 1024.8
07:23:45, 23.8, 7.075, 0.117, 1024.4
07:23:45, 23.8, 7.076, 0.120, 1024.7
07:23:46, 23.8, 7.105, 0.119, 1024.6
07:23:46, 23.8, 7.136, 0.113, 1024.0
07:23:47, 23.8, 7.144, 0.117, 1024.4
07:23:48, 23.8, 7.136, 0.116, 1024.3
07:23:48, 23.8, 7.117, 0.120, 1024.7
07:23:49, 23.8, 7.089, 0.119, 1024.6
07:23:50, 23.8, 7.098, 0.121, 1024.8
07:23:50, 23.8, 7.104, 0.118, 1024.5
07:23:51, 23.8, 7.125, 0.118, 1024.5
07:23:51, 23.8, 7.155, 0.117, 1024.4
07:23:52, 23.8, 7.182, 0.118, 1024.5
07:23:53, 23.8, 7.200, 0.117, 1024.4
07:23:53, 23.8, 7.192, 0.118, 1024.5
07:23:54, 23.8, 7.182, 0.119, 1024.6
07:23:55, 23.8, 7.146, 0.121, 1024.8
07:23:55, 23.8, 7.104, 0.117, 1024.4
07:23:56, 23.8, 7.108, 0.118, 1024.5
07:23:56, 23.8, 7.137, 0.117, 1024.4
07:23:57, 23.8, 7.141, 0.118, 1024.5
07:23:58, 23.8, 7.134, 0.121, 1024.8
07:23:58, 23.8, 7.175, 0.119, 1024.6
07:23:59, 23.8, 7.144, 0.117, 1024.4
07:23:59, 23.8, 7.138, 0.119, 1024.6
07:24:00, 23.8, 7.137, 0.120, 1024.7
07:24:01, 23.8, 7.105, 0.117, 1024.4
07:24:01, 23.8, 7.100, 0.124, 1025.1
07:24:02, 23.8, 7.108, 0.118, 1024.5
07:24:03, 23.8, 7.092, 0.118, 1024.5
07:24:03, 23.8, 7.095, 0.116, 1024.3
07:24:04, 23.8, 7.090, 0.118, 1024.5
07:24:04, 23.8, 7.089, 0.121, 1024.8
07:24:05, 23.8, 7.089, 0.115, 1024.2
07:24:06, 23.8, 7.107, 0.116, 1024.3
07:24:06, 23.8, 7.122, 0.117, 1024.4
07:24:07, 23.8, 7.089, 0.119, 1024.6
07:24:08, 23.8, 7.099, 0.122, 1024.9
07:24:08, 23.8, 7.084, 0.119, 1024.6
07:24:09, 23.8, 7.077, 0.116, 1024.3
07:24:09, 23.8, 7.072, 0.120, 1024.7
07:24:10, 23.8, 7.063, 0.119, 1024.6
07:24:11, 23.8, 7.089, 0.114, 1024.1
07:24:11, 23.8, 7.081, 0.116, 1024.3
07:24:12, 23.8, 7.066, 0.116, 1024.3
07:24:12, 23.8, 7.064, 0.115, 1024.2
07:24:13, 23.8, 7.071, 0.118, 1024.5
07:24:14, 23.8, 7.071, 0.116, 1024.3
07:24:14, 23.8, 7.099, 0.116, 1024.3
07:24:15, 23.8, 7.098, 0.121, 1024.8
07:24:16, 23.8, 7.087, 0.120, 1024.7
07:24:16, 23.8, 7.106, 0.119, 1024.6
07:24:17, 23.8, 7.118, 0.121, 1024.8
07:24:17, 23.8, 7.099, 0.120, 1024.7
07:24:18, 23.8, 7.094, 0.119, 1024.6
07:24:19, 23.8, 7.090, 0.119, 1024.6
07:24:19, 23.8, 7.089, 0.120, 1024.7
07:24:20, 23.8, 7.092, 0.118, 1024.5
07:24:21, 23.8, 7.117, 0.120, 1024.7
07:24:21, 23.8, 7.127, 0.123, 1025.0
07:24:22, 23.8, 7.099, 0.116, 1024.3
07:24:22, 23.8, 7.098, 0.122, 1024.9
07:24:23, 23.8, 7.099, 0.119, 1024.6
07:24:24, 23.8, 7.099, 0.119, 1024.6
07:24:24, 23.8, 7.099, 0.116, 1024.3
07:24:25, 23.8, 7.098, 0.117, 1024.4
07:24:25, 23.8, 7.093, 0.120, 1024.7
07:24:26, 23.8, 7.090, 0.115, 1024.2
07:24:27, 23.8, 7.076, 0.120, 1024.7
07:24:27, 23.8, 7.080, 0.121, 1024.8
07:24:28, 23.8, 7.107, 0.118, 1024.5
07:24:29, 23.8, 7.084, 0.119, 1024.6
07:24:29, 23.8, 7.053, 0.120, 1024.7
07:24:30, 23.8, 7.071, 0.118, 1024.5
07:24:30, 23.8, 7.066, 0.118, 1024.5
07:24:31, 23.8, 7.071, 0.118, 1024.5
07:24:32, 23.8, 7.105, 0.116, 1024.3
07:24:32, 23.8, 7.073, 0.121, 1024.8
07:24:33, 23.8, 7.053, 0.117, 1024.4
07:24:34, 23.8, 7.081, 0.122, 1024.9
07:24:34, 23.8, 7.103, 0.117, 1024.4
07:24:35, 23.8, 7.087, 0.116, 1024.3
07:24:35, 23.8, 7.080, 0.121, 1024.8
07:24:36, 23.8, 7.084, 0.117, 1024.4
07:24:37, 23.8, 7.080, 0.119, 1024.6
07:24:37, 23.8, 7.071, 0.121, 1024.8
07:24:38, 23.8, 7.073, 0.120, 1024.7
07:24:38, 23.8, 7.071, 0.116, 1024.3
07:24:39, 23.8, 7.066, 0.117, 1024.4
07:24:40, 23.8, 7.063, 0.116, 1024.3
07:24:40, 23.8, 7.068, 0.113, 1024.0
07:24:41, 23.8, 7.061, 0.119, 1024.6
07:24:42, 23.8, 7.076, 0.117, 1024.4
07:24:42, 23.8, 7.099, 0.116, 1024.3
07:24:43, 23.8, 7.071, 0.120, 1024.7
07:24:43, 23.8, 7.055, 0.119, 1024.6
07:24:44, 23.8, 7.069, 0.117, 1024.4
07:24:45, 23.8, 7.064, 0.119, 1024.6
07:24:45, 23.8, 7.070, 0.120, 1024.7
07:24:46, 23.8, 7.092, 0.117, 1024.4
07:24:47, 23.9, 7.097, 0.118, 1024.5
07:24:47, 23.9, 7.090, 0.120, 1024.7
07:24:48, 23.9, 7.075, 0.117, 1024.4
07:24:48, 23.9, 7.072, 0.118, 1024.5
07:24:49, 23.9, 7.070, 0.119, 1024.6
07:24:50, 23.8, 7.071, 0.119, 1024.6
07:24:50, 23.9, 7.106, 0.116, 1024.3
07:24:51, 23.9, 7.117, 0.123, 1025.0
07:24:51, 23.9, 7.114, 0.119, 1024.6
07:24:52, 23.9, 7.080, 0.125, 1025.2
07:24:53, 23.9, 7.086, 0.122, 1024.9
07:24:53, 23.9, 7.090, 0.116, 1024.3
07:24:54, 23.9, 7.104, 0.120, 1024.7
07:24:55, 23.9, 7.101, 0.119, 1024.6
07:24:55, 23.9, 7.073, 0.121, 1024.8
07:24:56, 23.9, 7.071, 0.122, 1024.9
07:24:56, 23.9, 7.071, 0.121, 1024.8
07:24:57, 23.9, 7.088, 0.118, 1024.5
07:24:58, 23.9, 7.089, 0.121, 1024.8
07:24:58, 23.9, 7.080, 0.122, 1024.9
07:24:59, 23.9, 7.095, 0.117, 1024.4
07:25:00, 23.9, 7.083, 0.120, 1024.7
07:25:00, 23.9, 7.071, 0.117, 1024.4
07:25:01, 23.9, 7.054, 0.116, 1024.3
07:25:01, 23.9, 7.045, 0.120, 1024.7
07:25:02, 23.9, 7.088, 0.118, 1024.5
07:25:03, 23.9, 7.098, 0.123, 1025.0
07:25:03, 23.9, 7.108, 0.117, 1024.4
07:25:04, 23.9, 7.117, 0.116, 1024.3
07:25:04, 23.9, 7.089, 0.122, 1024.9
07:25:05, 23.9, 7.071, 0.121, 1024.8
07:25:06, 23.9, 7.072, 0.115, 1024.2
07:25:06, 23.9, 7.065, 0.118, 1024.5
07:25:07, 23.9, 7.069, 0.118, 1024.5
07:25:08, 23.9, 7.061, 0.118, 1024.5
07:25:08, 23.9, 7.079, 0.117, 1024.4
07:25:09, 23.9, 7.070, 0.117, 1024.4
07:25:09, 23.9, 7.062, 0.117, 1024.4
07:25:10, 23.9, 7.060, 0.117, 1024.4
07:25:11, 23.9, 7.071, 0.121, 1024.8
07:25:11, 23.9, 7.064, 0.122, 1024.9
07:25:12, 23.9, 7.088, 0.119, 1024.6
07:25:13, 23.9, 7.080, 0.119, 1024.6
07:25:13, 23.9, 7.069, 0.122, 1024.9
07:25:14, 23.9, 7.065, 0.120, 1024.7
07:25:14, 23.9, 7.015, 0.117, 1024.4
07:25:15, 23.9, 7.009, 0.119, 1024.6
07:25:16, 23.9, 7.012, 0.117, 1024.4
07:25:16, 23.9, 7.001, 0.121, 1024.8
07:25:17, 23.9, 7.022, 0.120, 1024.7
07:25:17, 23.9, 7.034, 0.118, 1024.5
07:25:18, 23.9, 7.049, 0.119, 1024.6
07:25:19, 23.9, 7.051, 0.122, 1024.9
07:25:19, 23.9, 7.061, 0.114, 1024.1
07:25:20, 23.9, 7.062, 0.116, 1024.3
07:25:21, 23.9, 7.042, 0.117, 1024.4
07:25:21, 23.9, 7.024, 0.118, 1024.5
07:25:22, 23.9, 7.032, 0.120, 1024.7
07:25:22, 23.9, 7.027, 0.114, 1024.1
07:25:23, 23.9, 7.007, 0.123, 1025.0
07:25:24, 23.9, 7.015, 0.116, 1024.3
07:25:24, 23.9, 7.024, 0.117, 1024.4
07:25:25, 23.9, 7.019, 0.113, 1024.0
07:25:26, 23.9, 7.002, 0.119, 1024.6
07:25:26, 23.9, 7.005, 0.118, 1024.5
07:25:27, 23.9, 7.015, 0.117, 1024.4
07:25:27, 23.9, 7.009, 0.120, 1024.7
07:25:28, 23.9, 7.021, 0.119, 1024.6
07:25:29, 23.9, 7.024, 0.119, 1024.6
07:25:29, 23.9, 7.024, 0.119, 1024.6
07:25:30, 23.9, 7.010, 0.121, 1024.8
07:25:31, 23.9, 7.006, 0.116, 1024.3
07:25:31, 23.9, 7.005, 0.118, 1024.5
07:25:32, 23.9, 7.042, 0.119, 1024.6
07:25:32, 23.9, 7.011, 0.117, 1024.4
07:25:33, 23.9, 7.006, 0.121, 1024.8
07:25:34, 23.9, 7.008, 0.117, 1024.4
07:25:34, 23.9, 7.014, 0.124, 1025.1
07:25:35, 23.9, 7.017, 0.120, 1024.7
07:25:35, 23.9, 7.016, 0.116, 1024.3
07:25:36, 23.9, 7.023, 0.118, 1024.5
07:25:37, 23.9, 7.002, 0.119, 1024.6
07:25:37, 23.9, 7.026, 0.118, 1024.5
07:25:38, 23.9, 7.076, 0.121, 1024.8
07:25:39, 23.9, 7.033, 0.118, 1024.5
07:25:39, 23.9, 7.032, 0.120, 1024.7
07:25:40, 23.9, 7.023, 0.120, 1024.7
07:25:40, 23.9, 7.053, 0.120, 1024.7
07:25:41, 23.9, 7.014, 0.120, 1024.7
07:25:42, 23.9, 7.016, 0.121, 1024.8
07:25:42, 23.9, 7.000, 0.117, 1024.4
07:25:43, 23.9, 7.015, 0.119, 1024.6
07:25:44, 23.9, 7.008, 0.118, 1024.5
07:25:44, 23.9, 7.003, 0.120, 1024.7
07:25:45, 23.9, 7.007, 0.119, 1024.6
07:25:45, 23.9, 7.006, 0.117, 1024.4
07:25:46, 23.9, 7.006, 0.115, 1024.2
07:25:47, 23.9, 7.010, 0.119, 1024.6
07:25:47, 23.9, 7.013, 0.120, 1024.7
07:25:48, 23.9, 7.025, 0.118, 1024.5
07:25:48, 23.9, 7.040, 0.117, 1024.4
07:25:49, 23.9, 7.062, 0.118, 1024.5
07:25:50, 23.9, 7.014, 0.116, 1024.3
07:25:50, 23.9, 7.022, 0.117, 1024.4
07:25:51, 23.9, 7.006, 0.121, 1024.8
07:25:52, 23.9, 7.012, 0.118, 1024.5
07:25:52, 23.9, 7.022, 0.117, 1024.4
07:25:53, 23.9, 7.018, 0.121, 1024.8
07:25:53, 23.9, 7.014, 0.122, 1024.9
07:25:54, 23.9, 7.001, 0.123, 1025.0
07:25:55, 23.9, 7.017, 0.119, 1024.6
07:25:55, 23.9, 7.008, 0.123, 1025.0
07:25:56, 23.9, 7.034, 0.121, 1024.8
07:25:57, 23.9, 7.008, 0.120, 1024.7
07:25:57, 23.9, 7.001, 0.120, 1024.7
07:25:58, 23.9, 7.003, 0.121, 1024.8
07:25:58, 23.9, 7.016, 0.120, 1024.7
07:25:59, 23.9, 7.012, 0.120, 1024.7
07:26:00, 23.9, 7.004, 0.119, 1024.6
07:26:00, 23.9, 7.005, 0.121, 1024.8
07:26:01, 23.9, 7.000, 0.119, 1024.6
07:26:01, 23.9, 7.008, 0.120, 1024.7
07:26:02, 23.9, 7.005, 0.120, 1024.7
07:26:03, 23.9, 7.009, 0.122, 1024.9
07:26:03, 23.9, 7.026, 0.123, 1025.0
07:26:04, 23.9, 7.005, 0.118, 1024.5
07:26:05, 23.9, 7.021, 0.117, 1024.4
07:26:05, 23.9, 7.051, 0.120, 1024.7
07:26:06, 23.9, 7.024, 0.122, 1024.9
07:26:06, 23.9, 7.009, 0.121, 1024.8
07:26:07, 23.9, 7.006, 0.119, 1024.6
07:26:08, 23.9, 7.003, 0.121, 1024.8
07:26:08, 23.9, 7.019, 0.123, 1025.0
07:26:09, 23.9, 7.021, 0.118, 1024.5
07:26:10, 23.9, 7.014, 0.118, 1024.5
07:26:10, 23.9, 7.021, 0.118, 1024.5
07:26:11, 23.9, 7.021, 0.119, 1024.6
07:26:11, 23.9, 7.021, 0.119, 1024.6
07:26:12, 23.9, 7.039, 0.119, 1024.6
07:26:13, 23.9, 7.025, 0.119, 1024.6
07:26:13, 23.9, 7.044, 0.119, 1024.6
07:26:14, 23.9, 7.042, 0.115, 1024.2
07:26:15, 23.9, 7.021, 0.122, 1024.9
07:26:15, 23.9, 7.036, 0.122, 1024.9
07:26:16, 23.9, 7.042, 0.122, 1024.9
07:26:16, 23.9, 7.075, 0.122, 1024.9
07:26:17, 23.9, 7.021, 0.117, 1024.4
07:26:18, 23.9, 7.005, 0.125, 1025.2
07:26:18, 23.9, 7.021, 0.124, 1025.1
07:26:19, 23.9, 7.022, 0.119, 1024.6
07:26:19, 23.9, 7.015, 0.120, 1024.7
07:26:20, 23.9, 7.009, 0.121, 1024.8
07:26:21, 23.9, 7.025, 0.120, 1024.7
07:26:21, 23.9, 7.024, 0.122, 1024.9
07:26:22, 23.9, 7.025, 0.122, 1024.9
07:26:23, 23.9, 7.024, 0.119, 1024.6
07:26:23, 23.9, 7.053, 0.118, 1024.5
07:26:24, 23.9, 7.014, 0.119, 1024.6
07:26:24, 23.9, 7.015, 0.119, 1024.6
07:26:25, 23.9, 7.024, 0.118, 1024.5
07:26:26, 23.9, 7.039, 0.118, 1024.5
07:26:26, 23.9, 7.042, 0.119, 1024.6
07:26:27, 23.9, 7.043, 0.121, 1024.8
07:26:28, 23.9, 7.019, 0.119, 1024.6
07:26:28, 23.9, 7.003, 0.120, 1024.7
07:26:29, 23.9, 7.007, 0.121, 1024.8
07:26:29, 23.9, 7.013, 0.117, 1024.4
07:26:30, 23.9, 7.007, 0.118, 1024.5
07:26:31, 23.9, 7.008, 0.123, 1025.0
07:26:31, 23.9, 7.016, 0.120, 1024.7
07:26:32, 23.9, 7.025, 0.118, 1024.5
07:26:32, 23.9, 7.019, 0.116, 1024.3
07:26:33, 23.9, 7.007, 0.121, 1024.8
07:26:34, 23.9, 7.005, 0.120, 1024.7
07:26:34, 23.9, 7.022, 0.120, 1024.7
07:26:35, 23.9, 7.012, 0.115, 1024.2
07:26:36, 23.9, 7.077, 0.119, 1024.6
07:26:36, 23.9, 7.065, 0.119, 1024.6
07:26:37, 23.9, 7.015, 0.118, 1024.5
07:26:37, 23.9, 7.034, 0.118, 1024.5
07:26:38, 23.9, 7.077, 0.117, 1024.4
07:26:39, 23.9, 7.081, 0.115, 1024.2
07:26:39, 23.9, 7.048, 0.119, 1024.6
07:26:40, 23.9, 7.019, 0.121, 1024.8
07:26:41, 23.9, 7.005, 0.118, 1024.5
07:26:41, 23.9, 7.034, 0.119, 1024.6
07:26:42, 23.9, 7.044, 0.120, 1024.7
07:26:42, 23.9, 7.030, 0.118, 1024.5
07:26:43, 23.9, 7.020, 0.122, 1024.9
07:26:44, 23.9, 7.023, 0.120, 1024.7
07:26:44, 23.9, 7.032, 0.120, 1024.7
07:26:45, 23.9, 7.035, 0.118, 1024.5
07:26:45, 23.9, 7.034, 0.119, 1024.6
07:26:46, 23.9, 7.097, 0.122, 1024.9
07:26:47, 23.9, 7.082, 0.119, 1024.6
07:26:47, 23.9, 7.066, 0.117, 1024.4
07:26:48, 23.9, 7.065, 0.120, 1024.7
07:26:49, 23.9, 7.085, 0.121, 1024.8
07:26:49, 23.9, 7.070, 0.120, 1024.7
07:26:50, 23.9, 7.051, 0.120, 1024.7
07:26:50, 23.9, 7.081, 0.117, 1024.4
07:26:51, 23.9, 7.052, 0.118, 1024.5
07:26:52, 23.9, 7.081, 0.122, 1024.9
07:26:52, 23.9, 7.081, 0.121, 1024.8
07:26:53, 23.9, 7.051, 0.118, 1024.5
07:26:54, 23.9, 7.021, 0.119, 1024.6
07:26:54, 23.9, 7.019, 0.119, 1024.6
07:26:55, 23.9, 7.022, 0.120, 1024.7
07:26:55, 23.9, 7.036, 0.118, 1024.5
07:26:56, 23.9, 7.031, 0.118, 1024.5
07:26:57, 23.9, 7.014, 0.119, 1024.6
07:26:57, 23.9, 7.008, 0.120, 1024.7
07:26:58, 23.9, 7.050, 0.119, 1024.6
07:26:59, 23.9, 7.003, 0.119, 1024.6
07:26:59, 23.9, 7.038, 0.121, 1024.8
07:27:00, 23.9, 7.028, 0.118, 1024.5
07:27:00, 23.9, 7.005, 0.121, 1024.8
07:27:01, 23.9, 7.031, 0.119, 1024.6
07:27:02, 23.9, 7.020, 0.119, 1024.6
07:27:02, 23.9, 7.024, 0.119, 1024.6
07:27:03, 23.9, 7.034, 0.120, 1024.7
07:27:03, 23.9, 7.006, 0.120, 1024.7
07:27:04, 23.9, 7.003, 0.118, 1024.5
07:27:05, 23.9, 7.019, 0.115, 1024.2
07:27:05, 23.9, 7.053, 0.116, 1024.3
07:27:06, 23.9, 7.094, 0.120, 1024.7
07:27:07, 23.9, 7.084, 0.116, 1024.3
07:27:07, 23.9, 7.048, 0.120, 1024.7
07:27:08, 23.9, 7.089, 0.119, 1024.6
07:27:08, 23.9, 7.088, 0.123, 1025.0
07:27:09, 23.9, 7.111, 0.123, 1025.0
07:27:10, 23.9, 7.081, 0.120, 1024.7
07:27:10, 23.9, 7.010, 0.123, 1025.0
07:27:11, 23.9, 7.029, 0.117, 1024.4
07:27:11, 23.9, 7.061, 0.121, 1024.8
07:27:12, 23.9, 7.082, 0.120, 1024.7
07:27:13, 23.9, 7.095, 0.118, 1024.5
07:27:13, 23.9, 7.111, 0.124, 1025.1
07:27:14, 23.9, 7.082, 0.119, 1024.6
07:27:15, 23.9, 7.081, 0.119, 1024.6
07:27:15, 23.9, 7.080, 0.117, 1024.4
07:27:16, 23.9, 7.040, 0.118, 1024.5
07:27:16, 23.9, 7.062, 0.118, 1024.5
07:27:17, 23.9, 7.066, 0.119, 1024.6
07:27:18, 23.9, 7.066, 0.123, 1025.0
07:27:18, 23.9, 7.043, 0.119, 1024.6
07:27:19, 23.9, 7.068, 0.116, 1024.3
07:27:19, 23.9, 7.051, 0.128, 1025.5
07:27:20, 23.9, 7.051, 0.122, 1024.9
07:27:21, 23.9, 7.066, 0.121, 1024.8
07:27:21, 23.9, 7.036, 0.122, 1024.9
07:27:22, 23.9, 7.054, 0.127, 1025.4
07:27:23, 23.9, 7.002, 0.119, 1024.6
07:27:23, 23.9, 7.028, 0.121, 1024.8
07:27:24, 23.9, 7.036, 0.119, 1024.6
07:27:24, 23.9, 7.001, 0.121, 1024.8
07:27:25, 23.9, 7.010, 0.122, 1024.9
07:27:26, 23.9, 7.030, 0.121, 1024.8
07:27:26, 23.9, 7.036, 0.117, 1024.4
07:27:27, 23.9, 7.043, 0.120, 1024.7
07:27:27, 23.9, 7.036, 0.125, 1025.2
07:27:28, 23.9, 7.022, 0.121, 1024.8
07:27:29, 23.9, 7.036, 0.122, 1024.9
07:27:29, 23.9, 7.051, 0.121, 1024.8
07:27:30, 23.9, 7.056, 0.124, 1025.1
07:27:31, 23.9, 7.022, 0.120, 1024.7
07:27:31, 23.9, 7.006, 0.120, 1024.7
07:27:32, 23.9, 7.007, 0.119, 1024.6
07:27:32, 23.9, 7.050, 0.119, 1024.6
07:27:33, 23.9, 7.081, 0.118, 1024.5
07:27:34, 23.9, 7.079, 0.122, 1024.9
07:27:34, 23.9, 7.086, 0.122, 1024.9
07:27:35, 23.9, 7.066, 0.124, 1025.1
07:27:35, 23.9, 7.092, 0.122, 1024.9
07:27:36, 23.9, 7.092, 0.125, 1025.2
07:27:37, 23.9, 7.062, 0.121, 1024.8
07:27:37, 23.9, 7.066, 0.119, 1024.6
07:27:38, 23.9, 7.065, 0.120, 1024.7
07:27:39, 23.9, 7.067, 0.123, 1025.0
07:27:39, 23.9, 7.125, 0.120, 1024.7
07:27:40, 23.9, 7.112, 0.121, 1024.8
07:27:40, 23.9, 7.111, 0.123, 1025.0
07:27:41, 23.9, 7.111, 0.120, 1024.7
07:27:42, 23.9, 7.083, 0.123, 1025.0
07:27:42, 23.9, 7.038, 0.120, 1024.7
07:27:43, 23.9, 7.056, 0.122, 1024.9
07:27:43, 23.9, 7.078, 0.122, 1024.9
07:27:44, 23.9, 7.052, 0.122, 1024.9
07:27:45, 23.9, 7.039, 0.121, 1024.8
07:27:45, 23.9, 7.006, 0.123, 1025.0
07:27:46, 23.9, 7.002, 0.118, 1024.5
07:27:47, 23.9, 7.017, 0.123, 1025.0
07:27:47, 23.9, 7.064, 0.120, 1024.7
07:27:48, 23.9, 7.024, 0.123, 1025.0
07:27:48, 23.9, 7.012, 0.114, 1024.1
07:27:49, 23.9, 7.066, 0.120, 1024.7
07:27:50, 23.9, 7.070, 0.124, 1025.1
07:27:50, 23.9, 7.037, 0.118, 1024.5
07:27:51, 23.9, 7.066, 0.124, 1025.1
07:27:51, 23.9, 7.097, 0.116, 1024.3
07:27:52, 23.9, 7.095, 0.120, 1024.7
07:27:53, 23.9, 7.066, 0.123, 1025.0
07:27:53, 23.9, 7.065, 0.119, 1024.6
07:27:54, 23.9, 7.034, 0.121, 1024.8
07:27:55, 23.9, 7.062, 0.120, 1024.7
07:27:55, 23.9, 7.065, 0.126, 1025.3
07:27:56, 23.9, 7.024, 0.117, 1024.4
07:27:56, 23.9, 7.032, 0.120, 1024.7
07:27:57, 23.9, 7.021, 0.119, 1024.6
07:27:58, 23.9, 7.048, 0.120, 1024.7
07:27:58, 23.9, 7.051, 0.122, 1024.9
07:27:59, 23.9, 7.052, 0.116, 1024.3
07:28:00, 23.9, 7.037, 0.127, 1025.4
07:28:00, 23.9, 7.071, 0.118, 1024.5
07:28:01, 23.9, 7.029, 0.122, 1024.9
07:28:01, 23.9, 7.041, 0.124, 1025.1
07:28:02, 23.9, 7.051, 0.124, 1025.1
07:28:03, 23.9, 7.049, 0.120, 1024.7
07:28:03, 23.9, 7.062, 0.122, 1024.9
07:28:04, 23.9, 7.050, 0.124, 1025.1
07:28:04, 23.9, 7.023, 0.116, 1024.3
07:28:05, 23.9, 7.045, 0.124, 1025.1
07:28:06, 23.9, 7.018, 0.122, 1024.9
07:28:06, 23.9, 7.036, 0.121, 1024.8
07:28:07, 23.9, 7.031, 0.123, 1025.0
07:28:08, 23.9, 7.053, 0.124, 1025.1
07:28:08, 23.9, 7.030, 0.123, 1025.0
07:28:09, 23.9, 7.031, 0.119, 1024.6
07:28:09, 23.9, 7.031, 0.120, 1024.7
07:28:10, 23.9, 7.024, 0.121, 1024.8
07:28:11, 23.9, 7.006, 0.118, 1024.5
07:28:11, 23.9, 7.038, 0.125, 1025.2
07:28:12, 23.9, 7.000, 0.119, 1024.6
07:28:12, 23.9, 7.033, 0.123, 1025.0
07:28:13, 23.9, 7.065, 0.122, 1024.9
07:28:14, 23.9, 7.052, 0.116, 1024.3
07:28:14, 23.9, 7.047, 0.121, 1024.8
07:28:15, 23.9, 7.036, 0.121, 1024.8
07:28:16, 23.9, 7.078, 0.123, 1025.0
07:28:16, 23.9, 7.095, 0.117, 1024.4
07:28:17, 23.9, 7.084, 0.124, 1025.1
07:28:17, 23.9, 7.074, 0.121, 1024.8
07:28:18, 23.9, 7.038, 0.124, 1025.1
07:28:19, 23.9, 7.106, 0.123, 1025.0
07:28:19, 23.9, 7.067, 0.121, 1024.8
07:28:20, 23.9, 7.044, 0.122, 1024.9
07:28:20, 23.9, 7.053, 0.122, 1024.9
07:28:21, 23.9, 7.036, 0.121, 1024.8
07:28:22, 23.9, 7.007, 0.120, 1024.7
07:28:22, 23.9, 7.052, 0.120, 1024.7
07:28:23, 23.9, 7.070, 0.122, 1024.9
07:28:24, 23.9, 7.055, 0.118, 1024.5
07:28:24, 23.9, 7.065, 0.120, 1024.7
07:28:25, 23.9, 7.070, 0.119, 1024.6
07:28:25, 23.9, 7.060, 0.120, 1024.7
07:28:26, 23.9, 7.040, 0.120, 1024.7
07:28:27, 23.9, 7.021, 0.118, 1024.5
07:28:27, 23.9, 7.027, 0.120, 1024.7
07:28:28, 23.9, 7.035, 0.119, 1024.6
07:28:28, 23.9, 7.061, 0.121, 1024.8
07:28:29, 23.9, 7.020, 0.122, 1024.9
07:28:30, 23.9, 7.005, 0.120, 1024.7
07:28:30, 23.9, 7.009, 0.120, 1024.7
07:28:31, 23.9, 7.009, 0.120, 1024.7
07:28:32, 23.9, 7.039, 0.123, 1025.0
07:28:32, 23.9, 7.051, 0.122, 1024.9
07:28:33, 23.9, 7.081, 0.120, 1024.7
07:28:33, 23.9, 7.052, 0.122, 1024.9
07:28:34, 23.9, 7.078, 0.122, 1024.9
07:28:35, 23.9, 7.081, 0.119, 1024.6
07:28:35, 23.9, 7.055, 0.122, 1024.9
07:28:36, 23.9, 7.051, 0.120, 1024.7
07:28:36, 23.9, 7.024, 0.124, 1025.1
07:28:37, 23.9, 7.005, 0.122, 1024.9
07:28:38, 23.9, 7.004, 0.123, 1025.0
07:28:38, 23.9, 7.057, 0.124, 1025.1
07:28:39, 23.9, 7.036, 0.120, 1024.7
07:28:40, 23.9, 7.006, 0.128, 1025.5
07:28:40, 23.9, 7.015, 0.117, 1024.4
07:28:41, 23.9, 7.004, 0.125, 1025.2
07:28:41, 23.9, 7.016, 0.119, 1024.6
07:28:42, 23.9, 7.027, 0.117, 1024.4
07:28:43, 23.9, 7.067, 0.121, 1024.8
07:28:43, 23.9, 7.048, 0.121, 1024.8
07:28:44, 23.9, 7.056, 0.124, 1025.1
07:28:44, 23.9, 7.060, 0.120, 1024.7
07:28:45, 23.9, 7.094, 0.122, 1024.9
07:28:46, 23.9, 7.110, 0.122, 1024.9
07:28:46, 23.9, 7.110, 0.122, 1024.9
07:28:47, 23.9, 7.141, 0.118, 1024.5
07:28:48, 23.9, 7.141, 0.121, 1024.8
07:28:48, 23.9, 7.149, 0.124, 1025.1
07:28:49, 23.9, 7.094, 0.121, 1024.8
07:28:49, 23.9, 7.114, 0.121, 1024.8
07:28:50, 23.9, 7.114, 0.120, 1024.7
07:28:51, 23.9, 7.110, 0.121, 1024.8
07:28:51, 23.9, 7.096, 0.121, 1024.8
07:28:52, 23.9, 7.101, 0.122, 1024.9
07:28:53, 23.9, 7.112, 0.119, 1024.6
07:28:53, 23.9, 7.114, 0.122, 1024.9
07:28:54, 23.9, 7.077, 0.122, 1024.9
07:28:54, 23.9, 7.068, 0.120, 1024.7
07:28:55, 23.9, 7.082, 0.121, 1024.8
07:28:56, 23.9, 7.004, 0.121, 1024.8
07:28:56, 23.9, 7.035, 0.123, 1025.0
07:28:57, 23.9, 7.099, 0.126, 1025.3
07:28:57, 23.9, 7.111, 0.119, 1024.6
07:28:58, 23.9, 7.125, 0.116, 1024.3
07:28:59, 23.9, 7.126, 0.125, 1025.2
07:28:59, 23.9, 7.139, 0.121, 1024.8
07:29:00, 23.9, 7.111, 0.119, 1024.6
07:29:01, 23.9, 7.108, 0.119, 1024.6
07:29:01, 23.9, 7.111, 0.126, 1025.3
07:29:02, 23.9, 7.095, 0.119, 1024.6
07:29:02, 23.9, 7.066, 0.124, 1025.1
07:29:03, 23.9, 7.081, 0.121, 1024.8
07:29:04, 23.9, 7.097, 0.118, 1024.5
07:29:04, 23.9, 7.069, 0.123, 1025.0
07:29:05, 23.9, 7.054, 0.124, 1025.1
07:29:05, 23.9, 7.052, 0.121, 1024.8
07:29:06, 23.9, 7.066, 0.122, 1024.9
07:29:07, 23.9, 7.066, 0.122, 1024.9
07:29:07, 23.9, 7.076, 0.121, 1024.8
07:29:08, 23.9, 7.084, 0.123, 1025.0
07:29:09, 23.9, 7.082, 0.120, 1024.7
07:29:09, 23.9, 7.111, 0.122, 1024.9
07:29:10, 23.9, 7.118, 0.125, 1025.2
07:29:10, 23.9, 7.104, 0.118, 1024.5
07:29:11, 23.9, 7.123, 0.125, 1025.2
07:29:12, 23.9, 7.139, 0.120, 1024.7
07:29:12, 23.9, 7.125, 0.123, 1025.0
07:29:13, 23.9, 7.140, 0.124, 1025.1
07:29:13, 23.9, 7.141, 0.121, 1024.8
07:29:14, 23.9, 7.135, 0.119, 1024.6
07:29:15, 23.9, 7.128, 0.123, 1025.0
07:29:15, 23.9, 7.096, 0.122, 1024.9
07:29:16, 23.9, 7.097, 0.120, 1024.7
07:29:17, 23.9, 7.138, 0.127, 1025.4
07:29:17, 23.9, 7.147, 0.120, 1024.7
07:29:18, 23.9, 7.164, 0.121, 1024.8
07:29:18, 23.9, 7.133, 0.121, 1024.8
07:29:19, 23.9, 7.132, 0.124, 1025.1
07:29:20, 23.9, 7.133, 0.127, 1025.4
07:29:20, 23.9, 7.111, 0.124, 1025.1
07:29:21, 23.9, 7.129, 0.124, 1025.1
07:29:21, 23.9, 7.132, 0.120, 1024.7
07:29:22, 23.9, 7.124, 0.119, 1024.6
07:29:23, 23.9, 7.098, 0.122, 1024.9
07:29:23, 23.9, 7.042, 0.121, 1024.8
07:29:24, 23.9, 7.123, 0.121, 1024.8
07:29:25, 23.9, 7.140, 0.124, 1025.1
07:29:25, 23.9, 7.141, 0.122, 1024.9
07:29:26, 23.9, 7.098, 0.122, 1024.9
07:29:26, 23.9, 7.110, 0.122, 1024.9
07:29:27, 23.9, 7.132, 0.119, 1024.6
07:29:28, 23.9, 7.144, 0.121, 1024.8
07:29:28, 23.9, 7.125, 0.122, 1024.9
07:29:29, 23.9, 7.131, 0.124, 1025.1
07:29:29, 23.9, 7.153, 0.122, 1024.9
07:29:30, 23.9, 7.156, 0.119, 1024.6
07:29:31, 23.9, 7.119, 0.122, 1024.9
07:29:31, 23.9, 7.110, 0.118, 1024.5
07:29:32, 23.9, 7.115, 0.123, 1025.0
07:29:33, 23.9, 7.140, 0.122, 1024.9
07:29:33, 23.9, 7.137, 0.121, 1024.8
07:29:34, 23.9, 7.154, 0.121, 1024.8
07:29:34, 23.9, 7.141, 0.118, 1024.5
07:29:35, 23.9, 7.141, 0.118, 1024.5
07:29:36, 23.9, 7.177, 0.124, 1025.1
07:29:36, 23.9, 7.142, 0.119, 1024.6
07:29:37, 23.9, 7.131, 0.128, 1025.5
07:29:37, 23.9, 7.126, 0.126, 1025.3
07:29:38, 23.9, 7.155, 0.127, 1025.4
07:29:39, 23.9, 7.140, 0.122, 1024.9
07:29:39, 23.9, 7.145, 0.119, 1024.6
07:29:40, 23.9, 7.169, 0.120, 1024.7
07:29:41, 23.9, 7.170, 0.124, 1025.1
07:29:41, 23.9, 7.125, 0.124, 1025.1
07:29:42, 23.9, 7.125, 0.122, 1024.9
07:29:42, 23.9, 7.125, 0.124, 1025.1
07:29:43, 23.9, 7.095, 0.121, 1024.8
07:29:44, 23.9, 7.098, 0.119, 1024.6
07:29:44, 23.9, 7.136, 0.122, 1024.9
07:29:45, 23.9, 7.130, 0.124, 1025.1
07:29:46, 23.9, 7.155, 0.126, 1025.3
07:29:46, 23.9, 7.155, 0.123, 1025.0
07:29:47, 23.9, 7.111, 0.122, 1024.9
07:29:47, 23.9, 7.126, 0.122, 1024.9
07:29:48, 23.9, 7.152, 0.124, 1025.1
07:29:49, 23.9, 7.155, 0.122, 1024.9
07:29:49, 23.9, 7.137, 0.126, 1025.3
07:29:50, 23.9, 7.095, 0.125, 1025.2
07:29:50, 23.9, 7.156, 0.118, 1024.5
07:29:51, 23.9, 7.157, 0.124, 1025.1
07:29:52, 23.9, 7.163, 0.125, 1025.2
07:29:52, 23.9, 7.170, 0.123, 1025.0
07:29:53, 23.9, 7.174, 0.123, 1025.0
07:29:54, 23.9, 7.186, 0.123, 1025.0
07:29:54, 23.9, 7.170, 0.121, 1024.8
07:29:55, 23.9, 7.143, 0.119, 1024.6
07:29:55, 23.9, 7.155, 0.118, 1024.5
07:29:56, 23.9, 7.140, 0.118, 1024.5
07:29:57, 23.9, 7.185, 0.119, 1024.6
07:29:57, 23.9, 7.191, 0.122, 1024.9
07:29:58, 23.9, 7.195, 0.125, 1025.2
07:29:58, 23.9, 7.174, 0.123, 1025.0
07:29:59, 23.9, 7.181, 0.123, 1025.0
07:30:00, 23.9, 7.173, 0.122, 1024.9
07:30:00, 23.9, 7.158, 0.122, 1024.9
07:30:01, 23.9, 7.125, 0.125, 1025.2
07:30:02, 23.9, 7.139, 0.117, 1024.4
07:30:02, 23.9, 7.154, 0.126, 1025.3
07:30:03, 23.9, 7.188, 0.124, 1025.1
07:30:03, 23.9, 7.156, 0.128, 1025.5
07:30:04, 23.9, 7.162, 0.123, 1025.0
07:30:05, 23.9, 7.154, 0.127, 1025.4
07:30:05, 23.9, 7.117, 0.122, 1024.9
07:30:06, 23.9, 7.110, 0.123, 1025.0
07:30:06, 23.9, 7.155, 0.122, 1024.9
07:30:07, 23.9, 7.155, 0.125, 1025.2
07:30:08, 23.9, 7.146, 0.125, 1025.2
07:30:08, 23.9, 7.143, 0.124, 1025.1
07:30:09, 23.9, 7.140, 0.124, 1025.1
07:30:10, 23.9, 7.142, 0.122, 1024.9
07:30:10, 23.9, 7.138, 0.122, 1024.9
07:30:11, 23.9, 7.101, 0.122, 1024.9
07:30:11, 23.9, 7.184, 0.124, 1025.1
07:30:12, 23.9, 7.200, 0.122, 1024.9
07:30:13, 23.9, 7.200, 0.125, 1025.2
07:30:13, 23.9, 7.166, 0.122, 1024.9
07:30:14, 23.9, 7.149, 0.123, 1025.0
07:30:14, 23.9, 7.170, 0.125, 1025.2
07:30:15, 23.9, 7.185, 0.122, 1024.9
07:30:16, 23.9, 7.196, 0.121, 1024.8
07:30:16, 23.9, 7.213, 0.121, 1024.8
07:30:17, 23.9, 7.198, 0.125, 1025.2
07:30:18, 23.9, 7.197, 0.121, 1024.8
07:30:18, 23.9, 7.170, 0.121, 1024.8
07:30:19, 23.9, 7.187, 0.125, 1025.2
07:30:19, 23.9, 7.196, 0.121, 1024.8
07:30:20, 23.9, 7.171, 0.122, 1024.9
07:30:21, 23.9, 7.155, 0.123, 1025.0
07:30:21, 23.9, 7.140, 0.122, 1024.9
07:30:22, 23.9, 7.184, 0.118, 1024.5
07:30:22, 23.9, 7.200, 0.123, 1025.0
07:30:23, 23.9, 7.214, 0.117, 1024.4
07:30:24, 23.9, 7.200, 0.119, 1024.6
07:30:24, 23.9, 7.173, 0.123, 1025.0
07:30:25, 23.9, 7.172, 0.124, 1025.1
07:30:26, 23.9, 7.201, 0.123, 1025.0
07:30:26, 23.9, 7.208, 0.127, 1025.4
07:30:27, 23.9, 7.187, 0.123, 1025.0
07:30:27, 23.9, 7.153, 0.121, 1024.8
07:30:28, 23.9, 7.221, 0.121, 1024.8
07:30:29, 23.9, 7.152, 0.122, 1024.9
07:30:29, 23.9, 7.099, 0.125, 1025.2
07:30:30, 23.9, 7.111, 0.122, 1024.9
07:30:30, 23.9, 7.133, 0.124, 1025.1
07:30:31, 23.9, 7.145, 0.120, 1024.7
07:30:32, 23.9, 7.118, 0.121, 1024.8
07:30:32, 23.9, 7.141, 0.117, 1024.4
07:30:33, 23.9, 7.080, 0.120, 1024.7
07:30:34, 23.9, 7.081, 0.118, 1024.5
07:30:34, 23.9, 7.147, 0.119, 1024.6
07:30:35, 23.9, 7.136, 0.121, 1024.8
07:30:35, 23.9, 7.126, 0.124, 1025.1
07:30:36, 23.9, 7.148, 0.125, 1025.2
07:30:37, 23.9, 7.170, 0.125, 1025.2
07:30:37, 23.9, 7.126, 0.121, 1024.8
07:30:38, 23.9, 7.133, 0.124, 1025.1
07:30:38, 23.9, 7.135, 0.120, 1024.7
07:30:39, 23.9, 7.128, 0.121, 1024.8
07:30:40, 23.9, 7.096, 0.121, 1024.8
07:30:40, 23.9, 7.098, 0.126, 1025.3
07:30:41, 23.9, 7.112, 0.122, 1024.9
07:30:42, 23.9, 7.111, 0.118, 1024.5
07:30:42, 23.9, 7.141, 0.123, 1025.0
07:30:43, 23.9, 7.168, 0.122, 1024.9
07:30:43, 23.9, 7.125, 0.125, 1025.2
07:30:44, 23.9, 7.139, 0.119, 1024.6
07:30:45, 23.9, 7.156, 0.123, 1025.0
07:30:45, 23.9, 7.156, 0.118, 1024.5
07:30:46, 23.9, 7.185, 0.120, 1024.7
07:30:47, 23.9, 7.200, 0.124, 1025.1
07:30:47, 23.9, 7.160, 0.125, 1025.2
07:30:48, 23.9, 7.185, 0.122, 1024.9
07:30:48, 23.9, 7.170, 0.124, 1025.1
07:30:49, 23.9, 7.200, 0.122, 1024.9
07:30:50, 23.9, 7.185, 0.126, 1025.3
07:30:50, 23.9, 7.186, 0.122, 1024.9
07:30:51, 23.9, 7.169, 0.123, 1025.0
07:30:51, 23.9, 7.095, 0.124, 1025.1
07:30:52, 23.9, 7.140, 0.125, 1025.2
07:30:53, 23.9, 7.171, 0.126, 1025.3
07:30:53, 23.9, 7.183, 0.120, 1024.7
07:30:54, 23.9, 7.186, 0.123, 1025.0
07:30:55, 23.9, 7.187, 0.121, 1024.8
07:30:55, 23.9, 7.156, 0.124, 1025.1
07:30:56, 23.9, 7.151, 0.117, 1024.4
07:30:56, 23.9, 7.141, 0.122, 1024.9
07:30:57, 23.9, 7.141, 0.122, 1024.9
07:30:58, 23.9, 7.125, 0.125, 1025.2
07:30:58, 23.9, 7.141, 0.124, 1025.1
07:30:59, 23.9, 7.125, 0.125, 1025.2
07:30:59, 23.9, 7.085, 0.122, 1024.9
07:31:00, 23.9, 7.141, 0.122, 1024.9
07:31:01, 23.9, 7.150, 0.123, 1025.0
07:31:01, 23.9, 7.157, 0.121, 1024.8
07:31:02, 23.9, 7.124, 0.121, 1024.8
07:31:03, 23.9, 7.141, 0.121, 1024.8
07:31:03, 23.9, 7.142, 0.125, 1025.2
07:31:04, 23.9, 7.142, 0.124, 1025.1
07:31:04, 23.9, 7.154, 0.123, 1025.0
07:31:05, 23.9, 7.156, 0.121, 1024.8
07:31:06, 23.9, 7.181, 0.121, 1024.8
07:31:06, 23.9, 7.141, 0.123, 1025.0
07:31:07, 23.9, 7.141, 0.122, 1024.9
07:31:07, 23.9, 7.155, 0.123, 1025.0
07:31:08, 23.9, 7.125, 0.121, 1024.8
07:31:09, 23.9, 7.148, 0.120, 1024.7
07:31:09, 23.9, 7.170, 0.127, 1025.4
07:31:10, 23.9, 7.155, 0.123, 1025.0
07:31:11, 23.9, 7.184, 0.124, 1025.1
07:31:11, 23.9, 7.166, 0.126, 1025.3
07:31:12, 23.9, 7.184, 0.123, 1025.0
07:31:12, 23.9, 7.185, 0.126, 1025.3
07:31:13, 23.9, 7.181, 0.121, 1024.8
07:31:14, 23.9, 7.164, 0.121, 1024.8
07:31:14, 23.9, 7.185, 0.122, 1024.9
07:31:15, 23.9, 7.185, 0.122, 1024.9
07:31:15, 23.9, 7.170, 0.121, 1024.8
07:31:16, 23.9, 7.168, 0.125, 1025.2
07:31:17, 23.9, 7.154, 0.122, 1024.9
07:31:17, 23.9, 7.157, 0.122, 1024.9
07:31:18, 23.9, 7.183, 0.121, 1024.8
07:31:19, 23.9, 7.179, 0.124, 1025.1
07:31:19, 23.9, 7.185, 0.123, 1025.0
07:31:20, 23.9, 7.200, 0.128, 1025.5
07:31:20, 23.9, 7.203, 0.119, 1024.6
07:31:21, 23.9, 7.213, 0.121, 1024.8
07:31:22, 23.9, 7.192, 0.119, 1024.6
07:31:22, 23.9, 7.141, 0.120, 1024.7
07:31:23, 23.9, 7.141, 0.122, 1024.9
07:31:23, 23.9, 7.138, 0.118, 1024.5
07:31:24, 23.9, 7.146, 0.124, 1025.1
07:31:25, 23.9, 7.185, 0.123, 1025.0
07:31:25, 23.9, 7.170, 0.124, 1025.1
07:31:26, 23.9, 7.192, 0.125, 1025.2
07:31:27, 23.9, 7.186, 0.121, 1024.8
07:31:27, 23.9, 7.148, 0.121, 1024.8
07:31:28, 23.9, 7.182, 0.125, 1025.2
07:31:28, 23.9, 7.187, 0.120, 1024.7
07:31:29, 23.9, 7.171, 0.120, 1024.7
07:31:30, 23.9, 7.171, 0.121, 1024.8
07:31:30, 23.9, 7.156, 0.121, 1024.8
07:31:31, 23.9, 7.161, 0.121, 1024.8
07:31:31, 23.9, 7.235, 0.121, 1024.8
07:31:32, 23.9, 7.196, 0.121, 1024.8
07:31:33, 23.9, 7.212, 0.125, 1025.2
07:31:33, 23.9, 7.261, 0.123, 1025.0
07:31:34, 23.9, 7.253, 0.123, 1025.0
07:31:35, 23.9, 7.282, 0.123, 1025.0
07:31:35, 23.9, 7.245, 0.123, 1025.0
07:31:36, 23.9, 7.213, 0.123, 1025.0
07:31:36, 23.9, 7.229, 0.126, 1025.3
07:31:37, 23.9, 7.244, 0.120, 1024.7
07:31:38, 23.9, 7.230, 0.124, 1025.1
07:31:38, 23.9, 7.238, 0.121, 1024.8
07:31:39, 23.9, 7.214, 0.123, 1025.0
07:31:40, 23.9, 7.229, 0.124, 1025.1
07:31:40, 23.9, 7.214, 0.125, 1025.2
07:31:41, 23.9, 7.197, 0.124, 1025.1
07:31:41, 23.9, 7.199, 0.123, 1025.0
07:31:42, 23.9, 7.197, 0.121, 1024.8
07:31:43, 23.9, 7.172, 0.124, 1025.1
07:31:43, 23.9, 7.192, 0.123, 1025.0
07:31:44, 23.9, 7.198, 0.126, 1025.3
07:31:44, 23.9, 7.204, 0.121, 1024.8
07:31:45, 23.9, 7.208, 0.124, 1025.1
07:31:46, 23.9, 7.199, 0.124, 1025.1
07:31:46, 23.9, 7.197, 0.115, 1024.2
07:31:47, 23.9, 7.172, 0.122, 1024.9
07:31:48, 23.9, 7.149, 0.121, 1024.8
07:31:48, 23.9, 7.132, 0.124, 1025.1
07:31:49, 23.9, 7.170, 0.122, 1024.9
07:31:49, 23.9, 7.108, 0.128, 1025.5
07:31:50, 23.9, 7.096, 0.120, 1024.7
07:31:51, 23.9, 7.101, 0.120, 1024.7
07:31:51, 23.9, 7.190, 0.121, 1024.8
07:31:52, 23.9, 7.200, 0.122, 1024.9
07:31:52, 23.9, 7.211, 0.120, 1024.7
07:31:53, 23.9, 7.204, 0.122, 1024.9
07:31:54, 23.9, 7.200, 0.125, 1025.2
07:31:54, 23.9, 7.185, 0.122, 1024.9
07:31:55, 23.9, 7.198, 0.119, 1024.6
07:31:56, 23.9, 7.172, 0.121, 1024.8
07:31:56, 23.9, 7.194, 0.122, 1024.9
07:31:57, 23.9, 7.215, 0.123, 1025.0
07:31:57, 23.9, 7.206, 0.123, 1025.0
07:31:58, 23.9, 7.170, 0.123, 1025.0
07:31:59, 23.9, 7.171, 0.123, 1025.0
07:31:59, 23.9, 7.200, 0.123, 1025.0
07:32:00, 23.9, 7.193, 0.123, 1025.0
07:32:00, 23.9, 7.199, 0.124, 1025.1
07:32:01, 23.9, 7.155, 0.125, 1025.2
07:32:02, 23.9, 7.129, 0.121, 1024.8
07:32:02, 23.9, 7.097, 0.124, 1025.1
07:32:03, 23.9, 7.081, 0.123, 1025.0
07:32:04, 23.9, 7.114, 0.120, 1024.7
07:32:04, 23.9, 7.207, 0.125, 1025.2
07:32:05, 23.9, 7.244, 0.122, 1024.9
07:32:05, 23.9, 7.230, 0.124, 1025.1
07:32:06, 23.9, 7.245, 0.122, 1024.9
07:32:07, 23.9, 7.262, 0.126, 1025.3
07:32:07, 23.9, 7.253, 0.126, 1025.3
07:32:08, 23.9, 7.239, 0.125, 1025.2
07:32:08, 23.9, 7.243, 0.120, 1024.7
07:32:09, 23.9, 7.256, 0.122, 1024.9
07:32:10, 23.9, 7.263, 0.127, 1025.4
07:32:10, 23.9, 7.245, 0.123, 1025.0
07:32:11, 23.9, 7.228, 0.121, 1024.8
07:32:12, 23.9, 7.228, 0.121, 1024.8
07:32:12, 23.9, 7.233, 0.124, 1025.1
07:32:13, 23.9, 7.223, 0.123, 1025.0
07:32:13, 23.9, 7.231, 0.124, 1025.1
07:32:14, 23.9, 7.223, 0.125, 1025.2
07:32:15, 23.9, 7.235, 0.121, 1024.8
07:32:15, 23.9, 7.229, 0.130, 1025.7
07:32:16, 23.9, 7.218, 0.121, 1024.8
07:32:16, 23.9, 7.235, 0.122, 1024.9
07:32:17, 23.9, 7.219, 0.126, 1025.3
07:32:18, 23.9, 7.155, 0.122, 1024.9
07:32:18, 23.9, 7.155, 0.122, 1024.9
07:32:19, 23.9, 7.189, 0.123, 1025.0
07:32:20, 23.9, 7.199, 0.122, 1024.9
07:32:20, 23.9, 7.222, 0.124, 1025.1
07:32:21, 23.9, 7.216, 0.122, 1024.9
07:32:21, 23.9, 7.216, 0.121, 1024.8
07:32:22, 23.9, 7.215, 0.121, 1024.8
07:32:23, 23.9, 7.225, 0.122, 1024.9
07:32:23, 23.9, 7.222, 0.120, 1024.7
07:32:24, 23.9, 7.222, 0.124, 1025.1
07:32:24, 23.9, 7.246, 0.120, 1024.7
07:32:25, 23.9, 7.291, 0.121, 1024.8
07:32:26, 23.9, 7.263, 0.123, 1025.0
07:32:26, 23.9, 7.256, 0.127, 1025.4
07:32:27, 23.9, 7.249, 0.122, 1024.9
07:32:28, 23.9, 7.214, 0.125, 1025.2
07:32:28, 23.9, 7.233, 0.127, 1025.4
07:32:29, 23.9, 7.185, 0.124, 1025.1
07:32:29, 23.9, 7.224, 0.121, 1024.8
07:32:30, 23.9, 7.250, 0.125, 1025.2
07:32:31, 23.9, 7.260, 0.124, 1025.1
07:32:31, 23.9, 7.273, 0.125, 1025.2
07:32:32, 23.9, 7.274, 0.123, 1025.0
07:32:33, 23.9, 7.302, 0.123, 1025.0
07:32:33, 23.9, 7.282, 0.121, 1024.8
07:32:34, 23.9, 7.215, 0.123, 1025.0
07:32:34, 23.9, 7.215, 0.126, 1025.3
07:32:35, 23.9, 7.252, 0.125, 1025.2
07:32:36, 23.9, 7.263, 0.121, 1024.8
07:32:36, 23.9, 7.254, 0.124, 1025.1
07:32:37, 23.9, 7.168, 0.124, 1025.1
07:32:37, 23.9, 7.173, 0.124, 1025.1
07:32:38, 23.9, 7.195, 0.126, 1025.3
07:32:39, 23.9, 7.203, 0.123, 1025.0
07:32:39, 23.9, 7.185, 0.126, 1025.3
07:32:40, 23.9, 7.185, 0.123, 1025.0
07:32:41, 23.9, 7.198, 0.123, 1025.0
07:32:41, 23.9, 7.193, 0.120, 1024.7
07:32:42, 23.9, 7.183, 0.122, 1024.9
07:32:42, 23.9, 7.185, 0.125, 1025.2
07:32:43, 23.9, 7.204, 0.126, 1025.3
07:32:44, 23.9, 7.215, 0.124, 1025.1
07:32:44, 23.9, 7.169, 0.124, 1025.1
07:32:45, 23.9, 7.139, 0.126, 1025.3
07:32:45, 23.9, 7.149, 0.124, 1025.1
07:32:46, 23.9, 7.170, 0.125, 1025.2
07:32:47, 23.9, 7.190, 0.120, 1024.7
07:32:47, 23.9, 7.200, 0.123, 1025.0
07:32:48, 23.9, 7.185, 0.125, 1025.2
07:32:49, 23.9, 7.141, 0.123, 1025.0
07:32:49, 23.9, 7.133, 0.121, 1024.8
07:32:50, 23.9, 7.110, 0.127, 1025.4
07:32:50, 23.9, 7.127, 0.126, 1025.3
07:32:51, 23.9, 7.129, 0.124, 1025.1
07:32:52, 23.9, 7.164, 0.122, 1024.9
07:32:52, 23.9, 7.211, 0.121, 1024.8
07:32:53, 23.9, 7.229, 0.126, 1025.3
07:32:53, 23.9, 7.234, 0.121, 1024.8
07:32:54, 23.9, 7.215, 0.125, 1025.2
07:32:55, 23.9, 7.187, 0.124, 1025.1
07:32:55, 23.9, 7.182, 0.124, 1025.1
07:32:56, 23.9, 7.170, 0.122, 1024.9
07:32:57, 23.9, 7.196, 0.124, 1025.1
07:32:57, 23.9, 7.191, 0.122, 1024.9
07:32:58, 23.9, 7.223, 0.125, 1025.2
07:32:58, 23.9, 7.235, 0.124, 1025.1
07:32:59, 23.9, 7.221, 0.129, 1025.6
07:33:00, 23.9, 7.246, 0.124, 1025.1
07:33:00, 23.9, 7.245, 0.128, 1025.5
07:33:01, 23.9, 7.244, 0.125, 1025.2
07:33:01, 23.9, 7.230, 0.125, 1025.2
07:33:02, 23.9, 7.237, 0.126, 1025.3
07:33:03, 23.9, 7.241, 0.126, 1025.3
07:33:03, 23.9, 7.258, 0.126, 1025.3
07:33:04, 23.9, 7.260, 0.122, 1024.9
07:33:05, 23.9, 7.275, 0.126, 1025.3
07:33:05, 23.9, 7.289, 0.123, 1025.0
07:33:06, 23.9, 7.259, 0.125, 1025.2
07:33:06, 23.9, 7.214, 0.127, 1025.4
07:33:07, 23.9, 7.223, 0.126, 1025.3
07:33:08, 23.9, 7.272, 0.120, 1024.7
07:33:08, 23.9, 7.319, 0.123, 1025.0
07:33:09, 23.9, 7.243, 0.126, 1025.3
07:33:09, 23.9, 7.199, 0.122, 1024.9
07:33:10, 23.9, 7.197, 0.122, 1024.9
07:33:11, 23.9, 7.141, 0.121, 1024.8
07:33:11, 23.9, 7.124, 0.127, 1025.4
07:33:12, 23.9, 7.083, 0.122, 1024.9
07:33:13, 23.9, 7.141, 0.125, 1025.2
07:33:13, 23.9, 7.229, 0.126, 1025.3
07:33:14, 23.9, 7.214, 0.124, 1025.1
07:33:14, 23.9, 7.229, 0.123, 1025.0
07:33:15, 23.9, 7.233, 0.129, 1025.6
07:33:16, 23.9, 7.203, 0.127, 1025.4
07:33:16, 23.9, 7.227, 0.124, 1025.1
07:33:17, 23.9, 7.228, 0.125, 1025.2
07:33:17, 23.9, 7.215, 0.123, 1025.0
07:33:18, 23.9, 7.215, 0.123, 1025.0
07:33:19, 23.9, 7.239, 0.126, 1025.3
07:33:19, 23.9, 7.248, 0.122, 1024.9
07:33:20, 23.9, 7.259, 0.123, 1025.0
07:33:21, 23.9, 7.243, 0.128, 1025.5
07:33:21, 23.9, 7.259, 0.120, 1024.7
07:33:22, 23.9, 7.244, 0.122, 1024.9
07:33:22, 23.9, 7.256, 0.128, 1025.5
07:33:23, 23.9, 7.235, 0.124, 1025.1
07:33:24, 23.9, 7.247, 0.125, 1025.2
07:33:24, 23.9, 7.228, 0.127, 1025.4
07:33:25, 23.9, 7.260, 0.122, 1024.9
07:33:25, 23.9, 7.288, 0.125, 1025.2
07:33:26, 23.9, 7.274, 0.127, 1025.4
07:33:27, 23.9, 7.229, 0.120, 1024.7
07:33:27, 23.9, 7.214, 0.125, 1025.2
07:33:28, 23.9, 7.168, 0.122, 1024.9
07:33:29, 23.9, 7.174, 0.123, 1025.0
07:33:29, 23.9, 7.166, 0.122, 1024.9
07:33:30, 23.9, 7.184, 0.121, 1024.8
07:33:30, 23.9, 7.185, 0.123, 1025.0
07:33:31, 23.9, 7.184, 0.126, 1025.3
07:33:32, 23.9, 7.154, 0.123, 1025.0
07:33:32, 23.9, 7.221, 0.123, 1025.0
07:33:33, 23.9, 7.205, 0.124, 1025.1
07:33:34, 23.9, 7.267, 0.125, 1025.2
07:33:34, 23.9, 7.276, 0.123, 1025.0
07:33:35, 23.9, 7.259, 0.123, 1025.0
07:33:35, 23.9, 7.278, 0.127, 1025.4
07:33:36, 23.9, 7.288, 0.124, 1025.1
07:33:37, 23.9, 7.289, 0.123, 1025.0
07:33:37, 23.9, 7.295, 0.124, 1025.1
07:33:38, 23.9, 7.294, 0.123, 1025.0
07:33:38, 23.9, 7.258, 0.123, 1025.0
07:33:39, 23.9, 7.260, 0.124, 1025.1
07:33:40, 23.9, 7.231, 0.121, 1024.8
07:33:40, 23.9, 7.183, 0.124, 1025.1
07:33:41, 23.9, 7.245, 0.126, 1025.3
07:33:42, 23.9, 7.258, 0.122, 1024.9
07:33:42, 23.9, 7.239, 0.126, 1025.3
07:33:43, 23.9, 7.215, 0.126, 1025.3
07:33:43, 23.9, 7.212, 0.124, 1025.1
07:33:44, 23.9, 7.242, 0.121, 1024.8
07:33:45, 23.9, 7.287, 0.124, 1025.1
07:33:45, 23.9, 7.289, 0.124, 1025.1
07:33:46, 23.9, 7.288, 0.123, 1025.0
07:33:46, 23.9, 7.292, 0.126, 1025.3
07:33:47, 23.9, 7.276, 0.122, 1024.9
07:33:48, 23.9, 7.211, 0.123, 1025.0
07:33:48, 23.9, 7.266, 0.122, 1024.9
07:33:49, 23.9, 7.252, 0.123, 1025.0
07:33:50, 23.9, 7.244, 0.122, 1024.9
07:33:50, 23.9, 7.265, 0.125, 1025.2
07:33:51, 23.9, 7.223, 0.122, 1024.9
07:33:51, 23.9, 7.230, 0.122, 1024.9
07:33:52, 23.9, 7.259, 0.121, 1024.8
07:33:53, 23.9, 7.232, 0.122, 1024.9
07:33:53, 23.9, 7.218, 0.125, 1025.2
07:33:54, 23.9, 7.268, 0.125, 1025.2
07:33:54, 23.9, 7.245, 0.124, 1025.1
07:33:55, 23.9, 7.214, 0.126, 1025.3
07:33:56, 23.9, 7.230, 0.125, 1025.2
07:33:56, 23.9, 7.294, 0.126, 1025.3
07:33:57, 23.9, 7.251, 0.125, 1025.2
07:33:58, 23.9, 7.275, 0.123, 1025.0
07:33:58, 23.9, 7.276, 0.125, 1025.2
07:33:59, 23.9, 7.304, 0.123, 1025.0
07:33:59, 23.9, 7.309, 0.125, 1025.2
07:34:00, 23.9, 7.304, 0.125, 1025.2
07:34:01, 23.9, 7.303, 0.125, 1025.2
07:34:01, 23.9, 7.302, 0.126, 1025.3
078                                                                                                                                                                         , 0.120  1025.3
07:34:05, 23.9, 7.219, 0.123, 1025.0
07:34:06, 23.9, 7.240, 0.126, 1025.3
07:34:06, 23.9, 7.245, 0.127, 1025.4
07:34:07, 23.9, 7.263, 0.122, 1024.9
07:34:07, 23.9, 7.230, 0.127, 1025.4
07:34:08, 23.9, 7.246, 0.124, 1025.1

0416202607:40:11, 24.1, 7.024, 0.129, 1025.6
07:40:11, 24.1, 7.031, 0.124, 1025.1
07:40:12, 24.1, 7.032, 0.127, 1025.4
07:40:12, 24.1, 7.043, 0.128, 1025.5
07:40:12, 24.1, 7.056, 0.127, 1025.4
07:40:12, 24.1, 7.061, 0.128, 1025.5
07:40:13, 24.1, 7.057, 0.126, 1025.3
07:40:13, 24.1, 7.052, 0.125, 1025.2
07:40:13, 24.1, 7.056, 0.129, 1025.6
07:40:13, 24.1, 7.062, 0.126, 1025.3
07:40:13, 24.1, 7.053, 0.127, 1025.4
07:40:14, 24.1, 7.053, 0.128, 1025.5
07:40:14, 24.1, 7.062, 0.125, 1025.2

0416202607:40:15, 24.1, 7.064, 0.130, 1025.7
07:40:15, 24.1, 7.075, 0.127, 1025.4
07:40:16, 24.1, 7.080, 0.127, 1025.4
07:40:16, 24.1, 7.087, 0.129, 1025.6
07:40:16, 24.1, 7.091, 0.121, 1024.8
07:40:16, 24.1, 7.099, 0.125, 1025.2
07:40:16, 24.1, 7.095, 0.124, 1025.1
07:40:17, 24.1, 7.068, 0.123, 1025.0
07:40:17, 24.1, 7.053, 0.125, 1025.2
07:40:17, 24.1, 7.046, 0.123, 1025.0
07:40:17, 24.1, 7.049, 0.126, 1025.3
07:40:18, 24.1, 7.065, 0.122, 1024.9
07:40:18, 24.1, 7.070, 0.127, 1025.4
07:40:18, 24.1, 7.076, 0.121, 1024.8
07:40:18, 24.1, 7.071, 0.129, 1025.6
07:40:18, 24.1, 7.064, 0.127, 1025.4
07:40:19, 24.1, 7.051, 0.125, 1025.2
07:40:21, 24.1, 7.019, 0.125, 1025.2
07:40:21, 24.1, 7.025, 0.122, 1024.9
07:40:21, 24.1, 7.024, 0.125, 1025.2
07:40:21, 24.1, 7.024, 0.126, 1025.3
07:40:21, 24.1, 7.020, 0.121, 1024.8
07:40:22, 24.1, 7.027, 0.124, 1025.1
07:40:22, 24.1, 7.015, 0.127, 1025.4
07:40:22, 24.1, 7.011, 0.126, 1025.3
07:40:22, 24.1, 7.027, 0.123, 1025.0
07:40:23, 24.1, 7.024, 0.124, 1025.1
07:40:23, 24.1, 7.015, 0.127, 1025.4
07:40:23, 24.1, 7.008, 0.122, 1024.9
07:40:23, 24.1, 7.021, 0.130, 1025.7
07:40:23, 24.1, 7.015, 0.121, 1024.8
07:40:24, 24.1, 7.042, 0.128, 1025.5
07:40:24, 24.1, 7.033, 0.128, 1025.5
07:40:24, 24.1, 7.014, 0.121, 1024.8
07:40:24, 24.1, 7.011, 0.126, 1025.3
07:40:24, 24.1, 7.012, 0.126, 1025.3
07:40:25, 24.1, 7.013, 0.126, 1025.3
07:40:25, 24.1, 7.006, 0.128, 1025.5
07:40:25, 24.1, 7.004, 0.125, 1025.2
07:40:25, 24.1, 7.005, 0.128, 1025.5
07:40:26, 24.1, 7.022, 0.124, 1025.1
07:40:26, 24.1, 7.024, 0.123, 1025.0
07:40:26, 24.1, 7.026, 0.123, 1025.0
07:40:26, 24.1, 7.023, 0.124, 1025.1
07:40:26, 24.1, 7.033, 0.124, 1025.1
07:40:27, 24.1, 7.026, 0.124, 1025.1
07:40:27, 24.1, 7.033, 0.126, 1025.3
07:40:27, 24.1, 7.051, 0.126, 1025.3
07:40:27, 24.1, 7.052, 0.124, 1025.1
07:40:28, 24.1, 7.033, 0.121, 1024.8
07:40:28, 24.1, 7.036, 0.125, 1025.2
07:40:28, 24.1, 7.051, 0.125, 1025.2
07:40:28, 24.1, 7.043, 0.126, 1025.3
07:40:28, 24.1, 7.032, 0.124, 1025.1
07:40:29, 24.1, 7.029, 0.126, 1025.3
07:40:29, 24.1, 7.029, 0.126, 1025.3
07:40:29, 24.1, 7.030, 0.125, 1025.2
07:40:29, 24.1, 7.027, 0.124, 1025.1
07:40:29, 24.1, 7.029, 0.121, 1024.8
07:40:30, 24.1, 7.031, 0.125, 1025.2
07:40:30, 24.1, 7.030, 0.125, 1025.2
07:40:30, 24.1, 7.032, 0.123, 1025.0
07:40:30, 24.1, 7.034, 0.123, 1025.0
07:40:31, 24.1, 7.028, 0.123, 1025.0
07:40:31, 24.1, 7.015, 0.125, 1025.2
07:40:31, 24.1, 7.023, 0.122, 1024.9
07:40:31, 24.1, 7.006, 0.122, 1024.9
07:40:31, 24.1, 7.004, 0.126, 1025.3
07:40:32, 24.1, 7.007, 0.120, 1024.7
07:40:32, 24.1, 7.018, 0.125, 1025.2
07:40:32, 24.1, 7.007, 0.122, 1024.9
07:40:32, 24.1, 7.021, 0.121, 1024.8
07:40:32, 24.1, 7.006, 0.123, 1025.0
07:40:33, 24.1, 7.018, 0.122, 1024.9
07:40:33, 24.1, 7.015, 0.124, 1025.1
07:40:33, 24.1, 7.018, 0.121, 1024.8
07:40:33, 24.1, 7.008, 0.121, 1024.8
07:40:34, 24.1, 7.006, 0.124, 1025.1
07:40:34, 24.1, 7.013, 0.123, 1025.0
07:40:34, 24.1, 7.017, 0.125, 1025.2
07:40:34, 24.1, 7.016, 0.122, 1024.9
07:40:34, 24.1, 7.024, 0.124, 1025.1
07:40:35, 24.1, 7.025, 0.123, 1025.0
07:40:35, 24.1, 7.033, 0.122, 1024.9
07:40:35, 24.1, 7.033, 0.121, 1024.8
07:40:35, 24.1, 7.034, 0.126, 1025.3
07:40:35, 24.1, 7.033, 0.120, 1024.7
07:40:36, 24.1, 7.033, 0.127, 1025.4
07:40:36, 24.1, 7.036, 0.126, 1025.3
07:40:36, 24.1, 7.035, 0.125, 1025.2
07:40:36, 24.1, 7.043, 0.126, 1025.3
07:40:37, 24.1, 7.051, 0.125, 1025.2
07:40:37, 24.1, 7.043, 0.122, 1024.9
07:40:37, 24.1, 7.043, 0.126, 1025.3
07:40:37, 24.1, 7.045, 0.122, 1024.9
07:40:37, 24.1, 7.060, 0.123, 1025.0
07:40:38, 24.1, 7.062, 0.126, 1025.3
07:40:38, 24.1, 7.062, 0.124, 1025.1
07:40:38, 24.1, 7.071, 0.122, 1024.9
07:40:38, 24.1, 7.061, 0.120, 1024.7
07:40:39, 24.1, 7.062, 0.125, 1025.2
07:40:39, 24.1, 7.043, 0.127, 1025.4
07:40:39, 24.1, 7.033, 0.121, 1024.8
07:40:39, 24.1, 7.036, 0.124, 1025.1
07:40:39, 24.1, 7.029, 0.125, 1025.2
07:40:40, 24.1, 7.024, 0.123, 1025.0
07:40:40, 24.1, 7.014, 0.121, 1024.8
07:40:40, 24.1, 7.007, 0.125, 1025.2
07:40:40, 24.1, 7.005, 0.121, 1024.8
07:40:40, 24.1, 7.014, 0.127, 1025.4
07:40:41, 24.1, 7.005, 0.121, 1024.8
07:40:41, 24.1, 7.005, 0.124, 1025.1
07:40:41, 24.1, 7.000, 0.123, 1025.0
07:40:41, 24.1, 7.008, 0.126, 1025.3
07:40:42, 24.1, 7.004, 0.123, 1025.0

0416202607:40:50, 24.1, 7.034, 0.125, 1025.2
07:40:51, 24.1, 7.003, 0.125, 1025.2
07:40:52, 24.1, 7.014, 0.125, 1025.2
07:40:53, 24.1, 7.016, 0.123, 1025.0
07:40:54, 24.1, 7.013, 0.126, 1025.3
07:40:55, 24.1, 7.009, 0.121, 1024.8
07:40:56, 24.1, 7.015, 0.126, 1025.3
07:40:57, 24.0, 7.034, 0.126, 1025.3
07:40:59, 24.1, 7.002, 0.119, 1024.6
07:41:00, 24.1, 7.013, 0.123, 1025.0
07:41:01, 24.1, 7.014, 0.127, 1025.4
07:41:02, 24.1, 7.021, 0.124, 1025.1

0416202607:41:42, 24.0, 7.003, 0.125, 1025.2
07:41:43, 24.0, 7.051, 0.125, 1025.2
07:41:44, 24.0, 7.032, 0.123, 1025.0

0416202620:48:29, 22.2, 7.720, 378282.812, 36986596.0
20:48:30, 22.2, 7.750, 378282.812, 36986596.0
20:48:31, 22.2, 7.762, 378282.812, 36986596.0
20:48:32, 22.2, 7.793, 378282.812, 36986596.0

0416202620:48:45, 22.2, 7.724, -106018.773, -10364686.0
20:48:46, 22.2, 7.745, -106018.773, -10364686.0

0416202620:48:49, 22.2, 7.790, -643.784, -61931.2

04162026
0416202620:49:13, 22.2, 7.773, 0.079, 1020.7
20:49:15, 22.2, 7.790, 0.073, 1020.1
20:49:16, 22.2, 7.805, 0.078, 1020.6

0416202620:49:20, 22.2, 7.808, 0.075, 1020.3
20:49:21, 22.2, 7.821, 0.073, 1020.1
20:49:22, 22.2, 7.839, 0.076, 1020.4
20:49:23, 22.2, 7.841, 0.075, 1020.3
20:49:24, 22.2, 7.857, 0.072, 1020.0
20:49:25, 22.2, 7.778, 0.075, 1020.3

0416202620:49:31, 22.2, 7.776, 0.078, 1020.6
20:49:32, 22.2, 7.803, 0.079, 1020.7
20:49:33, 22.2, 7.811, 0.075, 1020.3
20:49:34, 22.2, 7.804, 0.073, 1020.1
20:49:35, 22.3, 7.818, 0.078, 1020.6
20:49:36, 22.3, 7.822, 0.072, 1020.0
20:49:37, 22.3, 7.861, 0.074, 1020.2

0416202620:49:51, 22.2, 7.687, 0.075, 1020.3

0416202620:50:21, 22.2, 7.671, 0.078, 1020.6
20:50:22, 22.2, 7.715, 0.073, 1020.1
20:50:23, 22.2, 7.711, 0.076, 1020.4
20:50:25, 22.2, 7.748, 0.075, 1020.3
20:50:26, 22.2, 7.766, 0.074, 1020.2
20:50:27, 22.2, 7.763, 0.070, 1019.8
20:50:28, 22.2, 7.788, 0.070, 1019.8
20:50:29, 22.2, 7.813, 0.077, 1020.5
20:50:30, 22.2, 7.805, 0.077, 1020.5
20:50:31, 22.2, 7.804, 0.076, 1020.4
20:50:32, 22.2, 7.807, 0.075, 1020.3
20:50:33, 22.2, 7.817, 0.076, 1020.4
20:50:35, 22.2, 7.828, 0.077, 1020.5
20:50:36, 22.2, 7.829, 0.075, 1020.3
20:50:37, 22.2, 7.833, 0.076, 1020.4
20:50:38, 22.2, 7.834, 0.075, 1020.3
20:50:39, 22.2, 7.835, 0.073, 1020.1
20:50:40, 22.2, 7.823, 0.075, 1020.3

04162026
0416202620:50:44, 22.2, 7.824, 0.076, 1020.4
20:50:45, 22.2, 7.818, 0.077, 1020.5
20:50:47, 22.2, 7.827, 0.079, 1020.7

0416202620:50:49, 22.2, 7.862, 0.074, 1020.2
20:50:50, 22.2, 7.852, 0.073, 1020.1
20:50:51, 22.2, 7.841, 0.074, 1020.2
20:50:52, 22.2, 7.832, 0.071, 1019.9

0416202620:50:54, 22.2, 7.856, 0.074, 1020.2
20:50:55, 22.2, 7.843, 0.073, 1020.1
20:50:56, 22.2, 7.832, 0.075, 1020.3
20:50:58, 22.2, 7.838, 0.076, 1020.4
20:50:59, 22.2, 7.847, 0.074, 1020.2
20:51:00, 22.2, 7.851, 0.073, 1020.1
20:51:01, 22.2, 7.830, 0.071, 1019.9
20:51:02, 22.2, 7.836, 0.076, 1020.4
20:51:03, 22.2, 7.827, 0.074, 1020.2
20:51:04, 22.2, 7.869, 0.073, 1020.1
20:51:05, 22.2, 7.856, 0.075, 1020.3
20:51:06, 22.2, 7.868, 0.079, 1020.7
20:51:08, 22.2, 7.855, 0.074, 1020.2
20:51:09, 22.2, 7.872, 0.072, 1020.0
20:51:10, 22.2, 7.871, 0.071, 1019.9
20:51:11, 22.2, 7.869, 0.073, 1020.1
20:51:12, 22.2, 7.843, 0.076, 1020.4
20:51:13, 22.2, 7.854, 0.075, 1020.3
20:51:14, 22.2, 7.831, 0.070, 1019.8
20:51:15, 22.2, 7.835, 0.074, 1020.2
20:51:17, 22.2, 7.858, 0.074, 1020.2
20:51:18, 22.2, 7.867, 0.076, 1020.4
20:51:19, 22.2, 7.847, 0.074, 1020.2
20:51:20, 22.2, 7.866, 0.076, 1020.4
20:51:21, 22.2, 7.856, 0.077, 1020.5
20:51:22, 22.2, 7.857, 0.074, 1020.2
20:51:23, 22.2, 7.848, 0.073, 1020.1
20:51:24, 22.2, 7.828, 0.075, 1020.3
20:51:25, 22.2, 7.846, 0.074, 1020.2
20:51:27, 22.2, 7.844, 0.073, 1020.1
20:51:28, 22.2, 7.775, 0.071, 1019.9
20:51:29, 22.2, 7.855, 0.076, 1020.4
20:51:30, 22.2, 7.825, 0.073, 1020.1

0416202620:51:35, 22.2, 7.833, 0.072, 1020.0
20:51:36, 22.2, 7.832, 0.076, 1020.4
20:51:37, 22.2, 7.833, 0.076, 1020.4
20:51:38, 22.2, 7.845, 0.079, 1020.7
20:51:40, 22.2, 7.840, 0.075, 1020.3
20:51:41, 22.2, 7.850, 0.071, 1019.9
20:51:42, 22.2, 7.846, 0.077, 1020.5
20:51:43, 22.2, 7.833, 0.076, 1020.4
20:51:44, 22.2, 7.829, 0.077, 1020.5
20:51:45, 22.2, 7.860, 0.076, 1020.4
20:51:46, 22.2, 7.855, 0.076, 1020.4
20:51:47, 22.2, 7.842, 0.073, 1020.1
20:51:48, 22.2, 7.860, 0.070, 1019.8
20:51:50, 22.2, 7.856, 0.073, 1020.1
20:51:51, 22.2, 7.855, 0.071, 1019.9
20:51:52, 22.2, 7.861, 0.072, 1020.0
20:51:53, 22.2, 7.849, 0.076, 1020.4
20:51:54, 22.2, 7.869, 0.074, 1020.2
20:51:55, 22.2, 7.874, 0.073, 1020.1
20:51:56, 22.2, 7.855, 0.072, 1020.0
20:51:57, 22.2, 7.867, 0.071, 1019.9
20:51:59, 22.2, 7.888, 0.078, 1020.6
20:52:00, 22.2, 7.873, 0.073, 1020.1
20:52:01, 22.2, 7.884, 0.071, 1019.9
20:52:02, 22.2, 7.879, 0.076, 1020.4
20:52:03, 22.2, 7.856, 0.073, 1020.1
20:52:04, 22.2, 7.852, 0.075, 1020.3
20:52:05, 22.2, 7.855, 0.077, 1020.5
20:52:06, 22.2, 7.835, 0.072, 1020.0
20:52:07, 22.2, 7.815, 0.077, 1020.5
20:52:09, 22.2, 7.814, 0.072, 1020.0
20:52:10, 22.2, 7.839, 0.074, 1020.2
20:52:11, 22.2, 7.827, 0.074, 1020.2
20:52:12, 22.2, 7.841, 0.073, 1020.1
20:52:13, 22.2, 7.843, 0.075, 1020.3
20:52:14, 22.2, 7.843, 0.070, 1019.8
20:52:15, 22.2, 7.846, 0.073, 1020.1
20:52:16, 22.2, 7.882, 0.075, 1020.3
20:52:18, 22.2, 7.883, 0.072, 1020.0
20:52:19, 22.2, 7.859, 0.077, 1020.5
20:52:20, 22.2, 7.868, 0.071, 1019.9
20:52:21, 22.2, 7.870, 0.075, 1020.3
20:52:22, 22.2, 7.891, 0.072, 1020.0
20:52:23, 22.2, 7.860, 0.070, 1019.8

0416202620:52:35, 22.2, 8.220, 0.073, 1020.1
20:52:36, 22.2, 8.241, 0.070, 1019.8
20:52:37, 22.2, 8.283, 0.068, 1019.6
20:52:38, 22.2, 8.308, 0.075, 1020.3
20:52:39, 22.2, 8.302, 0.078, 1020.6
20:52:40, 22.2, 8.326, 0.073, 1020.1
20:52:42, 22.2, 8.330, 0.075, 1020.3
20:52:43, 22.2, 8.328, 0.074, 1020.2
20:52:44, 22.2, 8.319, 0.070, 1019.8
20:52:45, 22.2, 8.314, 0.075, 1020.3
20:52:46, 22.2, 8.316, 0.072, 1020.0
20:52:47, 22.2, 8.314, 0.072, 1020.0
20:52:48, 22.2, 8.331, 0.070, 1019.8
20:52:49, 22.2, 8.320, 0.071, 1019.9
20:52:51, 22.2, 8.330, 0.072, 1020.0
20:52:52, 22.2, 8.370, 0.070, 1019.8
20:52:53, 22.2, 8.386, 0.071, 1019.9
20:52:54, 22.2, 8.383, 0.076, 1020.4
20:52:55, 22.2, 8.389, 0.077, 1020.5
20:52:56, 22.2, 8.387, 0.072, 1020.0
20:52:57, 22.2, 8.353, 0.079, 1020.7
20:52:58, 22.2, 8.349, 0.073, 1020.1
20:52:59, 22.2, 8.330, 0.074, 1020.2
20:53:01, 22.2, 8.350, 0.074, 1020.2
20:53:02, 22.2, 8.342, 0.072, 1020.0
20:53:03, 22.2, 8.358, 0.073, 1020.1
20:53:04, 22.2, 8.335, 0.074, 1020.2
20:53:05, 22.2, 8.344, 0.073, 1020.1
20:53:06, 22.2, 8.337, 0.077, 1020.5
20:53:07, 22.2, 8.329, 0.076, 1020.4
20:53:08, 22.2, 8.346, 0.075, 1020.3
20:53:10, 22.2, 8.332, 0.073, 1020.1
20:53:11, 22.2, 8.328, 0.072, 1020.0
20:53:12, 22.2, 8.315, 0.073, 1020.1
20:53:13, 22.2, 8.288, 0.069, 1019.7
20:53:14, 22.2, 8.302, 0.073, 1020.1
20:53:15, 22.2, 8.314, 0.074, 1020.2
20:53:16, 22.2, 8.301, 0.072, 1020.0
20:53:17, 22.2, 8.321, 0.072, 1020.0
20:53:18, 22.2, 8.321, 0.079, 1020.7
20:53:20, 22.2, 8.331, 0.075, 1020.3
20:53:21, 22.2, 8.332, 0.068, 1019.6
20:53:23, 22.2, 8.371, 0.074, 1020.2
20:53:24, 22.2, 8.514, 0.075, 1020.3
20:53:25, 22.2, 8.333, 0.074, 1020.2
20:53:27, 22.2, 8.357, 0.077, 1020.5
20:53:28, 22.2, 8.359, 0.073, 1020.1
20:53:29, 22.2, 8.356, 0.072, 1020.0
20:53:30, 22.2, 8.377, 0.073, 1020.1

0416202620:55:10, 22.2, 8.330, 0.068, 1019.6
20:55:11, 22.2, 8.342, 0.065, 1019.4
20:55:12, 22.2, 8.354, 0.068, 1019.6
20:55:13, 22.2, 8.337, 0.066, 1019.5
20:55:14, 22.2, 8.349, 0.063, 1019.2
20:55:15, 22.2, 8.347, 0.066, 1019.5
20:55:17, 22.2, 8.348, 0.063, 1019.2
20:55:18, 22.2, 8.366, 0.066, 1019.5
20:55:19, 22.2, 8.365, 0.065, 1019.4
20:55:20, 22.2, 8.355, 0.069, 1019.7
20:55:21, 22.2, 8.353, 0.071, 1019.9
20:55:22, 22.2, 8.364, 0.066, 1019.5
20:55:23, 22.2, 7.011, 0.063, 1019.2
20:55:24, 22.3, 7.012, 0.068, 1019.6
20:55:26, 22.3, 7.010, 0.069, 1019.7
20:55:27, 22.3, 7.018, 0.070, 1019.8
20:55:28, 22.3, 7.007, 0.069, 1019.7
20:55:29, 22.3, 7.007, 0.061, 1019.0
20:55:30, 22.3, 7.013, 0.064, 1019.3
20:55:31, 22.3, 7.005, 0.064, 1019.3
20:55:32, 22.3, 7.028, 0.066, 1019.5
20:55:33, 22.2, 7.005, 0.068, 1019.6
20:55:34, 22.2, 7.009, 0.064, 1019.3
20:55:36, 22.2, 7.007, 0.069, 1019.7
20:55:37, 22.2, 7.003, 0.065, 1019.4
20:55:38, 22.3, 7.002, 0.068, 1019.6
20:55:39, 22.3, 7.004, 0.065, 1019.4
20:55:40, 22.3, 7.012, 0.066, 1019.5
20:55:41, 22.3, 7.001, 0.068, 1019.6
20:55:42, 22.3, 7.005, 0.068, 1019.6
20:55:43, 22.3, 7.004, 0.068, 1019.6
20:55:45, 22.3, 7.007, 0.063, 1019.2
20:55:46, 22.3, 7.016, 0.066, 1019.5
20:55:47, 22.3, 7.010, 0.066, 1019.5
20:55:48, 22.3, 7.007, 0.066, 1019.5
20:55:49, 22.3, 7.012, 0.071, 1019.9
20:55:50, 22.3, 7.009, 0.065, 1019.4
20:55:51, 22.3, 7.001, 0.063, 1019.2
20:55:52, 22.3, 7.030, 0.065, 1019.4
20:55:53, 22.3, 7.000, 0.063, 1019.2
20:55:55, 22.3, 7.006, 0.070, 1019.8
20:55:56, 22.3, 7.005, 0.069, 1019.7
20:55:57, 22.3, 7.008, 0.068, 1019.6
20:55:58, 22.3, 7.021, 0.069, 1019.7
20:55:59, 22.2, 7.016, 0.066, 1019.5
20:56:00, 22.2, 7.012, 0.066, 1019.5
20:56:01, 22.2, 7.005, 0.063, 1019.2
20:56:02, 22.2, 7.008, 0.069, 1019.7
20:56:04, 22.2, 7.003, 0.063, 1019.2
20:56:05, 22.2, 7.003, 0.064, 1019.3
20:56:06, 22.2, 7.001, 0.064, 1019.3
20:56:07, 22.2, 7.001, 0.069, 1019.7
20:56:08, 22.2, 7.000, 0.066, 1019.5
20:56:09, 22.2, 7.005, 0.069, 1019.7
20:56:10, 22.2, 7.002, 0.063, 1019.2
20:56:11, 22.3, 7.006, 0.065, 1019.4
20:56:13, 22.3, 7.017, 0.066, 1019.5
20:56:14, 22.3, 7.011, 0.065, 1019.4
20:56:15, 22.3, 7.005, 0.065, 1019.4
20:56:16, 22.3, 7.013, 0.061, 1019.0
20:56:17, 22.3, 7.017, 0.065, 1019.4
20:56:18, 22.3, 7.385, 0.064, 1019.3
20:56:19, 22.3, 7.003, 0.066, 1019.5
20:56:20, 22.2, 7.008, 0.066, 1019.5
20:56:21, 22.2, 7.008, 0.066, 1019.5
20:56:23, 22.2, 7.416, 0.064, 1019.3
20:56:24, 22.2, 7.006, 0.069, 1019.7
20:56:25, 22.2, 8.163, 0.070, 1019.8
20:56:26, 22.2, 7.003, 0.069, 1019.7
20:56:27, 22.2, 8.379, 0.070, 1019.8
20:56:28, 22.2, 7.005, 0.060, 1018.9
20:56:29, 22.2, 7.015, 0.064, 1019.3
20:56:30, 22.2, 7.010, 0.064, 1019.3
20:56:32, 22.2, 7.013, 0.065, 1019.4
20:56:33, 22.2, 7.379, 0.066, 1019.5
20:56:34, 22.2, 7.005, 0.068, 1019.6
20:56:35, 22.2, 7.015, 0.064, 1019.3
20:56:36, 22.2, 7.219, 0.069, 1019.7
20:56:37, 22.2, 7.006, 0.064, 1019.3
20:56:38, 22.2, 7.003, 0.065, 1019.4
20:56:39, 22.2, 7.015, 0.069, 1019.7
20:56:40, 22.2, 7.012, 0.066, 1019.5
20:56:42, 22.3, 7.008, 0.064, 1019.3
20:56:43, 22.3, 7.013, 0.069, 1019.7
20:56:44, 22.3, 7.010, 0.065, 1019.4
20:56:45, 22.3, 7.277, 0.066, 1019.5
20:56:46, 22.3, 7.008, 0.069, 1019.7
20:56:47, 22.3, 7.012, 0.065, 1019.4
20:56:48, 22.3, 7.006, 0.066, 1019.5
20:56:49, 22.3, 7.013, 0.072, 1020.0
20:56:51, 22.3, 7.009, 0.063, 1019.2
20:56:52, 22.3, 7.007, 0.066, 1019.5
20:56:53, 22.3, 7.003, 0.070, 1019.8
20:56:54, 22.3, 7.027, 0.065, 1019.4
20:56:55, 22.3, 7.013, 0.069, 1019.7
20:56:56, 22.3, 7.011, 0.068, 1019.6
20:56:57, 22.3, 7.018, 0.066, 1019.5
20:56:58, 22.3, 7.009, 0.068, 1019.6
20:56:59, 22.3, 7.014, 0.068, 1019.6
20:57:01, 22.3, 7.009, 0.072, 1020.0
20:57:02, 22.3, 7.020, 0.065, 1019.4
20:57:03, 22.3, 7.026, 0.069, 1019.7
20:57:04, 22.3, 7.010, 0.064, 1019.3
20:57:05, 22.3, 7.174, 0.073, 1020.1
20:57:06, 22.3, 7.006, 0.062, 1019.1
20:57:07, 22.3, 7.008, 0.069, 1019.7
20:57:08, 22.3, 7.005, 0.068, 1019.6
20:57:10, 22.3, 7.018, 0.066, 1019.5
20:57:11, 22.3, 7.014, 0.069, 1019.7
20:57:12, 22.3, 7.020, 0.064, 1019.3
20:57:13, 22.3, 7.028, 0.068, 1019.6
20:57:14, 22.3, 7.018, 0.064, 1019.3
20:57:15, 22.3, 7.006, 0.068, 1019.6
20:57:16, 22.3, 7.006, 0.066, 1019.5
20:57:17, 22.3, 7.012, 0.068, 1019.6
20:57:18, 22.3, 7.016, 0.066, 1019.5
20:57:20, 22.3, 7.007, 0.064, 1019.3
20:57:21, 22.3, 7.004, 0.069, 1019.7
20:57:22, 22.2, 7.010, 0.068, 1019.6
20:57:23, 22.2, 7.341, 0.064, 1019.3
20:57:24, 22.2, 7.698, 0.068, 1019.6
20:57:25, 22.2, 7.009, 0.070, 1019.8
20:57:26, 22.2, 7.031, 0.066, 1019.5
20:57:27, 22.2, 7.000, 0.069, 1019.7
20:57:29, 22.2, 7.001, 0.070, 1019.8
20:57:30, 22.2, 7.018, 0.066, 1019.5
20:57:31, 22.2, 7.013, 0.069, 1019.7
20:57:32, 22.2, 7.006, 0.065, 1019.4
20:57:33, 22.2, 7.006, 0.070, 1019.8
20:57:34, 22.2, 7.009, 0.068, 1019.6
20:57:35, 22.2, 7.011, 0.065, 1019.4
20:57:36, 22.2, 7.017, 0.065, 1019.4
20:57:37, 22.2, 7.018, 0.064, 1019.3
20:57:39, 22.2, 7.009, 0.069, 1019.7
20:57:40, 22.2, 7.003, 0.072, 1020.0
20:57:41, 22.2, 7.022, 0.062, 1019.1
20:57:42, 22.2, 7.019, 0.070, 1019.8
20:57:43, 22.2, 7.013, 0.066, 1019.5
20:57:44, 22.2, 7.007, 0.066, 1019.5
20:57:45, 22.2, 7.012, 0.064, 1019.3
20:57:46, 22.2, 7.005, 0.068, 1019.6
20:57:48, 22.2, 7.017, 0.060, 1018.9
20:57:49, 22.2, 7.010, 0.064, 1019.3
20:57:50, 22.2, 7.004, 0.069, 1019.7
20:57:51, 22.2, 7.004, 0.068, 1019.6
20:57:52, 22.2, 7.015, 0.070, 1019.8
20:57:53, 22.2, 7.013, 0.066, 1019.5
20:57:54, 22.2, 7.020, 0.069, 1019.7
20:57:55, 22.2, 7.008, 0.068, 1019.6
20:57:56, 22.2, 7.011, 0.068, 1019.6
20:57:58, 22.2, 7.035, 0.069, 1019.7
20:57:59, 22.2, 7.023, 0.071, 1019.9
20:58:00, 22.2, 7.025, 0.065, 1019.4
20:58:01, 22.2, 7.027, 0.068, 1019.6
20:58:02, 22.2, 7.027, 0.066, 1019.5
20:58:03, 22.2, 7.029, 0.072, 1020.0
20:58:04, 22.2, 7.034, 0.068, 1019.6
20:58:05, 22.2, 7.037, 0.062, 1019.1
20:58:07, 22.2, 7.041, 0.065, 1019.4
20:58:08, 22.2, 7.050, 0.062, 1019.1
20:58:09, 22.2, 7.026, 0.070, 1019.8
20:58:10, 22.2, 7.027, 0.066, 1019.5
20:58:11, 22.2, 7.034, 0.064, 1019.3
20:58:12, 22.2, 7.029, 0.073, 1020.1
20:58:13, 22.2, 7.033, 0.064, 1019.3
20:58:14, 22.2, 7.055, 0.063, 1019.2
20:58:15, 22.2, 7.057, 0.069, 1019.7
20:58:17, 22.2, 7.053, 0.068, 1019.6
20:58:18, 22.2, 7.050, 0.068, 1019.6
20:58:19, 22.2, 7.038, 0.063, 1019.2
20:58:20, 22.2, 7.050, 0.065, 1019.4
20:58:21, 22.3, 7.044, 0.069, 1019.7
20:58:22, 22.3, 7.046, 0.070, 1019.8
20:58:23, 22.3, 7.043, 0.068, 1019.6
20:58:24, 22.3, 7.039, 0.070, 1019.8
20:58:26, 22.3, 7.049, 0.066, 1019.5
20:58:27, 22.3, 7.053, 0.064, 1019.3
20:58:28, 22.3, 7.047, 0.068, 1019.6
20:58:29, 22.3, 7.050, 0.066, 1019.5
20:58:30, 22.3, 7.062, 0.068, 1019.6
20:58:31, 22.3, 7.071, 0.064, 1019.3
20:58:32, 22.3, 7.043, 0.061, 1019.0
20:58:33, 22.3, 7.061, 0.065, 1019.4
20:58:34, 22.3, 7.063, 0.064, 1019.3
20:58:36, 22.3, 7.075, 0.065, 1019.4
20:58:37, 22.3, 7.073, 0.065, 1019.4
20:58:38, 22.3, 7.071, 0.064, 1019.3
20:58:39, 22.3, 7.072, 0.065, 1019.4
20:58:40, 22.3, 7.064, 0.066, 1019.5
20:58:41, 22.3, 7.076, 0.068, 1019.6
20:58:42, 22.3, 7.071, 0.071, 1019.9
20:58:43, 22.3, 7.077, 0.064, 1019.3
20:58:45, 22.3, 7.070, 0.072, 1020.0
20:58:46, 22.3, 7.064, 0.068, 1019.6
20:58:47, 22.3, 7.067, 0.073, 1020.1
20:58:48, 22.3, 7.076, 0.066, 1019.5
20:58:49, 22.3, 7.076, 0.065, 1019.4
20:58:50, 22.3, 7.075, 0.066, 1019.5
20:58:51, 22.3, 7.073, 0.065, 1019.4
20:58:52, 22.3, 7.068, 0.075, 1020.3
20:58:53, 22.3, 7.079, 0.070, 1019.8
20:58:55, 22.3, 7.080, 0.065, 1019.4
20:58:56, 22.3, 7.061, 0.064, 1019.3
20:58:57, 22.3, 7.058, 0.063, 1019.2
20:58:58, 22.3, 7.057, 0.069, 1019.7
20:58:59, 22.3, 7.064, 0.069, 1019.7
20:59:00, 22.3, 7.065, 0.064, 1019.3
20:59:01, 22.3, 7.065, 0.065, 1019.4
20:59:02, 22.2, 7.067, 0.065, 1019.4
20:59:04, 22.2, 7.063, 0.065, 1019.4
20:59:05, 22.3, 7.066, 0.069, 1019.7
20:59:06, 22.2, 7.059, 0.064, 1019.3
20:59:07, 22.2, 7.072, 0.065, 1019.4
20:59:08, 22.2, 7.063, 0.066, 1019.5
20:59:09, 22.2, 7.069, 0.066, 1019.5
20:59:10, 22.2, 7.068, 0.069, 1019.7
20:59:11, 22.2, 7.081, 0.070, 1019.8
20:59:12, 22.2, 7.076, 0.072, 1020.0
20:59:14, 22.2, 7.069, 0.066, 1019.5
20:59:15, 22.2, 7.072, 0.068, 1019.6
20:59:16, 22.2, 7.079, 0.073, 1020.1
20:59:17, 22.2, 7.083, 0.068, 1019.6
20:59:18, 22.2, 7.082, 0.065, 1019.4
20:59:19, 22.2, 7.072, 0.070, 1019.8
20:59:20, 22.2, 7.073, 0.064, 1019.3
20:59:21, 22.2, 7.065, 0.066, 1019.5
20:59:23, 22.2, 7.076, 0.070, 1019.8
20:59:24, 22.2, 7.073, 0.068, 1019.6
20:59:25, 22.2, 7.071, 0.068, 1019.6
20:59:26, 22.2, 7.072, 0.069, 1019.7
20:59:27, 22.2, 7.074, 0.063, 1019.2
20:59:28, 22.2, 7.073, 0.071, 1019.9
20:59:29, 22.2, 7.084, 0.064, 1019.3
20:59:30, 22.2, 7.079, 0.066, 1019.5
20:59:31, 22.2, 7.071, 0.071, 1019.9
20:59:33, 22.2, 7.069, 0.066, 1019.5
20:59:34, 22.2, 7.067, 0.065, 1019.4
20:59:35, 22.2, 7.072, 0.066, 1019.5
20:59:36, 22.2, 7.064, 0.073, 1020.1
20:59:37, 22.2, 7.064, 0.066, 1019.5
20:59:38, 22.2, 7.059, 0.068, 1019.6
20:59:39, 22.2, 7.058, 0.071, 1019.9
20:59:40, 22.2, 7.061, 0.069, 1019.7
20:59:41, 22.2, 7.058, 0.066, 1019.5
20:59:43, 22.2, 7.057, 0.068, 1019.6
20:59:44, 22.2, 7.059, 0.068, 1019.6
20:59:45, 22.2, 7.069, 0.073, 1020.1
20:59:46, 22.2, 7.071, 0.068, 1019.6
20:59:47, 22.2, 7.063, 0.068, 1019.6
20:59:48, 22.2, 7.062, 0.070, 1019.8
20:59:49, 22.2, 7.065, 0.072, 1020.0
20:59:50, 22.2, 7.065, 0.068, 1019.6
20:59:52, 22.2, 7.071, 0.070, 1019.8
20:59:53, 22.2, 7.079, 0.068, 1019.6
20:59:54, 22.2, 7.077, 0.070, 1019.8
20:59:55, 22.2, 7.057, 0.072, 1020.0
20:59:56, 22.2, 7.056, 0.066, 1019.5
20:59:57, 22.2, 7.059, 0.064, 1019.3
20:59:58, 22.2, 7.062, 0.069, 1019.7
20:59:59, 22.2, 7.061, 0.066, 1019.5
21:00:00, 22.2, 7.064, 0.071, 1019.9
21:00:02, 22.2, 7.057, 0.066, 1019.5
21:00:03, 22.2, 7.055, 0.068, 1019.6
21:00:04, 22.2, 7.057, 0.066, 1019.5
21:00:05, 22.2, 7.053, 0.070, 1019.8
21:00:06, 22.2, 7.052, 0.071, 1019.9
21:00:07, 22.2, 7.058, 0.070, 1019.8
21:00:08, 22.2, 7.057, 0.066, 1019.5
21:00:09, 22.2, 7.067, 0.068, 1019.6
21:00:11, 22.2, 7.064, 0.069, 1019.7
21:00:12, 22.2, 7.078, 0.066, 1019.5
21:00:13, 22.2, 7.072, 0.070, 1019.8
21:00:14, 22.2, 7.074, 0.070, 1019.8
21:00:15, 22.2, 7.072, 0.069, 1019.7
21:00:16, 22.2, 7.080, 0.070, 1019.8
21:00:17, 22.2, 7.076, 0.068, 1019.6
21:00:18, 22.2, 7.073, 0.068, 1019.6
21:00:19, 22.2, 7.074, 0.071, 1019.9
21:00:21, 22.2, 7.077, 0.069, 1019.7
21:00:22, 22.2, 7.079, 0.065, 1019.4
21:00:23, 22.2, 7.073, 0.066, 1019.5
21:00:24, 22.2, 7.072, 0.072, 1020.0
21:00:25, 22.2, 7.071, 0.073, 1020.1
21:00:26, 22.2, 7.072, 0.068, 1019.6
21:00:27, 22.2, 7.070, 0.065, 1019.4
21:00:28, 22.2, 7.067, 0.073, 1020.1
21:00:30, 22.2, 7.074, 0.065, 1019.4
21:00:31, 22.1, 7.071, 0.066, 1019.5
21:00:32, 22.1, 7.075, 0.070, 1019.8
21:00:33, 22.1, 7.073, 0.070, 1019.8
21:00:34, 22.1, 7.077, 0.068, 1019.6
21:00:35, 22.1, 7.072, 0.070, 1019.8
21:00:36, 22.1, 7.081, 0.069, 1019.7
21:00:37, 22.1, 7.094, 0.070, 1019.8
21:00:38, 22.1, 7.108, 0.066, 1019.5
21:00:40, 22.1, 7.104, 0.072, 1020.0
21:00:41, 22.1, 7.114, 0.073, 1020.1
21:00:42, 22.1, 7.110, 0.071, 1019.9
21:00:43, 22.1, 7.108, 0.068, 1019.6
21:00:44, 22.1, 7.100, 0.069, 1019.7
21:00:45, 22.1, 7.094, 0.069, 1019.7
21:00:46, 22.1, 7.074, 0.071, 1019.9
21:00:47, 22.1, 7.078, 0.068, 1019.6
21:00:49, 22.1, 7.080, 0.072, 1020.0
21:00:50, 22.1, 7.073, 0.072, 1020.0
21:00:51, 22.1, 7.070, 0.070, 1019.8
21:00:52, 22.1, 7.067, 0.066, 1019.5
21:00:53, 22.1, 7.064, 0.069, 1019.7
21:00:54, 22.1, 7.060, 0.070, 1019.8
21:00:55, 22.1, 7.068, 0.071, 1019.9
21:00:56, 22.1, 7.064, 0.068, 1019.6
21:00:57, 22.1, 7.071, 0.068, 1019.6
21:00:59, 22.1, 7.069, 0.072, 1020.0
21:01:00, 22.1, 7.071, 0.070, 1019.8
21:01:01, 22.1, 7.071, 0.072, 1020.0
21:01:02, 22.1, 7.075, 0.068, 1019.6
21:01:03, 22.1, 7.081, 0.071, 1019.9
21:01:04, 22.1, 7.063, 0.069, 1019.7
21:01:05, 22.1, 7.064, 0.072, 1020.0
21:01:06, 22.1, 7.071, 0.073, 1020.1
21:01:08, 22.1, 7.079, 0.068, 1019.6
21:01:09, 22.1, 7.072, 0.072, 1020.0
21:01:10, 22.1, 7.066, 0.071, 1019.9
21:01:11, 22.1, 7.061, 0.075, 1020.3
21:01:12, 22.1, 7.056, 0.070, 1019.8
21:01:13, 22.1, 7.058, 0.066, 1019.5
21:01:14, 22.1, 7.058, 0.070, 1019.8
21:01:15, 22.1, 7.063, 0.073, 1020.1
21:01:16, 22.2, 7.057, 0.073, 1020.1
21:01:18, 22.2, 7.048, 0.068, 1019.6
21:01:19, 22.2, 7.056, 0.071, 1019.9
21:01:20, 22.2, 7.051, 0.070, 1019.8
21:01:21, 22.2, 7.052, 0.076, 1020.4
21:01:22, 22.2, 7.051, 0.069, 1019.7
21:01:23, 22.2, 7.061, 0.071, 1019.9
21:01:24, 22.2, 7.057, 0.065, 1019.4
21:01:25, 22.2, 7.052, 0.071, 1019.9
21:01:27, 22.2, 7.046, 0.069, 1019.7
21:01:28, 22.2, 7.044, 0.073, 1020.1
21:01:29, 22.2, 7.050, 0.069, 1019.7
21:01:30, 22.2, 7.047, 0.073, 1020.1
21:01:31, 22.2, 7.050, 0.071, 1019.9
21:01:32, 22.2, 7.036, 0.068, 1019.6
21:01:33, 22.2, 7.042, 0.069, 1019.7
21:01:34, 22.2, 7.035, 0.068, 1019.6
21:01:35, 22.2, 7.033, 0.072, 1020.0
21:01:37, 22.2, 7.043, 0.071, 1019.9
21:01:38, 22.2, 7.038, 0.073, 1020.1
21:01:39, 22.2, 7.041, 0.075, 1020.3
21:01:40, 22.2, 7.039, 0.073, 1020.1
21:01:41, 22.2, 7.037, 0.072, 1020.0
21:01:42, 22.2, 7.037, 0.072, 1020.0
21:01:43, 22.2, 7.037, 0.073, 1020.1
21:01:44, 22.2, 7.043, 0.070, 1019.8
21:01:46, 22.2, 7.041, 0.072, 1020.0
21:01:47, 22.2, 7.043, 0.071, 1019.9

0416202621:03:41, 22.2, 7.009, 0.061, 1019.0
21:03:43, 22.2, 7.006, 0.072, 1020.0
21:03:44, 22.2, 7.012, 0.069, 1019.7
21:03:45, 22.2, 7.021, 0.070, 1019.8
21:03:46, 22.2, 7.019, 0.072, 1020.0
21:03:47, 22.2, 7.014, 0.069, 1019.7
21:03:48, 22.2, 7.014, 0.068, 1019.6
21:03:49, 22.2, 7.020, 0.064, 1019.3
21:03:50, 22.2, 7.018, 0.068, 1019.6
21:03:52, 22.2, 7.013, 0.072, 1020.0
21:03:53, 22.2, 7.012, 0.068, 1019.6
21:03:54, 22.2, 7.019, 0.069, 1019.7
21:03:55, 22.2, 7.013, 0.073, 1020.1
21:03:56, 22.2, 7.014, 0.073, 1020.1
21:03:57, 22.2, 7.013, 0.069, 1019.7
21:03:58, 22.2, 7.014, 0.068, 1019.6
21:03:59, 22.2, 7.010, 0.066, 1019.5
21:04:00, 22.2, 7.007, 0.066, 1019.5
21:04:02, 22.2, 7.021, 0.068, 1019.6
21:04:03, 22.2, 7.027, 0.069, 1019.7
21:04:04, 22.2, 7.027, 0.069, 1019.7
21:04:05, 22.2, 7.034, 0.070, 1019.8
21:04:06, 22.2, 7.021, 0.071, 1019.9
21:04:07, 22.2, 7.020, 0.073, 1020.1
21:04:08, 22.2, 7.023, 0.073, 1020.1
21:04:09, 22.2, 7.021, 0.068, 1019.6
21:04:11, 22.2, 7.030, 0.071, 1019.9
21:04:12, 22.2, 7.024, 0.068, 1019.6
21:04:13, 22.2, 7.026, 0.069, 1019.7
21:04:14, 22.2, 7.029, 0.066, 1019.5
21:04:15, 22.2, 7.037, 0.074, 1020.2
21:04:16, 22.2, 7.034, 0.070, 1019.8
21:04:17, 22.2, 7.035, 0.073, 1020.1
21:04:18, 22.2, 7.035, 0.066, 1019.5
21:04:20, 22.2, 7.014, 0.070, 1019.8
21:04:21, 22.2, 7.004, 0.068, 1019.6
21:04:22, 22.2, 7.008, 0.073, 1020.1
21:04:23, 22.2, 7.013, 0.071, 1019.9
21:04:24, 22.2, 7.007, 0.072, 1020.0
21:04:25, 22.2, 7.013, 0.073, 1020.1
21:04:26, 22.2, 7.002, 0.068, 1019.6
21:04:27, 22.2, 7.028, 0.071, 1019.9
21:04:29, 22.2, 7.026, 0.071, 1019.9
21:04:30, 22.2, 7.019, 0.068, 1019.6
21:04:31, 22.2, 7.040, 0.066, 1019.5
21:04:32, 22.2, 7.009, 0.070, 1019.8
21:04:33, 22.2, 7.023, 0.071, 1019.9
21:04:34, 22.2, 7.021, 0.068, 1019.6
21:04:35, 22.2, 7.019, 0.072, 1020.0
21:04:36, 22.2, 7.019, 0.066, 1019.5
21:04:37, 22.2, 7.012, 0.072, 1020.0
21:04:39, 22.3, 7.014, 0.068, 1019.6
21:04:40, 22.3, 7.019, 0.066, 1019.5
21:04:41, 22.3, 7.035, 0.070, 1019.8
21:04:42, 22.3, 7.016, 0.065, 1019.4
21:04:43, 22.3, 7.006, 0.068, 1019.6
21:04:44, 22.3, 7.008, 0.071, 1019.9
21:04:45, 22.3, 7.156, 0.069, 1019.7
21:04:46, 22.3, 7.006, 0.070, 1019.8
21:04:48, 22.3, 7.013, 0.070, 1019.8
21:04:49, 22.3, 8.189, 0.068, 1019.6
21:04:50, 22.3, 7.005, 0.073, 1020.1
21:04:51, 22.3, 7.014, 0.074, 1020.2
21:04:52, 22.3, 7.005, 0.068, 1019.6
21:04:53, 22.3, 7.012, 0.069, 1019.7
21:04:54, 22.3, 7.009, 0.070, 1019.8
21:04:55, 22.3, 7.012, 0.072, 1020.0
21:04:57, 22.3, 7.004, 0.076, 1020.4
21:04:58, 22.3, 7.001, 0.070, 1019.8
21:04:59, 22.3, 7.006, 0.068, 1019.6
21:05:00, 22.3, 7.001, 0.072, 1020.0
21:05:01, 22.3, 7.001, 0.071, 1019.9
21:05:02, 22.3, 7.014, 0.072, 1020.0
21:05:03, 22.3, 7.007, 0.071, 1019.9
21:05:04, 22.3, 7.004, 0.073, 1020.1
21:05:06, 22.3, 7.194, 0.069, 1019.7
21:05:07, 22.3, 7.006, 0.069, 1019.7
21:05:08, 22.3, 7.444, 0.073, 1020.1
21:05:09, 22.3, 7.006, 0.069, 1019.7
21:05:10, 22.3, 7.012, 0.074, 1020.2
21:05:11, 22.3, 7.009, 0.071, 1019.9
21:05:12, 22.3, 7.007, 0.071, 1019.9
21:05:13, 22.3, 7.012, 0.073, 1020.1
21:05:14, 22.3, 7.019, 0.072, 1020.0
21:05:16, 22.3, 7.014, 0.073, 1020.1
21:05:17, 22.2, 7.018, 0.072, 1020.0
21:05:18, 22.3, 7.014, 0.074, 1020.2
21:05:19, 22.2, 7.011, 0.074, 1020.2
21:05:20, 22.3, 7.026, 0.072, 1020.0
21:05:21, 22.3, 7.017, 0.066, 1019.5
21:05:22, 22.2, 5.148, 0.070, 1019.8
21:05:24, 22.2, 4.283, 0.070, 1019.8
21:05:25, 22.2, 3.283, 0.073, 1020.1
21:05:26, 22.3, 5.084, 0.071, 1019.9
21:05:27, 22.2, 3.512, 0.072, 1020.0
21:05:28, 22.2, 3.507, 0.072, 1020.0
21:05:29, 22.2, 3.576, 0.071, 1019.9
21:05:30, 22.2, 3.790, 0.071, 1019.9
21:05:31, 22.2, 4.000, 0.071, 1019.9
21:05:33, 22.2, 2.667, 0.072, 1020.0
21:05:34, 22.2, 3.119, 0.077, 1020.5
21:05:35, 22.2, 3.717, 0.072, 1020.0
21:05:36, 22.2, 2.009, 0.074, 1020.2
21:05:37, 22.2, 2.149, 0.073, 1020.1
21:05:38, 22.2, 1.268, 0.070, 1019.8
21:05:39, 22.2, 1.716, 0.069, 1019.7
21:05:40, 22.2, 1.147, 0.073, 1020.1
21:05:41, 22.2, 0.723, 0.070, 1019.8
21:05:43, 22.2, -1.498, 0.071, 1019.9
21:05:44, 22.2, -1.508, 0.073, 1020.1
21:05:45, 22.2, -1.467, 0.072, 1020.0
21:05:46, 22.2, -1.467, 0.071, 1019.9
21:05:47, 22.2, -1.474, 0.074, 1020.2
21:05:48, 22.2, -1.476, 0.068, 1019.6
21:05:49, 22.2, -1.487, 0.070, 1019.8
21:05:51, 22.2, 7.029, 0.075, 1020.3
21:05:52, 22.2, 7.000, 0.070, 1019.8
21:05:53, 22.2, 7.002, 0.073, 1020.1
21:05:54, 22.2, 7.005, 0.076, 1020.4
21:05:55, 22.2, 7.007, 0.073, 1020.1
21:05:56, 22.2, 7.009, 0.073, 1020.1
21:05:57, 22.2, 7.002, 0.070, 1019.8
21:05:58, 22.2, 7.001, 0.070, 1019.8
21:06:00, 22.2, 7.014, 0.071, 1019.9
21:06:01, 22.2, 7.002, 0.072, 1020.0
21:06:02, 22.2, 7.005, 0.068, 1019.6
21:06:03, 22.2, 7.007, 0.071, 1019.9
21:06:04, 22.2, 7.005, 0.071, 1019.9
21:06:05, 22.2, 7.009, 0.076, 1020.4
21:06:06, 22.2, 7.005, 0.070, 1019.8
21:06:07, 22.2, 7.013, 0.068, 1019.6
21:06:09, 22.2, 7.028, 0.071, 1019.9
21:06:10, 22.2, 7.015, 0.071, 1019.9
21:06:11, 22.2, 7.002, 0.068, 1019.6
21:06:12, 22.2, 7.011, 0.075, 1020.3
21:06:13, 22.2, 7.017, 0.068, 1019.6
21:06:14, 22.2, 7.028, 0.065, 1019.4
21:06:15, 22.2, 7.030, 0.070, 1019.8
21:06:16, 22.2, 7.013, 0.069, 1019.7
21:06:17, 22.2, 7.016, 0.071, 1019.9
21:06:19, 22.2, 7.014, 0.073, 1020.1
21:06:20, 22.2, 7.012, 0.075, 1020.3
21:06:21, 22.2, 7.002, 0.070, 1019.8
21:06:22, 22.2, 7.013, 0.073, 1020.1
21:06:23, 22.2, 7.025, 0.074, 1020.2
21:06:24, 22.2, 7.009, 0.074, 1020.2
21:06:25, 22.2, 7.013, 0.076, 1020.4
21:06:26, 22.2, 7.014, 0.073, 1020.1
21:06:28, 22.2, 7.005, 0.073, 1020.1
21:06:29, 22.2, 7.021, 0.072, 1020.0
21:06:30, 22.2, 7.013, 0.074, 1020.2
21:06:31, 22.2, 7.002, 0.073, 1020.1
21:06:32, 22.2, 7.000, 0.075, 1020.3
21:06:33, 22.2, 7.000, 0.072, 1020.0
21:06:34, 22.2, 7.029, 0.072, 1020.0
21:06:35, 22.2, 7.030, 0.073, 1020.1
21:06:37, 22.2, 7.039, 0.071, 1019.9
21:06:38, 22.2, 7.006, 0.072, 1020.0
21:06:39, 22.2, 7.013, 0.072, 1020.0
21:06:40, 22.2, 7.009, 0.070, 1019.8
21:06:41, 22.2, 7.018, 0.074, 1020.2
21:06:42, 22.2, 7.041, 0.072, 1020.0
21:06:43, 22.2, 7.055, 0.070, 1019.8
21:06:44, 22.2, 7.029, 0.073, 1020.1
21:06:46, 22.2, 7.025, 0.076, 1020.4
21:06:47, 22.2, 7.040, 0.073, 1020.1
21:06:48, 22.2, 7.045, 0.073, 1020.1
21:06:49, 22.2, 7.039, 0.074, 1020.2
21:06:50, 22.2, 7.041, 0.074, 1020.2
21:06:51, 22.2, 7.031, 0.075, 1020.3
21:06:52, 22.2, 7.043, 0.073, 1020.1
21:06:53, 22.2, 7.044, 0.073, 1020.1
21:06:54, 22.2, 7.039, 0.075, 1020.3
21:06:56, 22.2, 7.045, 0.070, 1019.8
21:06:57, 22.2, 7.032, 0.071, 1019.9
21:06:58, 22.2, 7.015, 0.074, 1020.2
21:06:59, 22.2, 7.006, 0.074, 1020.2
21:07:00, 22.2, 7.014, 0.075, 1020.3
21:07:01, 22.2, 7.023, 0.077, 1020.5
21:07:02, 22.2, 7.043, 0.074, 1020.2
21:07:03, 22.2, 7.037, 0.071, 1019.9
21:07:05, 22.2, 7.044, 0.074, 1020.2
21:07:06, 22.2, 7.029, 0.070, 1019.8
21:07:07, 22.2, 7.038, 0.071, 1019.9
21:07:08, 22.2, 7.030, 0.075, 1020.3
21:07:09, 22.2, 7.020, 0.074, 1020.2
21:07:10, 22.2, 7.002, 0.071, 1019.9
21:07:11, 22.2, 7.046, 0.068, 1019.6
21:07:12, 22.2, 7.031, 0.072, 1020.0
21:07:14, 22.2, 7.043, 0.072, 1020.0
21:07:15, 22.2, 7.014, 0.074, 1020.2
21:07:16, 22.2, 7.032, 0.070, 1019.8
21:07:17, 22.2, 7.127, 0.068, 1019.6
21:07:18, 22.2, 7.058, 0.076, 1020.4
21:07:19, 22.2, 7.033, 0.074, 1020.2
21:07:20, 22.2, 7.055, 0.074, 1020.2
21:07:21, 22.2, 7.054, 0.074, 1020.2
21:07:23, 22.2, 7.054, 0.073, 1020.1
21:07:24, 22.2, 7.048, 0.073, 1020.1
21:07:25, 22.2, 7.033, 0.071, 1019.9
21:07:26, 22.2, 7.023, 0.072, 1020.0
21:07:27, 22.2, 7.050, 0.076, 1020.4
21:07:28, 22.2, 7.044, 0.076, 1020.4
21:07:29, 22.2, 7.057, 0.071, 1019.9
21:07:30, 22.2, 7.056, 0.072, 1020.0
21:07:31, 22.2, 7.059, 0.072, 1020.0
21:07:33, 22.2, 7.035, 0.078, 1020.6
21:07:34, 22.2, 7.044, 0.075, 1020.3
21:07:35, 22.2, 7.061, 0.074, 1020.2
21:07:36, 22.2, 7.047, 0.072, 1020.0
21:07:37, 22.2, 7.059, 0.078, 1020.6
21:07:38, 22.2, 7.044, 0.076, 1020.4
21:07:39, 22.2, 7.009, 0.074, 1020.2
21:07:40, 22.2, 7.045, 0.075, 1020.3
21:07:42, 22.2, 7.057, 0.073, 1020.1
21:07:43, 22.2, 7.041, 0.070, 1019.8
21:07:44, 22.2, 7.037, 0.072, 1020.0
21:07:45, 22.2, 7.008, 0.076, 1020.4
21:07:46, 22.2, 7.008, 0.077, 1020.5
21:07:47, 22.2, 7.013, 0.075, 1020.3
21:07:48, 22.2, 7.014, 0.075, 1020.3
21:07:49, 22.2, 7.009, 0.076, 1020.4
21:07:51, 22.2, 7.002, 0.070, 1019.8
21:07:52, 22.2, 7.014, 0.071, 1019.9
21:07:53, 22.2, 7.024, 0.079, 1020.7
21:07:54, 22.2, 7.015, 0.070, 1019.8
21:07:55, 22.2, 7.001, 0.077, 1020.5
21:07:56, 22.2, 7.001, 0.070, 1019.8
21:07:57, 22.2, 7.007, 0.077, 1020.5
21:07:58, 22.2, 7.008, 0.073, 1020.1
21:08:00, 22.2, 7.001, 0.075, 1020.3
21:08:01, 22.2, 7.013, 0.075, 1020.3
21:08:02, 22.2, 7.007, 0.075, 1020.3
21:08:03, 22.2, 7.004, 0.071, 1019.9
21:08:04, 22.2, 7.001, 0.074, 1020.2
21:08:05, 22.2, 7.012, 0.072, 1020.0
21:08:06, 22.2, 7.013, 0.074, 1020.2
21:08:07, 22.2, 7.002, 0.075, 1020.3
21:08:08, 22.2, 7.003, 0.075, 1020.3
21:08:10, 22.2, 7.012, 0.075, 1020.3
21:08:11, 22.2, 7.014, 0.077, 1020.5
21:08:12, 22.2, 7.011, 0.074, 1020.2
21:08:13, 22.2, 7.010, 0.074, 1020.2
21:08:14, 22.2, 7.001, 0.075, 1020.3
21:08:15, 22.2, 7.011, 0.073, 1020.1
21:08:16, 22.2, 7.006, 0.070, 1019.8
21:08:18, 22.2, 26.469, 0.077, 1020.5
21:08:19, 22.2, 44.807, 0.077, 1020.5
21:08:20, 22.2, 16.245, 0.070, 1019.8
21:08:21, 22.2, 7.021, 0.077, 1020.5
21:08:22, 22.2, 27.052, 0.076, 1020.4
21:08:23, 22.2, 25.806, 0.072, 1020.0
21:08:24, 22.2, 56.164, 0.072, 1020.0
21:08:25, 22.2, 68.331, 0.075, 1020.3
21:08:27, 22.2, 72.469, 0.071, 1019.9
21:08:28, 22.2, 8.543, 0.077, 1020.5
21:08:29, 22.2, 8.441, 0.074, 1020.2
21:08:30, 22.2, 8.576, 0.071, 1019.9
21:08:31, 22.2, 9.104, 0.079, 1020.7
21:08:32, 22.2, 8.009, 0.073, 1020.1
21:08:33, 22.2, 7.695, 0.074, 1020.2
21:08:34, 22.2, 7.002, 0.076, 1020.4
21:08:36, 22.2, 7.832, 0.077, 1020.5
21:08:37, 22.2, 7.039, 0.077, 1020.5
21:08:38, 22.2, 7.066, 0.073, 1020.1
21:08:39, 22.2, 7.397, 0.072, 1020.0
21:08:40, 22.2, 7.229, 0.072, 1020.0
21:08:41, 22.2, 7.004, 0.071, 1019.9
21:08:42, 22.2, 7.037, 0.073, 1020.1
21:08:44, 22.2, 7.855, 0.074, 1020.2
21:08:45, 22.2, 7.856, 0.074, 1020.2
21:08:46, 22.2, 7.940, 0.077, 1020.5
21:08:47, 22.2, 7.001, 0.077, 1020.5
21:08:48, 22.2, 7.105, 0.071, 1019.9
21:08:49, 22.2, 7.898, 0.077, 1020.5
21:08:50, 22.2, 8.903, 0.076, 1020.4
21:08:51, 22.2, 7.593, 0.074, 1020.2
21:08:52, 22.2, 7.006, 0.074, 1020.2
21:08:54, 22.2, 7.000, 0.078, 1020.6
21:08:55, 22.2, 7.007, 0.078, 1020.6
21:08:56, 22.2, 7.011, 0.074, 1020.2
21:08:57, 22.2, 7.025, 0.076, 1020.4
21:08:58, 22.2, 7.039, 0.075, 1020.3
21:08:59, 22.2, 7.025, 0.073, 1020.1
21:09:00, 22.2, 7.033, 0.076, 1020.4
21:09:02, 22.2, 7.033, 0.076, 1020.4
21:09:03, 22.3, 7.033, 0.077, 1020.5
21:09:04, 22.2, 7.032, 0.078, 1020.6
21:09:05, 22.3, 7.025, 0.075, 1020.3
21:09:06, 22.2, 7.028, 0.075, 1020.3
21:09:07, 22.2, 7.023, 0.075, 1020.3
21:09:08, 22.2, 7.014, 0.074, 1020.2
21:09:09, 22.2, 7.013, 0.075, 1020.3
21:09:10, 22.2, 7.026, 0.078, 1020.6
21:09:12, 22.2, 7.010, 0.077, 1020.5
21:09:13, 22.2, 7.016, 0.073, 1020.1
21:09:14, 22.2, 7.029, 0.077, 1020.5
21:09:15, 22.2, 7.023, 0.075, 1020.3
21:09:16, 22.2, 7.029, 0.075, 1020.3
21:09:17, 22.2, 7.026, 0.078, 1020.6
21:09:18, 22.2, 7.040, 0.077, 1020.5
21:09:19, 22.2, 7.033, 0.072, 1020.0
21:09:21, 22.2, 7.044, 0.074, 1020.2
21:09:22, 22.2, 7.029, 0.077, 1020.5
21:09:23, 22.2, 7.043, 0.074, 1020.2
21:09:24, 22.2, 7.039, 0.077, 1020.5
21:09:25, 22.2, 7.060, 0.079, 1020.7
21:09:26, 22.2, 7.054, 0.073, 1020.1
21:09:27, 22.2, 7.040, 0.075, 1020.3
21:09:29, 22.2, 7.050, 0.075, 1020.3
21:09:30, 22.2, 7.051, 0.077, 1020.5
21:09:31, 22.2, 7.046, 0.077, 1020.5
21:09:32, 22.2, 7.049, 0.075, 1020.3
21:09:33, 22.2, 7.055, 0.074, 1020.2
21:09:34, 22.2, 7.043, 0.076, 1020.4
21:09:35, 22.2, 7.045, 0.077, 1020.5
21:09:36, 22.2, 7.060, 0.074, 1020.2
21:09:37, 22.2, 7.061, 0.072, 1020.0
21:09:39, 22.2, 7.061, 0.079, 1020.7
21:09:40, 22.2, 7.046, 0.074, 1020.2
21:09:41, 22.2, 7.030, 0.074, 1020.2
21:09:42, 22.2, 7.059, 0.075, 1020.3
21:09:43, 22.2, 7.051, 0.074, 1020.2
21:09:44, 22.2, 7.055, 0.074, 1020.2
21:09:45, 22.2, 7.077, 0.074, 1020.2
21:09:46, 22.2, 7.056, 0.078, 1020.6
21:09:48, 22.2, 7.045, 0.072, 1020.0
21:09:49, 22.2, 7.058, 0.075, 1020.3
21:09:50, 22.2, 7.061, 0.075, 1020.3
21:09:51, 22.2, 7.062, 0.078, 1020.6
21:09:52, 22.2, 7.051, 0.075, 1020.3
21:09:53, 22.2, 7.060, 0.081, 1020.9
21:09:54, 22.2, 7.087, 0.076, 1020.4
21:09:55, 22.2, 7.058, 0.075, 1020.3
21:09:57, 22.2, 7.045, 0.076, 1020.4
21:09:58, 22.2, 7.045, 0.075, 1020.3
21:09:59, 22.2, 7.059, 0.074, 1020.2
21:10:00, 22.2, 7.045, 0.073, 1020.1
21:10:01, 22.2, 7.052, 0.078, 1020.6
21:10:02, 22.2, 7.044, 0.076, 1020.4
21:10:03, 22.2, 7.069, 0.078, 1020.6
21:10:04, 22.2, 7.075, 0.079, 1020.7
21:10:06, 22.2, 7.088, 0.077, 1020.5
21:10:07, 22.2, 7.091, 0.075, 1020.3
21:10:08, 22.2, 7.093, 0.079, 1020.7
21:10:09, 22.2, 7.104, 0.077, 1020.5
21:10:10, 22.2, 7.083, 0.079, 1020.7
21:10:11, 22.2, 7.103, 0.074, 1020.2
21:10:12, 22.2, 7.110, 0.075, 1020.3
21:10:13, 22.2, 7.107, 0.075, 1020.3
21:10:14, 22.2, 7.118, 0.075, 1020.3
21:10:16, 22.2, 7.120, 0.076, 1020.4
21:10:17, 22.2, 7.125, 0.075, 1020.3
21:10:18, 22.2, 7.141, 0.079, 1020.7
21:10:19, 22.2, 7.149, 0.078, 1020.6
21:10:20, 22.2, 7.153, 0.076, 1020.4
21:10:21, 22.2, 7.156, 0.076, 1020.4
21:10:22, 22.2, 7.138, 0.075, 1020.3
21:10:23, 22.2, 7.152, 0.082, 1021.0
21:10:25, 22.2, 7.152, 0.079, 1020.7
21:10:26, 22.2, 7.126, 0.073, 1020.1
21:10:27, 22.2, 7.145, 0.076, 1020.4
21:10:28, 22.2, 7.151, 0.081, 1020.9
21:10:29, 22.2, 7.142, 0.075, 1020.3
21:10:30, 22.2, 7.153, 0.080, 1020.8
21:10:31, 22.2, 7.138, 0.075, 1020.3
21:10:32, 22.2, 7.158, 0.078, 1020.6
21:10:34, 22.2, 7.143, 0.080, 1020.8
21:10:35, 22.2, 7.153, 0.078, 1020.6
21:10:36, 22.2, 7.160, 0.074, 1020.2
21:10:37, 22.2, 7.170, 0.074, 1020.2
21:10:38, 22.2, 7.123, 0.076, 1020.4
21:10:39, 22.2, 7.126, 0.079, 1020.7
21:10:40, 22.2, 7.134, 0.075, 1020.3
21:10:41, 22.2, 7.136, 0.078, 1020.6
21:10:43, 22.2, 7.137, 0.081, 1020.9
21:10:44, 22.2, 7.151, 0.077, 1020.5
21:10:45, 22.2, 7.140, 0.081, 1020.9
21:10:46, 22.2, 7.150, 0.078, 1020.6
21:10:47, 22.2, 7.140, 0.074, 1020.2
21:10:48, 22.2, 7.151, 0.077, 1020.5
21:10:49, 22.2, 7.151, 0.076, 1020.4
21:10:50, 22.2, 7.158, 0.077, 1020.5
21:10:51, 22.2, 7.153, 0.079, 1020.7
21:10:53, 22.2, 7.151, 0.077, 1020.5
21:10:54, 22.2, 7.163, 0.078, 1020.6
21:10:55, 22.2, 7.158, 0.078, 1020.6
21:10:56, 22.3, 7.168, 0.077, 1020.5
21:10:57, 22.3, 7.161, 0.071, 1019.9
21:10:58, 22.3, 7.161, 0.074, 1020.2
21:10:59, 22.3, 7.166, 0.076, 1020.4
21:11:00, 22.3, 7.157, 0.079, 1020.7
21:11:02, 22.3, 7.165, 0.075, 1020.3
21:11:03, 22.3, 7.166, 0.080, 1020.8
21:11:04, 22.3, 7.158, 0.078, 1020.6
21:11:05, 22.3, 7.150, 0.081, 1020.9
21:11:06, 22.3, 7.150, 0.080, 1020.8
21:11:07, 22.3, 7.151, 0.078, 1020.6
21:11:08, 22.3, 7.165, 0.081, 1020.9
21:11:09, 22.3, 7.151, 0.077, 1020.5
21:11:11, 22.3, 7.126, 0.082, 1021.0
21:11:12, 22.3, 7.146, 0.078, 1020.6
21:11:13, 22.3, 7.127, 0.077, 1020.5
21:11:14, 22.3, 7.076, 0.079, 1020.7
21:11:15, 22.3, 7.104, 0.077, 1020.5
21:11:16, 22.3, 7.082, 0.075, 1020.3
21:11:17, 22.3, 7.083, 0.082, 1021.0
21:11:18, 22.3, 7.092, 0.078, 1020.6
21:11:20, 22.3, 7.106, 0.080, 1020.8
21:11:21, 22.3, 7.115, 0.077, 1020.5
21:11:22, 22.3, 7.107, 0.076, 1020.4
21:11:23, 22.3, 7.123, 0.081, 1020.9
21:11:24, 22.3, 7.132, 0.079, 1020.7
21:11:25, 22.3, 7.129, 0.079, 1020.7
21:11:26, 22.2, 7.136, 0.078, 1020.6
21:11:27, 22.2, 7.139, 0.080, 1020.8
21:11:28, 22.2, 7.141, 0.079, 1020.7
21:11:30, 22.2, 7.129, 0.077, 1020.5
21:11:31, 22.2, 7.137, 0.075, 1020.3
21:11:32, 22.2, 7.128, 0.078, 1020.6
21:11:33, 22.2, 7.122, 0.079, 1020.7
21:11:34, 22.2, 7.135, 0.079, 1020.7
21:11:35, 22.2, 7.136, 0.081, 1020.9
21:11:36, 22.2, 7.136, 0.080, 1020.8
21:11:37, 22.2, 7.132, 0.076, 1020.4
21:11:39, 22.2, 7.132, 0.079, 1020.7
21:11:40, 22.2, 7.136, 0.077, 1020.5
21:11:41, 22.2, 7.126, 0.082, 1021.0
21:11:42, 22.2, 7.136, 0.077, 1020.5
21:11:43, 22.2, 7.136, 0.075, 1020.3
21:11:44, 22.2, 7.144, 0.081, 1020.9
21:11:45, 22.2, 7.151, 0.081, 1020.9
21:11:46, 22.2, 7.142, 0.075, 1020.3
21:11:48, 22.2, 7.150, 0.076, 1020.4
21:11:49, 22.2, 7.122, 0.083, 1021.1
21:11:50, 22.2, 7.151, 0.081, 1020.9
21:11:51, 22.2, 7.157, 0.080, 1020.8
21:11:52, 22.2, 7.163, 0.077, 1020.5
21:11:53, 22.2, 7.147, 0.080, 1020.8
21:11:54, 22.2, 7.164, 0.074, 1020.2
21:11:55, 22.2, 7.122, 0.079, 1020.7
21:11:57, 22.2, 7.142, 0.074, 1020.2
21:11:58, 22.2, 7.151, 0.082, 1021.0
21:11:59, 22.2, 7.142, 0.080, 1020.8
21:12:00, 22.2, 7.150, 0.082, 1021.0
21:12:01, 22.2, 7.146, 0.080, 1020.8
21:12:02, 22.2, 7.150, 0.077, 1020.5
21:12:03, 22.2, 7.147, 0.079, 1020.7
21:12:04, 22.2, 7.138, 0.079, 1020.7
21:12:06, 22.2, 7.142, 0.077, 1020.5
21:12:07, 22.2, 7.122, 0.082, 1021.0
21:12:08, 22.2, 7.140, 0.073, 1020.1
21:12:09, 22.2, 7.136, 0.079, 1020.7
21:12:10, 22.2, 7.135, 0.079, 1020.7
21:12:11, 22.2, 7.151, 0.077, 1020.5
21:12:12, 22.2, 7.122, 0.080, 1020.8
21:12:13, 22.2, 7.122, 0.079, 1020.7

04162026
21:12:29, 22.2, -25.718, 0.078, 1020.6
21:12:30, 22.2, -23.771, 0.079, 1020.7
21:12:31, 22.2, -22.529, 0.077, 1020.5
21:12:32, 22.2, -21.731, 0.078, 1020.6
21:12:34, 22.2, -21.832, 0.082, 1021.0
21:12:35, 22.2, -20.469, 0.081, 1020.9
21:12:36, 22.2, -21.927, 0.077, 1020.5
21:12:37, 22.2, -22.123, 0.074, 1020.2
21:12:38, 22.2, -21.059, 0.077, 1020.5
21:12:39, 22.2, -19.594, 0.080, 1020.8
21:12:40, 22.2, -19.240, 0.080, 1020.8
21:12:41, 22.2, -19.547, 0.078, 1020.6
21:12:42, 22.2, -19.149, 0.077, 1020.5
21:12:44, 22.2, -19.638, 0.082, 1021.0
21:12:45, 22.2, -19.200, 0.071, 1019.9
21:12:46, 22.2, -19.876, 0.077, 1020.5
21:12:47, 22.2, -20.650, 0.079, 1020.7
21:12:48, 22.2, -20.339, 0.074, 1020.2
21:12:49, 22.2, -21.050, 0.078, 1020.6
21:12:50, 22.2, -19.843, 0.082, 1021.0
21:12:51, 22.1, -19.702, 0.079, 1020.7
21:12:53, 22.1, -20.216, 0.078, 1020.6
21:12:54, 22.1, -20.495, 0.078, 1020.6
21:12:55, 22.1, -19.739, 0.075, 1020.3
21:12:56, 22.1, -19.090, 0.080, 1020.8
21:12:57, 22.1, -18.887, 0.077, 1020.5
21:12:58, 22.1, -18.562, 0.082, 1021.0
21:12:59, 22.1, -21.050, 0.078, 1020.6
21:13:00, 22.1, -18.963, 0.078, 1020.6
21:13:02, 22.1, -20.983, 0.084, 1021.2
21:13:03, 22.1, -21.266, 0.080, 1020.8
21:13:04, 22.1, -19.505, 0.078, 1020.6
21:13:05, 22.1, -19.399, 0.080, 1020.8
21:13:06, 22.1, -18.856, 0.079, 1020.7
21:13:07, 22.1, -18.963, 0.080, 1020.8
21:13:08, 22.1, -18.139, 0.078, 1020.6
21:13:09, 22.1, -18.663, 0.078, 1020.6
21:13:11, 22.1, -19.434, 0.082, 1021.0
21:13:12, 22.0, -20.086, 0.082, 1021.0
21:13:13, 22.0, -22.546, 0.078, 1020.6
21:13:14, 22.0, -22.120, 0.078, 1020.6
21:13:15, 22.0, -21.839, 0.080, 1020.8
21:13:16, 22.0, -17.541, 0.084, 1021.2
21:13:17, 22.0, -17.775, 0.080, 1020.8
21:13:18, 22.0, -16.712, 0.080, 1020.8
21:13:19, 22.0, -16.811, 0.077, 1020.5
21:13:21, 22.0, -18.754, 0.077, 1020.5
21:13:22, 22.0, -18.374, 0.082, 1021.0
21:13:23, 22.0, -17.848, 0.079, 1020.7
21:13:24, 22.0, -17.179, 0.077, 1020.5
21:13:25, 22.0, -17.358, 0.081, 1020.9
21:13:26, 22.0, -20.138, 0.078, 1020.6
21:13:27, 22.0, -19.847, 0.084, 1021.2
21:13:28, 22.0, -19.260, 0.079, 1020.7
21:13:30, 22.0, -21.196, 0.173, 1029.9
21:13:31, 22.0, -20.152, 0.080, 1020.8
21:13:32, 22.0, -17.888, 0.081, 1020.9
21:13:33, 22.0, -42.001, 0.075, 1020.3
21:13:34, 22.0, -43.925, 0.075, 1020.3
21:13:35, 22.0, -34.630, 0.079, 1020.7
21:13:36, 22.0, -19.258, 0.081, 1020.9
21:13:37, 22.0, -21.177, 0.081, 1020.9
21:13:39, 22.0, -23.925, 0.083, 1021.1
21:13:40, 22.0, -19.859, 0.078, 1020.6
21:13:41, 22.0, -18.163, 0.081, 1020.9
21:13:42, 22.0, -19.143, 0.078, 1020.6
21:13:43, 22.0, -19.560, 0.081, 1020.9
21:13:44, 22.0, -25.778, 0.079, 1020.7
21:13:45, 22.0, -20.633, 0.077, 1020.5
21:13:46, 22.0, -21.778, 0.081, 1020.9
21:13:48, 22.0, -21.164, 0.082, 1021.0
21:13:49, 22.0, -19.422, 0.081, 1020.9
21:13:50, 22.0, -18.748, 0.080, 1020.8
21:13:51, 22.0, -19.862, 0.082, 1021.0
21:13:52, 22.0, -19.343, 0.079, 1020.7
21:13:53, 22.0, -20.153, 0.083, 1021.1
21:13:54, 22.0, -20.671, 0.081, 1020.9
21:13:55, 22.0, -18.649, 0.081, 1020.9
21:13:56, 22.0, -18.904, 0.084, 1021.2
21:13:58, 22.0, -18.610, 0.078, 1020.6
21:13:59, 22.0, -19.992, 0.083, 1021.1
21:14:00, 22.0, -20.650, 0.082, 1021.0
21:14:01, 22.0, -20.647, 0.081, 1020.9
21:14:02, 22.0, -25.969, 0.081, 1020.9
21:14:03, 22.0, -21.192, 0.082, 1021.0
21:14:04, 22.0, -39.332, 0.080, 1020.8
21:14:05, 22.0, -32.610, 0.083, 1021.1
21:14:07, 22.0, -31.929, 0.080, 1020.8
21:14:08, 22.0, -28.238, 0.077, 1020.5
21:14:09, 22.0, -26.744, 0.080, 1020.8
21:14:10, 22.0, -24.969, 0.081, 1020.9
21:14:11, 22.0, -19.660, 0.080, 1020.8
21:14:12, 22.0, -19.828, 0.080, 1020.8
21:14:13, 22.0, -22.725, 0.082, 1021.0
21:14:14, 22.0, -22.292, 0.083, 1021.1
21:14:16, 22.0, -28.700, 0.082, 1021.0
21:14:17, 22.0, -19.560, 0.078, 1020.6
21:14:18, 22.0, -20.110, 0.082, 1021.0
21:14:19, 22.0, -19.646, 0.080, 1020.8
21:14:20, 22.0, -18.800, 0.079, 1020.7
21:14:21, 22.0, -19.175, 0.084, 1021.2
21:14:22, 22.0, -22.321, 0.082, 1021.0
21:14:23, 22.0, -19.194, 0.082, 1021.0
21:14:25, 22.0, -18.765, 0.082, 1021.0
21:14:26, 22.0, -18.293, 0.086, 1021.4
21:14:27, 22.0, -18.111, 0.081, 1020.9
21:14:28, 22.0, -17.952, 0.081, 1020.9
21:14:29, 22.0, -18.428, 0.080, 1020.8
21:14:30, 22.0, -18.711, 0.083, 1021.1
21:14:31, 22.0, -18.723, 0.084, 1021.2
21:14:32, 22.0, -18.565, 0.082, 1021.0
21:14:33, 22.0, -18.464, 0.080, 1020.8
21:14:35, 22.0, -17.987, 0.078, 1020.6
21:14:36, 22.0, -19.738, 0.084, 1021.2
21:14:37, 22.0, -20.730, 0.081, 1020.9
21:14:38, 22.0, -18.966, 0.079, 1020.7
21:14:39, 22.0, -18.765, 0.079, 1020.7
21:14:40, 22.0, -19.750, 0.086, 1021.4
21:14:41, 22.0, -18.943, 0.084, 1021.2
21:14:42, 22.0, -19.014, 0.079, 1020.7
21:14:44, 22.0, -18.850, 0.085, 1021.3
21:14:45, 22.0, -19.821, 0.078, 1020.6
21:14:46, 22.0, -19.476, 0.081, 1020.9
21:14:47, 22.0, -17.306, 0.079, 1020.7
21:14:48, 22.0, -18.212, 0.081, 1020.9
21:14:49, 22.0, -17.703, 0.079, 1020.7
21:14:50, 22.0, -18.367, 0.083, 1021.1
21:14:51, 22.0, -18.200, 0.082, 1021.0
21:14:53, 22.0, -18.085, 0.079, 1020.7
21:14:54, 22.0, -18.083, 0.080, 1020.8
21:14:55, 22.0, -17.156, 0.080, 1020.8
21:14:56, 22.0, -17.497, 0.083, 1021.1
21:14:57, 22.0, -16.884, 0.081, 1020.9
21:14:58, 22.0, -17.774, 0.081, 1020.9
21:14:59, 22.0, -18.420, 0.084, 1021.2
21:15:00, 22.0, -18.157, 0.081, 1020.9
21:15:02, 22.0, -17.849, 0.082, 1021.0
21:15:03, 22.0, -19.056, 0.081, 1020.9
21:15:04, 22.0, -18.482, 0.082, 1021.0
21:15:05, 22.0, -17.638, 0.079, 1020.7
21:15:06, 22.0, -19.960, 0.082, 1021.0
21:15:07, 22.0, -18.706, 0.081, 1020.9
21:15:08, 22.0, -17.910, 0.084, 1021.2
21:15:09, 22.0, -18.374, 0.081, 1020.9
21:15:10, 22.0, -19.404, 0.083, 1021.1
21:15:12, 22.0, -19.253, 0.079, 1020.7
21:15:13, 22.0, -19.609, 0.081, 1020.9
21:15:14, 22.0, -19.134, 0.081, 1020.9
21:15:15, 22.0, -20.873, 0.085, 1021.3
21:15:16, 22.0, -19.118, 0.081, 1020.9
21:15:17, 22.0, -19.754, 0.083, 1021.1
21:15:18, 22.0, -20.002, 0.083, 1021.1
21:15:19, 22.0, -19.728, 0.080, 1020.8
21:15:21, 22.0, -19.489, 0.082, 1021.0
21:15:22, 22.0, -19.126, 0.080, 1020.8
21:15:23, 22.0, -18.291, 0.081, 1020.9
21:15:24, 22.0, -17.188, 0.080, 1020.8
21:15:25, 22.0, -17.698, 0.081, 1020.9
21:15:26, 22.0, -16.884, 0.083, 1021.1
21:15:27, 21.9, -18.383, 0.082, 1021.0
21:15:28, 21.9, -20.128, 0.083, 1021.1
21:15:30, 21.9, -20.302, 0.080, 1020.8
21:15:31, 21.9, -19.346, 0.083, 1021.1
21:15:32, 21.9, -18.657, 0.082, 1021.0
21:15:33, 21.9, -17.908, 0.081, 1020.9
21:15:34, 21.9, -18.533, 0.082, 1021.0
21:15:35, 21.9, -18.897, 0.085, 1021.3
21:15:36, 21.9, -18.751, 0.084, 1021.2
21:15:37, 21.9, -18.421, 0.082, 1021.0
21:15:39, 21.9, -18.875, 0.081, 1020.9
21:15:40, 21.9, -18.801, 0.083, 1021.1
21:15:41, 21.9, -17.721, 0.083, 1021.1
21:15:42, 21.9, -17.933, 0.086, 1021.4
21:15:43, 21.9, -18.424, 0.086, 1021.4
21:15:44, 21.9, -17.985, 0.088, 1021.6
21:15:45, 21.9, -18.248, 0.080, 1020.8
21:15:46, 21.9, -18.201, 0.083, 1021.1
21:15:47, 21.9, -18.788, 0.082, 1021.0
21:15:49, 21.9, -18.996, 0.081, 1020.9
21:15:50, 21.9, -18.042, 0.080, 1020.8
21:15:51, 21.9, -17.969, 0.081, 1020.9
21:15:52, 21.9, -18.217, 0.079, 1020.7
21:15:53, 21.9, -18.070, 0.081, 1020.9
21:15:54, 21.9, -18.539, 0.081, 1020.9
21:15:55, 21.9, -19.189, 0.083, 1021.1
21:15:56, 21.9, -19.151, 0.084, 1021.2
21:15:58, 21.9, -18.178, 0.080, 1020.8
21:15:59, 21.9, -18.556, 0.089, 1021.7
21:16:00, 21.8, -19.159, 0.082, 1021.0
21:16:01, 21.8, -19.031, 0.085, 1021.3
21:16:02, 21.8, -18.715, 0.084, 1021.2
21:16:03, 21.8, -18.562, 0.080, 1020.8
21:16:04, 21.8, -16.810, 0.081, 1020.9
21:16:05, 21.8, -17.755, 0.084, 1021.2
21:16:07, 21.8, -17.743, 0.081, 1020.9
21:16:08, 21.8, -17.990, 0.084, 1021.2
21:16:09, 21.8, -18.210, 0.081, 1020.9
21:16:10, 21.8, -18.908, 0.086, 1021.4
21:16:11, 21.8, -17.157, 0.086, 1021.4
21:16:12, 21.8, -16.640, 0.086, 1021.4
21:16:13, 21.8, -19.185, 0.083, 1021.1
21:16:14, 21.8, -17.463, 0.079, 1020.7
21:16:16, 21.8, -17.305, 0.084, 1021.2
21:16:17, 21.8, -16.032, 0.084, 1021.2
21:16:18, 21.8, -16.372, 0.081, 1020.9
21:16:19, 21.8, -17.154, 0.085, 1021.3
21:16:20, 21.8, -16.034, 0.086, 1021.4
21:16:21, 21.8, -14.195, 0.083, 1021.1
21:16:22, 21.8, -14.949, 0.080, 1020.8
21:16:23, 21.8, -14.814, 0.081, 1020.9
21:16:24, 21.8, -14.404, 0.083, 1021.1
21:16:26, 21.8, -16.346, 0.081, 1020.9
21:16:27, 21.8, -14.389, 0.084, 1021.2
21:16:28, 21.8, -14.627, 0.083, 1021.1
21:16:29, 21.8, -14.581, 0.083, 1021.1
21:16:30, 21.8, -15.246, 0.086, 1021.4
21:16:31, 21.8, -15.374, 0.083, 1021.1
21:16:32, 21.8, -16.913, 0.085, 1021.3
21:16:33, 21.8, -16.682, 0.082, 1021.0
21:16:35, 21.8, -16.778, 0.082, 1021.0
21:16:36, 21.8, -16.735, 0.081, 1020.9
21:16:37, 21.8, -17.663, 0.082, 1021.0
21:16:38, 21.8, -16.682, 0.082, 1021.0
21:16:39, 21.8, -15.800, 0.080, 1020.8
21:16:40, 21.9, -16.818, 0.082, 1021.0
21:16:41, 21.9, -16.486, 0.087, 1021.5
21:16:42, 21.9, -16.216, 0.084, 1021.2
21:16:44, 21.9, -15.605, 0.081, 1020.9
21:16:45, 21.9, -15.875, 0.087, 1021.5
21:16:46, 21.9, -16.025, 0.080, 1020.8
21:16:47, 21.9, -15.327, 0.085, 1021.3
21:16:48, 21.9, -15.455, 0.082, 1021.0
21:16:49, 21.9, -15.515, 0.083, 1021.1
21:16:50, 21.9, -15.946, 0.081, 1020.9
21:16:51, 21.9, -15.740, 0.082, 1021.0
21:16:53, 21.9, -16.044, 0.085, 1021.3
21:16:54, 21.9, -15.523, 0.082, 1021.0
21:16:55, 21.9, -16.099, 0.084, 1021.2
21:16:56, 21.9, -16.654, 0.083, 1021.1
21:16:57, 21.9, -16.083, 0.084, 1021.2
21:16:58, 21.9, -17.175, 0.082, 1021.0
21:16:59, 21.9, -17.526, 0.081, 1020.9
21:17:00, 21.9, -19.748, 0.086, 1021.4
21:17:01, 21.9, -17.379, 0.083, 1021.1
21:17:03, 21.9, -17.115, 0.086, 1021.4
21:17:04, 21.9, -16.968, 0.083, 1021.1
21:17:05, 21.9, -17.195, 0.080, 1020.8
21:17:06, 21.9, -16.363, 0.085, 1021.3
21:17:07, 21.9, -17.525, 0.081, 1020.9
21:17:08, 21.9, -18.471, 0.083, 1021.1
21:17:09, 21.9, -17.614, 0.082, 1021.0
21:17:10, 21.9, -17.737, 0.083, 1021.1
21:17:12, 21.9, -17.636, 0.084, 1021.2
21:17:13, 21.9, -17.840, 0.081, 1020.9
21:17:14, 21.9, -17.649, 0.083, 1021.1
21:17:15, 21.9, -17.548, 0.084, 1021.2
21:17:16, 21.9, -17.451, 0.086, 1021.4
21:17:17, 21.9, -17.471, 0.084, 1021.2
21:17:18, 21.9, -17.885, 0.085, 1021.3
21:17:19, 21.9, -17.985, 0.087, 1021.5
21:17:21, 21.9, -17.196, 0.081, 1020.9
21:17:22, 21.9, -17.122, 0.081, 1020.9
21:17:23, 21.9, -17.036, 0.085, 1021.3
21:17:24, 21.9, -16.890, 0.086, 1021.4
21:17:25, 21.9, -15.853, 0.085, 1021.3
21:17:26, 21.9, -16.238, 0.086, 1021.4
21:17:27, 21.9, -16.389, 0.085, 1021.3
21:17:28, 21.9, -17.649, 0.084, 1021.2
21:17:30, 21.9, -15.810, 0.088, 1021.6
21:17:31, 21.9, -15.976, 0.087, 1021.5
21:17:32, 21.9, -27.584, 0.081, 1020.9
21:17:33, 21.9, -60.326, 0.080, 1020.8
21:17:34, 21.9, -15.154, 0.085, 1021.3
21:17:35, 21.9, -15.765, 0.134, 1026.1
21:17:36, 22.0, -16.916, 0.084, 1021.2

0416202621:17:38, 22.0, -17.051, 0.086, 1021.4
21:17:40, 22.0, -16.512, 0.083, 1021.1
21:17:41, 22.0, -17.280, 0.083, 1021.1
21:17:42, 22.0, -18.625, 0.082, 1021.0
21:17:43, 22.0, -18.998, 0.083, 1021.1
21:17:44, 22.0, -20.871, 0.084, 1021.2
21:17:45, 22.0, -19.539, 0.086, 1021.4
21:17:46, 22.0, -19.239, 0.081, 1020.9
21:17:47, 22.0, -18.059, 0.083, 1021.1
21:17:49, 22.0, -18.661, 0.080, 1020.8
21:17:50, 22.0, -15.927, 0.083, 1021.1
21:17:51, 22.0, -14.400, 0.080, 1020.8
21:17:52, 22.0, -13.384, 0.078, 1020.6
21:17:54, 22.0, -13.134, 0.079, 1020.7
21:17:55, 21.9, -13.510, 0.077, 1020.5
21:17:56, 21.9, -40.663, 0.083, 1021.1
21:17:57, 21.9, -66.429, 0.081, 1020.9

0416202621:48:03, 26.7, 0.103, 1023.1
21:48:05, 26.8, 0.097, 1022.5
21:48:06, 26.8, 0.097, 1022.5
21:48:07, 26.8, 0.097, 1022.5
21:48:08, 26.8, 0.095, 1022.3
21:48:09, 26.8, 0.092, 1022.0
21:48:10, 26.8, 0.096, 1022.4
21:48:11, 26.8, 0.092, 1022.0
21:48:12, 26.8, 0.096, 1022.4
21:48:13, 26.9, 0.092, 1022.0
21:48:14, 26.9, 0.097, 1022.5
21:48:15, 26.9, 0.095, 1022.3
21:48:17, 26.9, 0.090, 1021.8
21:48:18, 26.9, 0.093, 1022.1
21:48:19, 26.9, 0.091, 1021.9
21:48:20, 26.9, 0.097, 1022.5
21:48:21, 26.9, 0.088, 1021.6
21:48:22, 26.9, 0.094, 1022.2
21:48:23, 26.9, 0.085, 1021.3
21:48:24, 26.9, 0.093, 1022.1
21:48:25, 26.9, 0.093, 1022.1
21:48:26, 26.9, 0.092, 1022.0
21:48:27, 26.9, 0.088, 1021.6
21:48:29, 26.8, 0.092, 1022.0
21:48:30, 26.8, 0.094, 1022.2
21:48:31, 26.8, 0.094, 1022.2

0416202621:54:32, 25.5, 0.103, 1023.1
21:54:33, 25.5, 0.102, 1023.0
21:54:34, 25.5, 0.102, 1023.0
21:54:36, 25.5, 0.101, 1022.9
21:54:37, 25.5, 0.099, 1022.7
21:54:38, 25.5, 0.103, 1023.1
21:54:39, 25.5, 0.100, 1022.8
21:54:40, 25.5, 0.102, 1023.0
21:54:41, 25.5, 0.098, 1022.6
21:54:42, 25.5, 0.097, 1022.5
21:54:43, 25.5, 0.103, 1023.1
21:54:44, 25.5, 0.105, 1023.3
21:54:45, 25.5, 0.098, 1022.6
21:54:46, 25.5, 0.101, 1022.9
21:54:48, 25.4, 0.100, 1022.8
21:54:49, 25.4, 0.098, 1022.6
21:54:50, 25.5, 0.101, 1022.9
21:54:51, 25.5, 0.098, 1022.6
21:54:52, 25.5, 0.099, 1022.7
21:54:53, 25.5, 0.097, 1022.5
21:54:54, 25.4, 0.098, 1022.6

0416202621:55:03, 25.4, 0.106, 1023.4
21:55:04, 25.4, 0.100, 1022.8
21:55:05, 25.4, 0.103, 1023.1
21:55:06, 25.4, 0.101, 1022.9
21:55:07, 25.3, 0.100, 1022.8
21:55:08, 25.3, 0.104, 1023.2
21:55:09, 25.6, 0.103, 1023.1
21:55:10, 26.3, 0.103, 1023.1
21:55:12, 27.0, 0.101, 1022.9
21:55:13, 27.2, 0.099, 1022.7
21:55:14, 27.2, 0.098, 1022.6
21:55:15, 27.0, 0.099, 1022.7
21:55:16, 26.9, 0.094, 1022.2
21:55:17, 26.8, 0.103, 1023.1
21:55:18, 26.8, 0.099, 1022.7
21:55:19, 26.7, 0.102, 1023.0

0416202621:55:32, 26.4, 0.097, 1022.5
21:55:33, 26.3, 0.098, 1022.6
21:55:34, 26.4, 0.098, 1022.6

0416202621:55:37, 26.3, 0.096, 1022.4
21:55:38, 26.3, 0.099, 1022.7
21:55:39, 26.3, 0.098, 1022.6
21:55:40, 26.3, 0.099, 1022.7
21:55:41, 26.3, 0.098, 1022.6
21:55:42, 26.4, 0.095, 1022.3
21:55:44, 26.4, 0.102, 1023.0
21:55:45, 26.4, 0.097, 1022.5
21:55:46, 26.4, 0.098, 1022.6
21:55:47, 26.4, 0.096, 1022.4

0416202621:58:23, 28.4, 0.100, 1022.8
21:58:24, 28.3, 0.101, 1022.9
21:58:25, 28.3, 0.103, 1023.1
21:58:26, 28.3, 0.101, 1022.9
21:58:27, 28.3, 0.104, 1023.2
21:58:28, 28.3, 0.107, 1023.5
21:58:29, 28.3, 0.102, 1023.0
21:58:30, 28.3, 0.103, 1023.1
21:58:31, 28.3, 0.104, 1023.2
21:58:32, 28.3, 0.103, 1023.1
21:58:34, 28.3, 0.107, 1023.5
21:58:35, 28.4, 0.102, 1023.0
21:58:36, 28.3, 0.104, 1023.2
21:58:37, 28.3, 0.104, 1023.2
21:58:38, 28.3, 0.105, 1023.3
21:58:39, 28.3, 0.100, 1022.8
21:58:40, 28.3, 0.103, 1023.1
21:58:41, 28.4, 0.102, 1023.0
21:58:42, 28.4, 0.103, 1023.1
21:58:43, 28.4, 0.100, 1022.8
21:58:44, 28.3, 0.101, 1022.9
21:58:46, 28.3, 0.106, 1023.4
21:58:47, 28.3, 0.104, 1023.2
21:58:48, 28.3, 0.104, 1023.2
21:58:49, 28.3, 0.104, 1023.2
21:58:50, 28.3, 0.102, 1023.0
21:58:51, 28.3, 0.101, 1022.9
21:58:52, 28.3, 0.098, 1022.6
21:58:53, 28.3, 0.104, 1023.2
21:58:54, 28.3, 0.098, 1022.6
21:58:55, 28.3, 0.096, 1022.4
21:58:56, 28.3, 0.100, 1022.8
21:58:58, 28.3, 0.102, 1023.0
21:58:59, 28.2, 0.101, 1022.9
21:59:00, 28.3, 0.105, 1023.3
21:59:01, 28.3, 0.099, 1022.7
21:59:02, 28.2, 0.101, 1022.9
21:59:03, 28.2, 0.101, 1022.9
21:59:04, 28.2, 0.099, 1022.7
21:59:05, 28.2, 0.100, 1022.8
21:59:06, 28.2, 0.095, 1022.3
21:59:07, 28.2, 0.101, 1022.9
21:59:08, 28.2, 0.100, 1022.8
21:59:10, 28.3, 0.099, 1022.7
21:59:11, 28.3, 0.102, 1023.0
21:59:12, 28.3, 0.101, 1022.9
21:59:13, 28.3, 0.101, 1022.9
21:59:14, 28.3, 0.104, 1023.2
21:59:15, 28.3, 0.099, 1022.7
21:59:16, 28.3, 0.101, 1022.9
21:59:17, 28.3, 0.100, 1022.8
21:59:18, 28.4, 0.100, 1022.8
21:59:19, 28.4, 0.100, 1022.8
21:59:20, 28.4, 0.100, 1022.8
21:59:22, 28.4, 0.098, 1022.6
21:59:23, 28.4, 0.099, 1022.7
21:59:24, 28.4, 0.100, 1022.8
21:59:25, 28.4, 0.102, 1023.0

0416202621:59:52, 28.4, 0.044, 1017.3
21:59:53, 28.4, 0.049, 1017.8
21:59:54, 28.4, 0.048, 1017.7
21:59:56, 28.3, 0.050, 1017.9
21:59:57, 28.3, 0.051, 1018.0
21:59:58, 28.3, 0.054, 1018.3
21:59:59, 28.3, 0.057, 1018.6
22:00:00, 28.3, 0.054, 1018.3
22:00:01, 28.3, 0.066, 1019.5
22:00:02, 28.3, 0.062, 1019.1
22:00:03, 28.3, 0.061, 1019.0
22:00:04, 28.3, 0.064, 1019.3
22:00:05, 28.3, 0.068, 1019.6
22:00:06, 28.4, 0.068, 1019.6
22:00:08, 28.4, 0.066, 1019.5
22:00:09, 28.4, 0.065, 1019.4
22:00:10, 28.4, 0.065, 1019.4
22:00:11, 28.4, 0.068, 1019.6
22:00:12, 28.4, 0.072, 1020.0
22:00:13, 28.4, 0.072, 1020.0
22:00:14, 28.4, 0.071, 1019.9
22:00:15, 28.3, 0.077, 1020.5
22:00:16, 28.3, 0.065, 1019.4
22:00:18, 28.3, 0.069, 1019.7
22:00:32, 27.8, 0.043, 1017.2
22:00:34, 27.8, 0.052, 1018.1
22:00:35, 27.7, 0.056, 1018.5
22:00:36, 27.8, 0.061, 1019.0
22:00:40, 27.7, 0.056, 1018.5

0416202622:32:02, 19.7, -0.075, 1005.7
22:32:03, 19.7, -0.074, 1005.8
22:32:04, 19.7, -0.076, 1005.6
22:32:05, 19.6, -0.076, 1005.6
22:32:06, 19.6, -0.074, 1005.8
22:32:07, 19.5, -0.077, 1005.5
22:32:08, 19.5, -0.071, 1006.1
22:32:10, 19.4, -0.072, 1006.0
22:32:11, 19.3, -0.074, 1005.8
22:32:12, 19.2, -0.075, 1005.7
22:32:13, 19.2, -0.073, 1005.9
22:32:14, 19.1, -0.073, 1005.9
22:32:15, 19.0, -0.071, 1006.1
22:32:16, 18.9, -0.069, 1006.3
22:32:17, 18.8, -0.069, 1006.3
22:32:20, 18.8, -0.062, 1006.9
22:32:21, 18.8, -0.055, 1007.6
22:32:22, 18.9, -0.047, 1008.4
22:32:23, 19.0, -0.045, 1008.6
22:32:24, 19.0, -0.051, 1008.0
22:32:25, 19.0, -0.048, 1008.3





04162026
22:33:01, 19.1, -0.060, 1007.1
22:33:02, 19.0, -0.064, 1006.7
22:33:03, 19.0, -0.070, 1006.2
22:33:04, 19.0, -0.065, 1006.6
22:33:05, 19.0, -0.068, 1006.4
22:33:06, 19.1, -0.069, 1006.3
22:33:07, 19.1, -0.074, 1005.8
22:33:08, 19.1, -0.064, 1006.7
22:33:09, 19.2, -0.063, 1006.8
22:33:11, 19.2, -0.063, 1006.8
22:33:12, 19.3, -0.064, 1006.7
22:33:13, 19.3, -0.061, 1007.0
22:33:14, 19.3, -0.065, 1006.6
22:33:15, 19.2, -0.068, 1006.4
22:33:16, 19.1, -0.069, 1006.3
22:33:17, 19.0, -0.065, 1006.6
22:33:18, 19.0, -0.054, 1007.7
22:33:19, 18.9, -0.058, 1007.3
22:33:20, 18.9, -0.058, 1007.3
22:33:21, 18.8, -0.054, 1007.7
22:33:23, 18.8, -0.057, 1007.4
22:33:24, 18.8, -0.053, 1007.8
22:33:25, 18.8, -0.053, 1007.8
22:33:26, 18.9, -0.058, 1007.3
22:33:27, 18.8, -0.056, 1007.5
22:33:28, 18.9, -0.054, 1007.7
22:33:29, 18.9, -0.051, 1008.0
22:33:30, 18.9, -0.052, 1007.9
22:33:31, 18.9, -0.050, 1008.1
22:33:32, 19.0, -0.055, 1007.6
22:33:33, 19.0, -0.049, 1008.2
22:33:35, 19.0, -0.047, 1008.4
22:33:36, 19.1, -0.043, 1008.8
22:33:37, 19.1, -0.051, 1008.0
22:33:38, 19.2, -0.048, 1008.3
22:33:39, 19.2, -0.053, 1007.8
22:33:40, 19.2, -0.046, 1008.5
22:33:41, 19.3, -0.050, 1008.1
22:33:42, 19.3, -0.046, 1008.5
22:33:43, 19.4, -0.045, 1008.6
22:33:44, 19.4, -0.053, 1007.8
22:33:45, 19.5, -0.051, 1008.0
22:33:47, 19.6, -0.056, 1007.5
22:33:48, 19.7, -0.056, 1007.5
22:33:49, 19.7, -0.051, 1008.0
22:33:50, 19.8, -0.054, 1007.7
22:33:51, 19.8, -0.054, 1007.7
22:33:52, 19.8, -0.050, 1008.1
22:33:53, 19.8, -0.054, 1007.7
22:33:54, 19.8, -0.051, 1008.0
22:33:55, 19.8, -0.052, 1007.9
22:33:56, 19.7, -0.052, 1007.9
22:33:57, 19.8, -0.042, 1008.9
22:33:59, 19.8, -0.048, 1008.3
22:34:00, 19.8, -0.050, 1008.1
22:34:01, 19.8, -0.048, 1008.3
22:34:02, 19.8, -0.048, 1008.3
22:34:03, 19.8, -0.046, 1008.5
22:34:04, 19.9, -0.055, 1007.6
22:34:05, 19.8, -0.052, 1007.9
22:34:06, 19.8, -0.053, 1007.8
22:34:07, 19.7, -0.050, 1008.1
22:34:08, 19.7, -0.051, 1008.0
22:34:09, 19.8, -0.047, 1008.4
22:34:11, 19.7, -0.032, 1009.9
22:34:12, 19.6, -0.047, 1008.4
22:34:13, 19.6, -0.043, 1008.8
22:34:14, 19.6, -0.044, 1008.7
22:34:15, 19.5, -0.046, 1008.5
22:34:16, 19.4, -0.041, 1009.0
22:34:17, 19.4, -0.046, 1008.5
22:34:18, 19.4, -0.042, 1008.9
22:34:19, 19.3, -0.041, 1009.0
22:34:20, 19.3, -0.043, 1008.8
22:34:21, 19.3, -0.040, 1009.1
22:34:23, 19.2, -0.040, 1009.1
22:34:24, 19.2, -0.042, 1008.9
22:34:25, 19.1, -0.044, 1008.7
22:34:26, 19.1, -0.043, 1008.8
22:34:27, 19.0, -0.037, 1009.4
22:34:28, 19.0, -0.026, 1010.5
22:34:29, 19.0, -0.035, 1009.6
22:34:30, 19.0, -0.038, 1009.3
22:34:31, 19.0, -0.036, 1009.5
22:34:32, 19.0, -0.035, 1009.6
22:34:33, 19.0, -0.033, 1009.8
22:34:35, 19.0, -0.036, 1009.5
22:34:36, 19.0, -0.035, 1009.6
22:34:37, 19.0, -0.036, 1009.5
22:34:38, 19.0, -0.033, 1009.8
22:34:39, 19.0, -0.035, 1009.6
22:34:40, 19.0, -0.035, 1009.6
22:34:41, 19.0, -0.031, 1010.0
22:34:42, 19.0, -0.027, 1010.4
22:34:43, 19.0, -0.029, 1010.2
22:34:44, 19.0, -0.028, 1010.3
22:34:45, 19.1, -0.031, 1010.0
22:34:47, 19.1, -0.033, 1009.8
22:34:48, 19.1, -0.020, 1011.0
22:34:49, 19.1, -0.019, 1011.1
22:34:50, 19.1, -0.016, 1011.4
22:34:51, 19.1, -0.023, 1010.8
22:34:52, 19.1, -0.019, 1011.1
22:34:53, 19.1, -0.021, 1010.9
22:34:54, 19.1, -0.028, 1010.3
22:34:55, 19.1, -0.024, 1010.7
22:34:56, 19.1, -0.027, 1010.4
22:34:57, 19.1, -0.024, 1010.7
22:34:59, 19.2, -0.029, 1010.2
22:35:00, 19.2, -0.024, 1010.7
22:35:01, 19.2, -0.024, 1010.7
22:35:02, 19.2, -0.023, 1010.8
22:35:03, 19.2, -0.026, 1010.5
22:35:04, 19.2, -0.024, 1010.7
22:35:05, 19.2, -0.024, 1010.7
22:35:06, 19.3, -0.024, 1010.7
22:35:07, 19.3, -0.024, 1010.7
22:35:08, 19.3, -0.024, 1010.7
22:35:09, 19.3, -0.020, 1011.0
22:35:11, 19.3, -0.024, 1010.7
22:35:12, 19.3, -0.020, 1011.0
22:35:13, 19.3, -0.019, 1011.1
22:35:14, 19.3, -0.017, 1011.3
22:35:15, 19.3, -0.021, 1010.9
22:35:16, 19.3, -0.018, 1011.2
22:35:17, 19.3, -0.014, 1011.6
22:35:18, 19.4, -0.015, 1011.5
22:35:19, 19.4, -0.017, 1011.3
22:35:20, 19.4, -0.019, 1011.1
22:35:22, 19.4, -0.018, 1011.2
22:35:23, 19.4, -0.015, 1011.5
22:35:24, 19.4, -0.017, 1011.3
22:35:25, 19.5, -0.012, 1011.8
22:35:26, 19.5, -0.015, 1011.5
22:35:27, 19.5, -0.014, 1011.6
22:35:28, 19.5, -0.015, 1011.5
22:35:29, 19.5, -0.011, 1011.9
22:35:30, 19.5, -0.016, 1011.4
22:35:31, 19.5, -0.008, 1012.2
22:35:32, 19.5, -0.012, 1011.8
22:35:34, 19.5, -0.013, 1011.7
22:35:35, 19.5, -0.014, 1011.6
22:35:36, 19.5, -0.013, 1011.7
22:35:37, 19.5, -0.017, 1011.3
22:35:38, 19.5, -0.010, 1012.0
22:35:39, 19.6, -0.012, 1011.8
22:35:40, 19.6, -0.014, 1011.6
22:35:41, 19.6, -0.014, 1011.6
22:35:42, 19.6, -0.012, 1011.8
22:35:43, 19.6, -0.014, 1011.6
22:35:45, 19.6, -0.008, 1012.2
22:35:46, 19.6, -0.011, 1011.9
22:35:47, 19.6, -0.010, 1012.0
22:35:48, 19.7, -0.009, 1012.1
22:35:49, 19.7, -0.011, 1011.9
22:35:50, 19.7, -0.009, 1012.1
22:35:51, 19.7, -0.010, 1012.0
22:35:52, 19.7, -0.005, 1012.5
22:35:53, 19.7, -0.005, 1012.5
22:35:54, 19.8, -0.011, 1011.9
22:35:55, 19.8, -0.008, 1012.2
22:35:57, 19.8, -0.006, 1012.4
22:35:58, 19.8, -0.007, 1012.3
22:35:59, 19.8, -0.004, 1012.6
22:36:00, 19.8, -0.008, 1012.2
22:36:01, 19.8, -0.006, 1012.4
22:36:02, 19.8, -0.005, 1012.5
22:36:03, 19.8, -0.003, 1012.7
22:36:04, 19.8, -0.003, 1012.7
22:36:05, 19.9, -0.007, 1012.3
22:36:06, 19.9, -0.004, 1012.6
22:36:07, 19.9, -0.001, 1012.9
22:36:09, 19.9, -0.003, 1012.7
22:36:10, 19.9, -0.001, 1012.9
22:36:11, 19.9, -0.003, 1012.7
22:36:12, 19.9, -0.005, 1012.5
22:36:13, 19.9, -0.003, 1012.7
22:36:14, 19.9, 0.000, 1013.0
22:36:15, 19.9, -0.003, 1012.7
22:36:16, 19.9, -0.002, 1012.8
22:36:17, 19.9, 0.001, 1013.1
22:36:18, 19.9, -0.003, 1012.7
22:36:20, 19.9, 0.004, 1013.4
22:36:21, 19.9, -0.003, 1012.7
22:36:22, 20.0, 0.000, 1013.0
22:36:23, 19.9, 0.000, 1013.0
22:36:24, 19.9, 0.000, 1013.0
22:36:25, 19.9, 0.000, 1013.0
22:36:26, 20.0, 0.004, 1013.4
22:36:27, 20.0, 0.000, 1013.0
22:36:28, 20.0, 0.001, 1013.1
22:36:29, 20.0, 0.001, 1013.1
22:36:30, 20.0, 0.000, 1013.0
22:36:32, 19.9, 0.004, 1013.4
22:36:33, 19.9, 0.004, 1013.4
22:36:34, 19.9, 0.004, 1013.4
22:36:35, 19.9, 0.002, 1013.2
22:36:36, 19.9, 0.004, 1013.4
22:36:37, 19.8, 0.006, 1013.6
22:36:38, 19.8, 0.004, 1013.4
22:36:39, 19.8, 0.008, 1013.8
22:36:40, 19.8, 0.003, 1013.3
22:36:41, 19.8, 0.005, 1013.5
22:36:43, 19.8, 0.004, 1013.4
22:36:44, 19.8, 0.010, 1014.0
22:36:45, 19.8, 0.007, 1013.7
22:36:46, 19.7, 0.010, 1014.0
22:36:47, 19.7, 0.006, 1013.6
22:36:48, 19.7, 0.008, 1013.8
22:36:49, 19.7, 0.005, 1013.5
22:36:50, 19.7, 0.008, 1013.8
22:36:51, 19.7, 0.010, 1014.0
22:36:52, 19.6, 0.006, 1013.6
22:36:53, 19.6, 0.007, 1013.7
22:36:55, 19.6, 0.011, 1014.1
22:36:56, 19.6, 0.016, 1014.6
22:36:57, 19.6, 0.011, 1014.1
22:36:58, 19.6, 0.011, 1014.1
22:36:59, 19.6, 0.011, 1014.1
22:37:00, 19.6, 0.008, 1013.8
22:37:01, 19.6, 0.012, 1014.2
22:37:02, 19.6, 0.009, 1013.9
22:37:03, 19.6, 0.014, 1014.4
22:37:04, 19.6, 0.012, 1014.2
22:37:06, 19.6, 0.012, 1014.2
22:37:07, 19.5, 0.015, 1014.5
22:37:08, 19.5, 0.013, 1014.3
22:37:09, 19.5, 0.014, 1014.4
22:37:10, 19.5, 0.013, 1014.3
22:37:11, 19.5, 0.012, 1014.2
22:37:12, 19.5, 0.017, 1014.7
22:37:13, 19.4, 0.015, 1014.5
22:37:14, 19.4, 0.017, 1014.7
22:37:15, 19.4, 0.012, 1014.2
22:37:16, 19.4, 0.017, 1014.7
22:37:18, 19.4, 0.012, 1014.2
22:37:19, 19.4, 0.017, 1014.7
22:37:20, 19.4, 0.023, 1015.2
22:37:21, 19.4, 0.018, 1014.8
22:37:22, 19.3, 0.018, 1014.8
22:37:23, 19.3, 0.018, 1014.8
22:37:24, 19.3, 0.013, 1014.3
22:37:25, 19.3, 0.018, 1014.8
22:37:26, 19.3, 0.021, 1015.1
22:37:27, 19.3, 0.015, 1014.5
22:37:28, 19.2, 0.019, 1014.9
22:37:30, 19.2, 0.021, 1015.1
22:37:31, 19.2, 0.017, 1014.7
22:37:32, 19.2, 0.019, 1014.9
22:37:33, 19.2, 0.016, 1014.6
22:37:34, 19.2, 0.021, 1015.1
22:37:35, 19.2, 0.021, 1015.1
22:37:36, 19.2, 0.018, 1014.8
22:37:37, 19.2, 0.026, 1015.5
22:37:38, 19.2, 0.028, 1015.7
22:37:39, 19.2, 0.017, 1014.7
22:37:41, 19.2, 0.025, 1015.4
22:37:42, 19.2, 0.020, 1015.0
22:37:43, 19.2, 0.027, 1015.6
22:37:44, 19.2, 0.024, 1015.3
22:37:45, 19.2, 0.025, 1015.4
22:37:46, 19.2, 0.021, 1015.1
22:37:47, 19.2, 0.020, 1015.0
22:37:48, 19.2, 0.025, 1015.4
22:37:49, 19.3, 0.028, 1015.7
22:37:50, 19.3, 0.019, 1014.9
22:37:51, 19.3, 0.023, 1015.2
22:37:53, 19.3, 0.029, 1015.8
22:37:54, 19.4, 0.025, 1015.4
22:37:55, 19.4, 0.026, 1015.5
22:37:56, 19.4, 0.026, 1015.5
22:37:57, 19.4, 0.027, 1015.6
22:37:58, 19.4, 0.027, 1015.6
22:37:59, 19.4, 0.028, 1015.7
22:38:00, 19.4, 0.025, 1015.4
22:38:01, 19.4, 0.028, 1015.7
22:38:02, 19.5, 0.026, 1015.5
22:38:03, 19.5, 0.026, 1015.5
22:38:05, 19.5, 0.028, 1015.7
22:38:06, 19.5, 0.030, 1015.9
22:38:07, 19.5, 0.030, 1015.9
22:38:08, 19.5, 0.032, 1016.1
22:38:09, 19.5, 0.032, 1016.1
22:38:10, 19.5, 0.031, 1016.0
22:38:11, 19.5, 0.030, 1015.9
22:38:12, 19.5, 0.030, 1015.9
22:38:13, 19.5, 0.029, 1015.8
22:38:14, 19.5, 0.029, 1015.8
22:38:16, 19.5, 0.033, 1016.2
22:38:17, 19.5, 0.028, 1015.7
22:38:18, 19.5, 0.031, 1016.0
22:38:19, 19.6, 0.030, 1015.9
22:38:20, 19.6, 0.033, 1016.2
22:38:21, 19.6, 0.030, 1015.9
22:38:22, 19.6, 0.028, 1015.7
22:38:23, 19.6, 0.034, 1016.3
22:38:24, 19.6, 0.031, 1016.0
22:38:25, 19.6, 0.036, 1016.5
22:38:26, 19.6, 0.031, 1016.0
22:38:28, 19.7, 0.029, 1015.8
22:38:29, 19.7, 0.034, 1016.3
22:38:30, 19.7, 0.037, 1016.6
22:38:31, 19.7, 0.032, 1016.1
22:38:32, 19.7, 0.034, 1016.3
22:38:33, 19.7, 0.036, 1016.5
22:38:34, 19.7, 0.035, 1016.4
22:38:35, 19.7, 0.037, 1016.6
22:38:36, 19.8, 0.036, 1016.5
22:38:37, 19.8, 0.034, 1016.3
22:38:39, 19.8, 0.033, 1016.2
22:38:40, 19.8, 0.034, 1016.3
22:38:41, 19.8, 0.042, 1017.1
22:38:42, 19.8, 0.032, 1016.1
22:38:43, 19.8, 0.038, 1016.7
22:38:44, 19.8, 0.036, 1016.5
22:38:45, 19.9, 0.035, 1016.4
22:38:46, 19.9, 0.036, 1016.5
22:38:47, 19.9, 0.035, 1016.4
22:38:48, 19.9, 0.036, 1016.5
22:38:49, 19.9, 0.040, 1016.9
22:38:51, 19.9, 0.038, 1016.7
22:38:52, 19.9, 0.038, 1016.7
22:38:53, 19.9, 0.037, 1016.6
22:38:54, 19.9, 0.039, 1016.8
22:38:55, 19.9, 0.042, 1017.1
22:38:56, 19.9, 0.040, 1016.9
22:38:57, 19.9, 0.040, 1016.9
22:38:58, 19.9, 0.043, 1017.2
22:38:59, 19.9, 0.040, 1016.9
22:39:00, 19.9, 0.041, 1017.0
22:39:01, 19.9, 0.044, 1017.3
22:39:03, 19.9, 0.044, 1017.3
22:39:04, 19.9, 0.044, 1017.3
22:39:05, 19.9, 0.042, 1017.1
22:39:06, 19.9, 0.040, 1016.9
22:39:07, 19.9, 0.042, 1017.1
22:39:08, 20.0, 0.046, 1017.5
22:39:09, 20.0, 0.045, 1017.4
22:39:10, 20.0, 0.043, 1017.2
22:39:11, 20.0, 0.044, 1017.3
22:39:12, 20.0, 0.042, 1017.1
22:39:14, 20.0, 0.046, 1017.5
22:39:15, 20.0, 0.043, 1017.2
22:39:16, 20.0, 0.042, 1017.1
22:39:17, 20.0, 0.046, 1017.5
22:39:18, 20.0, 0.048, 1017.7
22:39:19, 20.0, 0.043, 1017.2
22:39:20, 20.0, 0.044, 1017.3
22:39:21, 20.0, 0.041, 1017.0
22:39:22, 20.0, 0.045, 1017.4
22:39:23, 20.0, 0.045, 1017.4
22:39:24, 20.0, 0.049, 1017.8
22:39:26, 20.0, 0.046, 1017.5
22:39:27, 20.0, 0.047, 1017.6
22:39:28, 20.0, 0.049, 1017.8
22:39:29, 20.0, 0.048, 1017.7
22:39:30, 20.1, 0.050, 1017.9
22:39:31, 20.1, 0.048, 1017.7
22:39:32, 20.1, 0.052, 1018.1
22:39:33, 20.1, 0.045, 1017.4
22:39:34, 20.1, 0.049, 1017.8
22:39:35, 20.1, 0.044, 1017.3
22:39:36, 20.1, 0.047, 1017.6
22:39:38, 20.1, 0.047, 1017.6
22:39:39, 20.1, 0.049, 1017.8
22:39:40, 20.1, 0.049, 1017.8
22:39:41, 20.1, 0.053, 1018.2
22:39:42, 20.1, 0.054, 1018.3
22:39:43, 20.1, 0.053, 1018.2
22:39:44, 20.1, 0.052, 1018.1
22:39:45, 20.1, 0.049, 1017.8
22:39:46, 20.1, 0.053, 1018.2
22:39:47, 20.1, 0.051, 1018.0
22:39:49, 20.1, 0.054, 1018.3
22:39:50, 20.1, 0.053, 1018.2
22:39:51, 20.1, 0.051, 1018.0
22:39:52, 20.1, 0.048, 1017.7
22:39:53, 20.1, 0.052, 1018.1
22:39:54, 20.1, 0.055, 1018.4
22:39:55, 20.1, 0.052, 1018.1
22:39:56, 20.1, 0.049, 1017.8
22:39:57, 20.1, 0.053, 1018.2
22:39:58, 20.1, 0.052, 1018.1
22:39:59, 20.1, 0.048, 1017.7
22:40:01, 20.1, 0.052, 1018.1
22:40:02, 20.1, 0.055, 1018.4
22:40:03, 20.1, 0.054, 1018.3
22:40:04, 20.1, 0.055, 1018.4
22:40:05, 20.1, 0.055, 1018.4
22:40:06, 20.1, 0.052, 1018.1
22:40:07, 20.1, 0.054, 1018.3
22:40:08, 20.1, 0.056, 1018.5
22:40:09, 20.1, 0.056, 1018.5
22:40:10, 20.1, 0.054, 1018.3
22:40:12, 20.1, 0.054, 1018.3
22:40:13, 20.1, 0.052, 1018.1
22:40:14, 20.0, 0.054, 1018.3
22:40:15, 20.0, 0.057, 1018.6
22:40:16, 20.0, 0.057, 1018.6
22:40:17, 20.0, 0.057, 1018.6
22:40:18, 20.0, 0.059, 1018.8
22:40:19, 20.0, 0.061, 1019.0
22:40:20, 20.0, 0.059, 1018.8
22:40:21, 20.0, 0.053, 1018.2
22:40:22, 20.0, 0.055, 1018.4
22:40:24, 20.0, 0.060, 1018.9
22:40:25, 20.0, 0.058, 1018.7
22:40:26, 20.0, 0.059, 1018.8
22:40:27, 20.0, 0.057, 1018.6
22:40:28, 20.0, 0.059, 1018.8
22:40:29, 20.0, 0.057, 1018.6
22:40:30, 20.0, 0.059, 1018.8
22:40:31, 20.0, 0.058, 1018.7
22:40:32, 20.0, 0.060, 1018.9
22:40:33, 20.0, 0.061, 1019.0
22:40:34, 20.0, 0.056, 1018.5
22:40:36, 20.0, 0.056, 1018.5
22:40:37, 20.0, 0.058, 1018.7
22:40:38, 20.0, 0.060, 1018.9
22:40:39, 20.0, 0.060, 1018.9
22:40:40, 20.0, 0.060, 1018.9
22:40:41, 20.0, 0.063, 1019.2
22:40:42, 20.0, 0.058, 1018.7
22:40:43, 20.0, 0.061, 1019.0
22:40:44, 20.0, 0.059, 1018.8
22:40:45, 19.9, 0.062, 1019.1
22:40:47, 19.9, 0.061, 1019.0
22:40:48, 19.9, 0.061, 1019.0
22:40:49, 19.9, 0.062, 1019.1
22:40:50, 19.9, 0.068, 1019.6
22:40:51, 19.9, 0.060, 1018.9
22:40:52, 19.9, 0.061, 1019.0
22:40:53, 19.9, 0.064, 1019.3
22:40:54, 19.9, 0.064, 1019.3
22:40:55, 19.9, 0.059, 1018.8
22:40:56, 19.9, 0.062, 1019.1
22:40:57, 19.9, 0.064, 1019.3
22:40:59, 19.9, 0.069, 1019.7
22:41:00, 19.9, 0.064, 1019.3
22:41:01, 19.9, 0.063, 1019.2
22:41:02, 19.9, 0.066, 1019.5
22:41:03, 19.9, 0.062, 1019.1
22:41:04, 19.9, 0.066, 1019.5
22:41:05, 19.9, 0.064, 1019.3
22:41:06, 19.9, 0.069, 1019.7
22:41:07, 19.9, 0.066, 1019.5
22:41:08, 19.9, 0.065, 1019.4
22:41:09, 19.9, 0.069, 1019.7
22:41:11, 19.9, 0.069, 1019.7
22:41:12, 19.9, 0.064, 1019.3
22:41:13, 19.9, 0.068, 1019.6
22:41:14, 19.9, 0.068, 1019.6
22:41:15, 19.9, 0.069, 1019.7
22:41:16, 19.9, 0.063, 1019.2
22:41:17, 19.9, 0.071, 1019.9
22:41:18, 19.9, 0.069, 1019.7
22:41:19, 19.9, 0.070, 1019.8
22:41:20, 19.9, 0.071, 1019.9
22:41:22, 19.9, 0.072, 1020.0
22:41:23, 19.9, 0.070, 1019.8
22:41:24, 19.9, 0.070, 1019.8
22:41:25, 19.9, 0.069, 1019.7
22:41:26, 19.9, 0.072, 1020.0
22:41:27, 19.9, 0.069, 1019.7
22:41:28, 19.9, 0.068, 1019.6
22:41:29, 19.9, 0.076, 1020.4
22:41:30, 19.9, 0.073, 1020.1
22:41:31, 19.9, 0.068, 1019.6
22:41:32, 19.9, 0.073, 1020.1
22:41:34, 19.9, 0.073, 1020.1
22:41:35, 19.8, 0.072, 1020.0
22:41:36, 19.8, 0.075, 1020.3
22:41:37, 19.8, 0.076, 1020.4
22:41:38, 19.7, 0.075, 1020.3
22:41:39, 19.7, 0.069, 1019.7
22:41:40, 19.7, 0.073, 1020.1
22:41:41, 19.7, 0.077, 1020.5
22:41:42, 19.6, 0.074, 1020.2
22:41:43, 19.6, 0.074, 1020.2
22:41:44, 19.6, 0.074, 1020.2
22:41:46, 19.6, 0.073, 1020.1
22:41:47, 19.6, 0.076, 1020.4
22:41:48, 19.6, 0.074, 1020.2
22:41:49, 19.6, 0.075, 1020.3
22:41:50, 19.6, 0.072, 1020.0
22:41:51, 19.6, 0.076, 1020.4
22:41:52, 19.6, 0.079, 1020.7
22:41:53, 19.6, 0.081, 1020.9
22:41:54, 19.7, 0.072, 1020.0
22:41:55, 19.7, 0.074, 1020.2
22:41:57, 19.7, 0.072, 1020.0
22:41:58, 19.7, 0.075, 1020.3
22:41:59, 19.7, 0.078, 1020.6
22:42:00, 19.7, 0.078, 1020.6
22:42:01, 19.7, 0.076, 1020.4
22:42:02, 19.7, 0.076, 1020.4
22:42:03, 19.7, 0.075, 1020.3
22:42:04, 19.7, 0.076, 1020.4
22:42:05, 19.7, 0.073, 1020.1
22:42:06, 19.7, 0.078, 1020.6
22:42:07, 19.7, 0.077, 1020.5
22:42:09, 19.7, 0.081, 1020.9
22:42:10, 19.7, 0.081, 1020.9
22:42:11, 19.7, 0.078, 1020.6
22:42:12, 19.7, 0.077, 1020.5
22:42:13, 19.7, 0.079, 1020.7
22:42:14, 19.7, 0.075, 1020.3
22:42:15, 19.6, 0.076, 1020.4
22:42:16, 19.6, 0.079, 1020.7
22:42:17, 19.6, 0.083, 1021.1
22:42:18, 19.6, 0.077, 1020.5
22:42:20, 19.6, 0.079, 1020.7
22:42:21, 19.6, 0.081, 1020.9
22:42:22, 19.6, 0.078, 1020.6
22:42:23, 19.6, 0.077, 1020.5
22:42:24, 19.6, 0.078, 1020.6
22:42:25, 19.6, 0.078, 1020.6
22:42:26, 19.6, 0.081, 1020.9
22:42:27, 19.6, 0.078, 1020.6
22:42:28, 19.6, 0.080, 1020.8
22:42:29, 19.6, 0.082, 1021.0
22:42:30, 19.6, 0.083, 1021.1
22:42:32, 19.6, 0.084, 1021.2
22:42:33, 19.6, 0.081, 1020.9
22:42:34, 19.6, 0.079, 1020.7
22:42:35, 19.6, 0.081, 1020.9
22:42:36, 19.6, 0.083, 1021.1
22:42:37, 19.6, 0.081, 1020.9
22:42:38, 19.6, 0.083, 1021.1
22:42:39, 19.6, 0.085, 1021.3
22:42:40, 19.6, 0.082, 1021.0
22:42:41, 19.6, 0.084, 1021.2
22:42:42, 19.6, 0.078, 1020.6
22:42:44, 19.6, 0.080, 1020.8
22:42:45, 19.6, 0.082, 1021.0
22:42:46, 19.6, 0.081, 1020.9
22:42:47, 19.6, 0.084, 1021.2
22:42:48, 19.6, 0.083, 1021.1
22:42:49, 19.6, 0.080, 1020.8
22:42:50, 19.6, 0.084, 1021.2
22:42:51, 19.6, 0.084, 1021.2
22:42:52, 19.6, 0.083, 1021.1
22:42:53, 19.6, 0.082, 1021.0
22:42:55, 19.6, 0.083, 1021.1
22:42:56, 19.6, 0.087, 1021.5
22:42:57, 19.6, 0.082, 1021.0
22:42:58, 19.6, 0.081, 1020.9
22:42:59, 19.6, 0.083, 1021.1
22:43:00, 19.6, 0.082, 1021.0
22:43:01, 19.6, 0.084, 1021.2
22:43:02, 19.6, 0.083, 1021.1
22:43:03, 19.6, 0.086, 1021.4
22:43:04, 19.6, 0.085, 1021.3
22:43:05, 19.6, 0.081, 1020.9
22:43:07, 19.6, 0.087, 1021.5
22:43:08, 19.6, 0.083, 1021.1
22:43:09, 19.6, 0.087, 1021.5
22:43:10, 19.6, 0.082, 1021.0
22:43:11, 19.6, 0.085, 1021.3
22:43:12, 19.6, 0.083, 1021.1
22:43:13, 19.6, 0.085, 1021.3
22:43:14, 19.6, 0.086, 1021.4
22:43:15, 19.6, 0.085, 1021.3
22:43:16, 19.6, 0.087, 1021.5
22:43:17, 19.6, 0.088, 1021.6
22:43:19, 19.6, 0.082, 1021.0
22:43:20, 19.6, 0.094, 1022.2
22:43:21, 19.6, 0.088, 1021.6
22:43:22, 19.6, 0.086, 1021.4
22:43:23, 19.6, 0.084, 1021.2
22:43:24, 19.5, 0.085, 1021.3
22:43:25, 19.5, 0.086, 1021.4
22:43:26, 19.5, 0.090, 1021.8
22:43:27, 19.5, 0.089, 1021.7
22:43:28, 19.5, 0.087, 1021.5
22:43:30, 19.5, 0.081, 1020.9
22:43:31, 19.5, 0.085, 1021.3
22:43:32, 19.6, 0.087, 1021.5
22:43:33, 19.6, 0.088, 1021.6
22:43:34, 19.5, 0.087, 1021.5
22:43:35, 19.5, 0.084, 1021.2
22:43:36, 19.5, 0.088, 1021.6
22:43:37, 19.5, 0.089, 1021.7
22:43:38, 19.5, 0.086, 1021.4
22:43:39, 19.5, 0.086, 1021.4
22:43:40, 19.4, 0.088, 1021.6
22:43:42, 19.4, 0.088, 1021.6
22:43:43, 19.4, 0.090, 1021.8
22:43:44, 19.4, 0.095, 1022.3
22:43:45, 19.4, 0.089, 1021.7
22:43:46, 19.4, 0.091, 1021.9
22:43:47, 19.4, 0.094, 1022.2
22:43:48, 19.4, 0.090, 1021.8
22:43:49, 19.3, 0.087, 1021.5
22:43:50, 19.4, 0.090, 1021.8
22:43:51, 19.4, 0.091, 1021.9
22:43:53, 19.4, 0.092, 1022.0
22:43:54, 19.4, 0.091, 1021.9
22:43:55, 19.3, 0.091, 1021.9
22:43:56, 19.3, 0.091, 1021.9
22:43:57, 19.3, 0.095, 1022.3
22:43:58, 19.3, 0.089, 1021.7
22:43:59, 19.3, 0.094, 1022.2
22:44:00, 19.3, 0.094, 1022.2
22:44:01, 19.3, 0.095, 1022.3
22:44:02, 19.3, 0.092, 1022.0
22:44:03, 19.3, 0.090, 1021.8
22:44:05, 19.3, 0.092, 1022.0
22:44:06, 19.3, 0.087, 1021.5
22:44:07, 19.2, 0.091, 1021.9
22:44:08, 19.2, 0.090, 1021.8
22:44:09, 19.2, 0.088, 1021.6
22:44:10, 19.2, 0.090, 1021.8
22:44:11, 19.1, 0.093, 1022.1
22:44:12, 19.1, 0.093, 1022.1
22:44:13, 19.1, 0.094, 1022.2
22:44:14, 19.1, 0.095, 1022.3
22:44:15, 19.1, 0.095, 1022.3
22:44:17, 19.1, 0.096, 1022.4
22:44:18, 19.2, 0.093, 1022.1
22:44:19, 19.2, 0.090, 1021.8
22:44:20, 19.2, 0.095, 1022.3
22:44:21, 19.2, 0.089, 1021.7
22:44:22, 19.2, 0.099, 1022.7
22:44:23, 19.2, 0.094, 1022.2
22:44:24, 19.2, 0.092, 1022.0
22:44:25, 19.2, 0.096, 1022.4
22:44:26, 19.1, 0.095, 1022.3
22:44:27, 19.1, 0.093, 1022.1
22:44:29, 19.1, 0.092, 1022.0
22:44:30, 19.1, 0.093, 1022.1
22:44:31, 19.1, 0.095, 1022.3
22:44:32, 19.0, 0.095, 1022.3
22:44:33, 19.0, 0.091, 1021.9
22:44:34, 19.0, 0.095, 1022.3
22:44:35, 18.9, 0.090, 1021.8
22:44:36, 18.9, 0.093, 1022.1
22:44:37, 18.8, 0.097, 1022.5
22:44:38, 18.8, 0.095, 1022.3
22:44:39, 18.7, 0.096, 1022.4
22:44:41, 18.7, 0.097, 1022.5
22:44:42, 18.7, 0.096, 1022.4
22:44:43, 18.6, 0.095, 1022.3
22:44:44, 18.6, 0.096, 1022.4
22:44:45, 18.6, 0.098, 1022.6
22:44:46, 18.5, 0.094, 1022.2
22:44:47, 18.5, 0.094, 1022.2
22:44:48, 18.5, 0.097, 1022.5
22:44:49, 18.4, 0.097, 1022.5
22:44:50, 18.4, 0.097, 1022.5
22:44:51, 18.4, 0.095, 1022.3
22:44:53, 18.3, 0.094, 1022.2
22:44:54, 18.3, 0.095, 1022.3
22:44:55, 18.3, 0.092, 1022.0
22:44:56, 18.2, 0.099, 1022.7
22:44:57, 18.2, 0.097, 1022.5
22:44:58, 18.2, 0.093, 1022.1
22:44:59, 18.2, 0.099, 1022.7
22:45:00, 18.2, 0.096, 1022.4
22:45:01, 18.2, 0.095, 1022.3
22:45:02, 18.2, 0.097, 1022.5
22:45:04, 18.1, 0.098, 1022.6
22:45:05, 18.1, 0.096, 1022.4
22:45:06, 18.1, 0.096, 1022.4
22:45:07, 18.1, 0.094, 1022.2
22:45:08, 18.1, 0.099, 1022.7
22:45:09, 18.1, 0.098, 1022.6
22:45:10, 18.2, 0.100, 1022.8
22:45:11, 18.2, 0.094, 1022.2
22:45:12, 18.2, 0.097, 1022.5
22:45:13, 18.2, 0.100, 1022.8
22:45:14, 18.2, 0.103, 1023.1
22:45:15, 18.3, 0.102, 1023.0
22:45:17, 18.3, 0.099, 1022.7
22:45:18, 18.3, 0.100, 1022.8
22:45:19, 18.3, 0.103, 1023.1
22:45:20, 18.3, 0.097, 1022.5
22:45:21, 18.3, 0.101, 1022.9
22:45:22, 18.3, 0.102, 1023.0
22:45:23, 18.3, 0.101, 1022.9
22:45:24, 18.4, 0.102, 1023.0
22:45:25, 18.4, 0.097, 1022.5
22:45:26, 18.4, 0.100, 1022.8
22:45:28, 18.4, 0.101, 1022.9
22:45:29, 18.4, 0.100, 1022.8
22:45:30, 18.4, 0.101, 1022.9
22:45:31, 18.4, 0.098, 1022.6
22:45:32, 18.4, 0.098, 1022.6
22:45:33, 18.4, 0.102, 1023.0
22:45:34, 18.4, 0.100, 1022.8
22:45:35, 18.5, 0.100, 1022.8
22:45:36, 18.5, 0.101, 1022.9
22:45:37, 18.5, 0.101, 1022.9
22:45:38, 18.5, 0.104, 1023.2
22:45:40, 18.5, 0.099, 1022.7
22:45:41, 18.5, 0.105, 1023.3
22:45:42, 18.5, 0.101, 1022.9
22:45:43, 18.5, 0.103, 1023.1
22:45:44, 18.5, 0.103, 1023.1
22:45:45, 18.5, 0.105, 1023.3
22:45:46, 18.5, 0.105, 1023.3
22:45:47, 18.5, 0.103, 1023.1
22:45:48, 18.5, 0.106, 1023.4
22:45:49, 18.5, 0.105, 1023.3
22:45:50, 18.4, 0.102, 1023.0
22:45:52, 18.4, 0.103, 1023.1
22:45:53, 18.4, 0.101, 1022.9
22:45:54, 18.4, 0.105, 1023.3
22:45:55, 18.4, 0.103, 1023.1
22:45:56, 18.4, 0.103, 1023.1
22:45:57, 18.4, 0.102, 1023.0
22:45:58, 18.4, 0.104, 1023.2
22:45:59, 18.4, 0.102, 1023.0
22:46:00, 18.4, 0.101, 1022.9
22:46:01, 18.4, 0.105, 1023.3
22:46:02, 18.4, 0.105, 1023.3
22:46:04, 18.4, 0.104, 1023.2
22:46:05, 18.4, 0.101, 1022.9
22:46:06, 18.4, 0.103, 1023.1
22:46:07, 18.4, 0.101, 1022.9
22:46:08, 18.4, 0.101, 1022.9
22:46:09, 18.4, 0.103, 1023.1
22:46:10, 18.4, 0.106, 1023.4
22:46:11, 18.4, 0.106, 1023.4
22:46:12, 18.5, 0.103, 1023.1
22:46:13, 18.4, 0.104, 1023.2
22:46:14, 18.4, 0.106, 1023.4
22:46:16, 18.5, 0.106, 1023.4
22:46:17, 18.5, 0.104, 1023.2
22:46:18, 18.5, 0.106, 1023.4
22:46:19, 18.5, 0.106, 1023.4
22:46:20, 18.5, 0.102, 1023.0
22:46:21, 18.5, 0.101, 1022.9
22:46:22, 18.5, 0.104, 1023.2
22:46:23, 18.5, 0.104, 1023.2
22:46:24, 18.5, 0.099, 1022.7
22:46:25, 18.5, 0.106, 1023.4
22:46:26, 18.4, 0.103, 1023.1
22:46:28, 18.4, 0.104, 1023.2
22:46:29, 18.4, 0.105, 1023.3
22:46:30, 18.5, 0.105, 1023.3
22:46:31, 18.5, 0.107, 1023.5
22:46:32, 18.5, 0.106, 1023.4
22:46:33, 18.5, 0.107, 1023.5
22:46:34, 18.5, 0.103, 1023.1
22:46:35, 18.5, 0.107, 1023.5
22:46:36, 18.5, 0.110, 1023.8
22:46:37, 18.5, 0.108, 1023.6
22:46:38, 18.5, 0.106, 1023.4
22:46:40, 18.5, 0.104, 1023.2
22:46:41, 18.5, 0.106, 1023.4
22:46:42, 18.5, 0.104, 1023.2
22:46:43, 18.5, 0.105, 1023.3
22:46:44, 18.5, 0.110, 1023.8
22:46:45, 18.5, 0.105, 1023.3
22:46:46, 18.5, 0.107, 1023.5
22:46:47, 18.5, 0.106, 1023.4
22:46:48, 18.5, 0.104, 1023.2
22:46:49, 18.5, 0.107, 1023.5
22:46:50, 18.5, 0.106, 1023.4
22:46:52, 18.5, 0.106, 1023.4
22:46:53, 18.5, 0.110, 1023.8
22:46:54, 18.5, 0.104, 1023.2
22:46:55, 18.5, 0.105, 1023.3
22:46:56, 18.4, 0.111, 1023.9
22:46:57, 18.5, 0.107, 1023.5
22:46:58, 18.5, 0.108, 1023.6
22:46:59, 18.5, 0.105, 1023.3
22:47:00, 18.5, 0.107, 1023.5
22:47:01, 18.5, 0.105, 1023.3
22:47:02, 18.5, 0.107, 1023.5
22:47:04, 18.5, 0.104, 1023.2
22:47:05, 18.5, 0.108, 1023.6
22:47:06, 18.5, 0.107, 1023.5
22:47:07, 18.5, 0.110, 1023.8
22:47:08, 18.4, 0.109, 1023.7
22:47:09, 18.4, 0.110, 1023.8
22:47:10, 18.4, 0.106, 1023.4
22:47:11, 18.4, 0.113, 1024.0
22:47:12, 18.3, 0.109, 1023.7
22:47:13, 18.3, 0.109, 1023.7
22:47:14, 18.3, 0.110, 1023.8
22:47:16, 18.3, 0.111, 1023.9
22:47:17, 18.3, 0.108, 1023.6
22:47:18, 18.3, 0.113, 1024.0
22:47:19, 18.3, 0.110, 1023.8
22:47:20, 18.3, 0.107, 1023.5
22:47:21, 18.3, 0.110, 1023.8
22:47:22, 18.2, 0.109, 1023.7
22:47:23, 18.2, 0.106, 1023.4
22:47:24, 18.2, 0.111, 1023.9
22:47:25, 18.2, 0.108, 1023.6
22:47:26, 18.2, 0.111, 1023.9
22:47:28, 18.2, 0.114, 1024.1
22:47:29, 18.2, 0.106, 1023.4
22:47:30, 18.2, 0.111, 1023.9
22:47:31, 18.2, 0.107, 1023.5
22:47:32, 18.2, 0.113, 1024.0
22:47:33, 18.2, 0.111, 1023.9
22:47:34, 18.2, 0.107, 1023.5
22:47:35, 18.2, 0.105, 1023.3
22:47:36, 18.2, 0.106, 1023.4
22:47:37, 18.2, 0.109, 1023.7
22:47:38, 18.2, 0.109, 1023.7
22:47:40, 18.2, 0.106, 1023.4
22:47:41, 18.2, 0.113, 1024.0
22:47:42, 18.2, 0.113, 1024.0
22:47:43, 18.1, 0.113, 1024.0
22:47:44, 18.1, 0.107, 1023.5
22:47:45, 18.1, 0.107, 1023.5
22:47:46, 18.1, 0.111, 1023.9
22:47:47, 18.1, 0.106, 1023.4
22:47:48, 18.1, 0.111, 1023.9
22:47:49, 18.1, 0.113, 1024.0
22:47:50, 18.1, 0.111, 1023.9
22:47:52, 18.1, 0.113, 1024.0
22:47:53, 18.0, 0.107, 1023.5
22:47:54, 18.0, 0.111, 1023.9
22:47:55, 18.0, 0.114, 1024.1
22:47:56, 18.0, 0.109, 1023.7
22:47:57, 18.0, 0.115, 1024.2
22:47:58, 18.0, 0.109, 1023.7
22:47:59, 18.1, 0.109, 1023.7
22:48:00, 18.1, 0.111, 1023.9
22:48:01, 18.1, 0.107, 1023.5
22:48:02, 18.1, 0.111, 1023.9
22:48:04, 18.1, 0.110, 1023.8
22:48:05, 18.1, 0.109, 1023.7
22:48:06, 18.1, 0.108, 1023.6
22:48:07, 18.1, 0.107, 1023.5
22:48:08, 18.1, 0.111, 1023.9
22:48:09, 18.1, 0.113, 1024.0
22:48:10, 18.2, 0.110, 1023.8
22:48:11, 18.2, 0.113, 1024.0
22:48:12, 18.2, 0.113, 1024.0
22:48:13, 18.2, 0.111, 1023.9
22:48:14, 18.2, 0.111, 1023.9
22:48:15, 18.2, 0.113, 1024.0
22:48:17, 18.2, 0.110, 1023.8
22:48:18, 18.2, 0.110, 1023.8
22:48:19, 18.3, 0.108, 1023.6
22:48:20, 18.3, 0.116, 1024.3
22:48:21, 18.3, 0.111, 1023.9
22:48:22, 18.3, 0.110, 1023.8
22:48:23, 18.3, 0.111, 1023.9
22:48:24, 18.3, 0.111, 1023.9
22:48:25, 18.3, 0.110, 1023.8
22:48:26, 18.3, 0.113, 1024.0
22:48:27, 18.3, 0.110, 1023.8
22:48:29, 18.2, 0.113, 1024.0
22:48:30, 18.2, 0.111, 1023.9
22:48:31, 18.2, 0.110, 1023.8
22:48:32, 18.2, 0.110, 1023.8
22:48:33, 18.1, 0.110, 1023.8
22:48:34, 18.1, 0.110, 1023.8
22:48:35, 18.1, 0.115, 1024.2
22:48:36, 18.1, 0.115, 1024.2
22:48:37, 18.0, 0.106, 1023.4
22:48:38, 18.0, 0.107, 1023.5
22:48:40, 18.0, 0.113, 1024.0
22:48:41, 18.0, 0.115, 1024.2
22:48:42, 17.9, 0.113, 1024.0
22:48:43, 17.9, 0.113, 1024.0
22:48:44, 17.9, 0.110, 1023.8
22:48:45, 17.8, 0.113, 1024.0
22:48:46, 17.8, 0.114, 1024.1
22:48:47, 17.8, 0.115, 1024.2
22:48:48, 17.7, 0.109, 1023.7
22:48:49, 17.7, 0.113, 1024.0
22:48:50, 17.7, 0.111, 1023.9
22:48:51, 17.7, 0.116, 1024.3
22:48:53, 17.6, 0.110, 1023.8
22:48:54, 17.6, 0.114, 1024.1
22:48:55, 17.6, 0.113, 1024.0
22:48:56, 17.6, 0.114, 1024.1
22:48:57, 17.5, 0.111, 1023.9
22:48:58, 17.5, 0.116, 1024.3
22:48:59, 17.5, 0.118, 1024.5
22:49:00, 17.6, 0.108, 1023.6
22:49:01, 17.6, 0.114, 1024.1
22:49:02, 17.6, 0.113, 1024.0
22:49:03, 17.7, 0.109, 1023.7
22:49:05, 17.7, 0.118, 1024.5
22:49:06, 17.7, 0.114, 1024.1
22:49:07, 17.7, 0.114, 1024.1
22:49:08, 17.8, 0.120, 1024.7
22:49:09, 17.8, 0.114, 1024.1
22:49:10, 17.8, 0.111, 1023.9
22:49:11, 17.8, 0.111, 1023.9
22:49:12, 17.8, 0.114, 1024.1
22:49:13, 17.8, 0.108, 1023.6
22:49:14, 17.8, 0.109, 1023.7
22:49:16, 17.8, 0.116, 1024.3
22:49:17, 17.8, 0.111, 1023.9
22:49:18, 17.8, 0.117, 1024.4
22:49:19, 17.8, 0.117, 1024.4
22:49:20, 17.7, 0.115, 1024.2
22:49:21, 17.7, 0.116, 1024.3
22:49:22, 17.7, 0.108, 1023.6
22:49:23, 17.7, 0.114, 1024.1
22:49:24, 17.7, 0.113, 1024.0
22:49:25, 17.7, 0.111, 1023.9
22:49:26, 17.7, 0.111, 1023.9
22:49:28, 17.7, 0.118, 1024.5
22:49:29, 17.8, 0.114, 1024.1
22:49:30, 17.8, 0.108, 1023.6
22:49:31, 17.8, 0.117, 1024.4
22:49:32, 17.8, 0.117, 1024.4
22:49:33, 17.8, 0.113, 1024.0
22:49:34, 17.9, 0.111, 1023.9
22:49:35, 17.9, 0.117, 1024.4
22:49:36, 17.9, 0.115, 1024.2
22:49:37, 18.0, 0.111, 1023.9
22:49:38, 18.0, 0.114, 1024.1
22:49:40, 18.0, 0.118, 1024.5
22:49:41, 18.0, 0.115, 1024.2
22:49:42, 18.0, 0.117, 1024.4
22:49:43, 18.0, 0.117, 1024.4
22:49:44, 18.0, 0.115, 1024.2
22:49:45, 17.9, 0.117, 1024.4
22:49:46, 17.9, 0.113, 1024.0
22:49:47, 17.9, 0.118, 1024.5
22:49:48, 17.9, 0.115, 1024.2
22:49:49, 17.9, 0.111, 1023.9
22:49:50, 17.8, 0.116, 1024.3
22:49:52, 17.8, 0.115, 1024.2
22:49:53, 17.8, 0.118, 1024.5
22:49:54, 17.8, 0.118, 1024.5
22:49:55, 17.8, 0.118, 1024.5
22:49:56, 17.7, 0.117, 1024.4
22:49:57, 17.7, 0.117, 1024.4
22:49:58, 17.7, 0.115, 1024.2
22:49:59, 17.7, 0.113, 1024.0
22:50:00, 17.7, 0.116, 1024.3
22:50:01, 17.7, 0.117, 1024.4
22:50:02, 17.6, 0.114, 1024.1
22:50:04, 17.6, 0.115, 1024.2
22:50:05, 17.6, 0.116, 1024.3
22:50:06, 17.6, 0.119, 1024.6
22:50:07, 17.6, 0.111, 1023.9
22:50:08, 17.6, 0.116, 1024.3
22:50:09, 17.6, 0.114, 1024.1
22:50:10, 17.6, 0.117, 1024.4
22:50:11, 17.6, 0.114, 1024.1
22:50:12, 17.5, 0.111, 1023.9
22:50:13, 17.5, 0.113, 1024.0
22:50:14, 17.5, 0.117, 1024.4
22:50:16, 17.5, 0.114, 1024.1
22:50:17, 17.5, 0.117, 1024.4
22:50:18, 17.5, 0.117, 1024.4
22:50:19, 17.5, 0.115, 1024.2
22:50:20, 17.5, 0.110, 1023.8
22:50:21, 17.5, 0.114, 1024.1
22:50:22, 17.6, 0.117, 1024.4
22:50:23, 17.6, 0.119, 1024.6
22:50:24, 17.6, 0.117, 1024.4
22:50:25, 17.7, 0.117, 1024.4
22:50:26, 17.7, 0.114, 1024.1
22:50:28, 17.8, 0.114, 1024.1
22:50:29, 17.8, 0.117, 1024.4
22:50:30, 17.8, 0.115, 1024.2
22:50:31, 17.9, 0.119, 1024.6
22:50:32, 17.9, 0.117, 1024.4
22:50:33, 18.0, 0.117, 1024.4
22:50:34, 18.0, 0.115, 1024.2
22:50:35, 18.0, 0.117, 1024.4
22:50:36, 18.0, 0.119, 1024.6
22:50:37, 18.0, 0.115, 1024.2
22:50:38, 18.0, 0.114, 1024.1
22:50:40, 18.0, 0.115, 1024.2
22:50:41, 18.1, 0.110, 1023.8
22:50:42, 18.1, 0.120, 1024.7
22:50:43, 18.1, 0.111, 1023.9
22:50:44, 18.1, 0.116, 1024.3
22:50:45, 18.1, 0.115, 1024.2
22:50:46, 18.1, 0.115, 1024.2
22:50:47, 18.1, 0.116, 1024.3
22:50:48, 18.1, 0.115, 1024.2
22:50:49, 18.1, 0.117, 1024.4
22:50:50, 18.1, 0.118, 1024.5
22:50:51, 18.1, 0.118, 1024.5
22:50:53, 18.2, 0.117, 1024.4
22:50:54, 18.2, 0.111, 1023.9
22:50:55, 18.2, 0.114, 1024.1
22:50:56, 18.3, 0.117, 1024.4
22:50:57, 18.3, 0.116, 1024.3
22:50:58, 18.3, 0.116, 1024.3
22:50:59, 18.3, 0.108, 1023.6
22:51:00, 18.3, 0.116, 1024.3
22:51:01, 18.3, 0.117, 1024.4
22:51:02, 18.3, 0.114, 1024.1
22:51:04, 18.3, 0.116, 1024.3
22:51:05, 18.3, 0.114, 1024.1
22:51:06, 18.3, 0.114, 1024.1
22:51:07, 18.3, 0.114, 1024.1
22:51:08, 18.3, 0.111, 1023.9
22:51:09, 18.3, 0.111, 1023.9
22:51:10, 18.3, 0.114, 1024.1
22:51:11, 18.3, 0.115, 1024.2
22:51:12, 18.3, 0.113, 1024.0
22:51:13, 18.3, 0.111, 1023.9
22:51:14, 18.3, 0.120, 1024.7
22:51:15, 18.3, 0.119, 1024.6
22:51:17, 18.3, 0.115, 1024.2
22:51:18, 18.3, 0.120, 1024.7
22:51:19, 18.3, 0.117, 1024.4
22:51:20, 18.3, 0.113, 1024.0
22:51:21, 18.3, 0.114, 1024.1
22:51:22, 18.4, 0.116, 1024.3
22:51:23, 18.4, 0.116, 1024.3
22:51:24, 18.4, 0.114, 1024.1
22:51:25, 18.4, 0.115, 1024.2
22:51:26, 18.4, 0.119, 1024.6
22:51:28, 18.5, 0.116, 1024.3
22:51:29, 18.5, 0.115, 1024.2
22:51:30, 18.5, 0.115, 1024.2
22:51:31, 18.5, 0.121, 1024.8
22:51:32, 18.5, 0.116, 1024.3
22:51:33, 18.5, 0.115, 1024.2
22:51:34, 18.5, 0.118, 1024.5
22:51:35, 18.5, 0.113, 1024.0
22:51:36, 18.5, 0.117, 1024.4
22:51:37, 18.5, 0.111, 1023.9
22:51:38, 18.5, 0.120, 1024.7
22:51:40, 18.5, 0.115, 1024.2
22:51:41, 18.6, 0.114, 1024.1
22:51:42, 18.6, 0.120, 1024.7
22:51:43, 18.6, 0.116, 1024.3
22:51:44, 18.6, 0.114, 1024.1
22:51:45, 18.6, 0.117, 1024.4
22:51:46, 18.5, 0.116, 1024.3
22:51:47, 18.6, 0.117, 1024.4
22:51:48, 18.6, 0.117, 1024.4
22:51:49, 18.6, 0.115, 1024.2
22:51:50, 18.6, 0.115, 1024.2
22:51:51, 18.6, 0.115, 1024.2
22:51:53, 18.5, 0.115, 1024.2
22:51:54, 18.5, 0.113, 1024.0
22:51:55, 18.5, 0.119, 1024.6
22:51:56, 18.5, 0.115, 1024.2
22:51:57, 18.5, 0.117, 1024.4
22:51:58, 18.5, 0.114, 1024.1
22:51:59, 18.5, 0.113, 1024.0
22:52:00, 18.5, 0.115, 1024.2
22:52:01, 18.5, 0.115, 1024.2
22:52:02, 18.5, 0.113, 1024.0
22:52:04, 18.5, 0.118, 1024.5
22:52:05, 18.5, 0.113, 1024.0
22:52:06, 18.5, 0.118, 1024.5
22:52:07, 18.5, 0.118, 1024.5
22:52:08, 18.5, 0.114, 1024.1
22:52:09, 18.5, 0.107, 1023.5
22:52:10, 18.5, 0.121, 1024.8
22:52:11, 18.5, 0.116, 1024.3
22:52:12, 18.5, 0.118, 1024.5
22:52:13, 18.5, 0.116, 1024.3
22:52:14, 18.5, 0.120, 1024.7
22:52:16, 18.5, 0.113, 1024.0
22:52:17, 18.5, 0.111, 1023.9
22:52:18, 18.5, 0.113, 1024.0
22:52:19, 18.5, 0.119, 1024.6
22:52:20, 18.5, 0.113, 1024.0
22:52:21, 18.5, 0.114, 1024.1
22:52:22, 18.5, 0.116, 1024.3
22:52:23, 18.6, 0.115, 1024.2
22:52:24, 18.6, 0.117, 1024.4
22:52:25, 18.6, 0.111, 1023.9
22:52:26, 18.6, 0.115, 1024.2
22:52:28, 18.6, 0.114, 1024.1
22:52:29, 18.6, 0.114, 1024.1
22:52:30, 18.6, 0.117, 1024.4
22:52:31, 18.6, 0.111, 1023.9
22:52:32, 18.6, 0.114, 1024.1
22:52:33, 18.6, 0.115, 1024.2
22:52:34, 18.6, 0.115, 1024.2
22:52:35, 18.6, 0.113, 1024.0
22:52:36, 18.6, 0.113, 1024.0
22:52:37, 18.6, 0.115, 1024.2
22:52:38, 18.6, 0.119, 1024.6
22:52:40, 18.6, 0.116, 1024.3
22:52:41, 18.6, 0.116, 1024.3
22:52:42, 18.6, 0.117, 1024.4
22:52:43, 18.7, 0.113, 1024.0
22:52:44, 18.7, 0.114, 1024.1
22:52:45, 18.7, 0.117, 1024.4
22:52:46, 18.7, 0.116, 1024.3
22:52:47, 18.7, 0.119, 1024.6
22:52:48, 18.7, 0.119, 1024.6
22:52:49, 18.7, 0.113, 1024.0
22:52:50, 18.7, 0.120, 1024.7
22:52:52, 18.7, 0.117, 1024.4
22:52:53, 18.8, 0.119, 1024.6
22:52:54, 18.8, 0.116, 1024.3
22:52:55, 18.8, 0.121, 1024.8
22:52:56, 18.8, 0.114, 1024.1
22:52:57, 18.8, 0.117, 1024.4
22:52:58, 18.8, 0.111, 1023.9
22:52:59, 18.8, 0.117, 1024.4
22:53:00, 18.8, 0.121, 1024.8
22:53:01, 18.8, 0.117, 1024.4
22:53:02, 18.8, 0.118, 1024.5
22:53:04, 18.8, 0.116, 1024.3
22:53:05, 18.8, 0.115, 1024.2
22:53:06, 18.8, 0.117, 1024.4
22:53:07, 18.8, 0.119, 1024.6
22:53:08, 18.9, 0.119, 1024.6
22:53:09, 18.9, 0.119, 1024.6
22:53:10, 18.9, 0.116, 1024.3
22:53:11, 18.9, 0.115, 1024.2
22:53:12, 18.9, 0.118, 1024.5
22:53:13, 18.9, 0.111, 1023.9
22:53:14, 18.9, 0.119, 1024.6
22:53:16, 18.9, 0.111, 1023.9
22:53:17, 18.9, 0.119, 1024.6
22:53:18, 18.9, 0.111, 1023.9
22:53:19, 19.0, 0.116, 1024.3
22:53:20, 19.0, 0.120, 1024.7
22:53:21, 19.0, 0.116, 1024.3
22:53:22, 18.9, 0.117, 1024.4
22:53:23, 18.9, 0.113, 1024.0
22:53:24, 18.9, 0.116, 1024.3
22:53:25, 18.9, 0.119, 1024.6
22:53:26, 18.9, 0.118, 1024.5
22:53:28, 18.9, 0.119, 1024.6
22:53:29, 18.9, 0.115, 1024.2
22:53:30, 18.9, 0.116, 1024.3
22:53:31, 18.9, 0.115, 1024.2
22:53:32, 18.9, 0.119, 1024.6
22:53:33, 18.9, 0.116, 1024.3
22:53:34, 18.9, 0.116, 1024.3
22:53:35, 18.9, 0.117, 1024.4
22:53:36, 18.9, 0.119, 1024.6
22:53:37, 18.9, 0.117, 1024.4
22:53:38, 18.9, 0.109, 1023.7
22:53:40, 18.9, 0.117, 1024.4
22:53:41, 18.9, 0.116, 1024.3
22:53:42, 18.9, 0.122, 1024.9
22:53:43, 18.9, 0.114, 1024.1
22:53:44, 18.9, 0.117, 1024.4
22:53:45, 18.9, 0.114, 1024.1
22:53:46, 18.9, 0.116, 1024.3
22:53:47, 19.0, 0.118, 1024.5
22:53:48, 18.9, 0.116, 1024.3
22:53:49, 19.0, 0.115, 1024.2
22:53:50, 18.9, 0.116, 1024.3
22:53:52, 18.9, 0.118, 1024.5
22:53:53, 18.9, 0.114, 1024.1
22:53:54, 18.9, 0.115, 1024.2
22:53:55, 18.9, 0.116, 1024.3
22:53:56, 18.9, 0.115, 1024.2
22:53:57, 18.9, 0.115, 1024.2
22:53:58, 18.9, 0.118, 1024.5
22:53:59, 18.9, 0.120, 1024.7
22:54:00, 18.9, 0.119, 1024.6
22:54:01, 18.9, 0.119, 1024.6
22:54:02, 18.9, 0.118, 1024.5
22:54:04, 18.9, 0.115, 1024.2
22:54:05, 18.9, 0.117, 1024.4
22:54:06, 18.9, 0.118, 1024.5
22:54:07, 18.9, 0.116, 1024.3
22:54:08, 18.9, 0.115, 1024.2
22:54:09, 19.0, 0.118, 1024.5
22:54:10, 19.0, 0.118, 1024.5
22:54:11, 19.0, 0.120, 1024.7
22:54:12, 19.0, 0.122, 1024.9
22:54:13, 19.0, 0.120, 1024.7
22:54:14, 19.0, 0.117, 1024.4
22:54:16, 19.0, 0.113, 1024.0
22:54:17, 19.0, 0.119, 1024.6
22:54:18, 19.0, 0.111, 1023.9
22:54:19, 19.0, 0.116, 1024.3
22:54:20, 19.0, 0.119, 1024.6
22:54:21, 19.0, 0.116, 1024.3
22:54:22, 19.0, 0.119, 1024.6
22:54:23, 19.0, 0.116, 1024.3
22:54:24, 19.0, 0.113, 1024.0
22:54:25, 19.0, 0.116, 1024.3
22:54:26, 19.0, 0.119, 1024.6
22:54:28, 19.0, 0.114, 1024.1
22:54:29, 19.0, 0.116, 1024.3
22:54:30, 19.0, 0.116, 1024.3
22:54:31, 19.0, 0.118, 1024.5
22:54:32, 19.0, 0.118, 1024.5
22:54:33, 19.0, 0.118, 1024.5
22:54:34, 19.0, 0.114, 1024.1
22:54:35, 19.0, 0.117, 1024.4
22:54:36, 19.0, 0.118, 1024.5
22:54:37, 19.0, 0.116, 1024.3
22:54:38, 19.0, 0.115, 1024.2
22:54:40, 19.0, 0.111, 1023.9
22:54:41, 19.0, 0.114, 1024.1
22:54:42, 19.0, 0.118, 1024.5
22:54:43, 19.0, 0.115, 1024.2
22:54:44, 19.0, 0.114, 1024.1
22:54:45, 19.0, 0.111, 1023.9
22:54:46, 19.0, 0.117, 1024.4
22:54:47, 19.0, 0.120, 1024.7
22:54:48, 19.0, 0.114, 1024.1
22:54:49, 19.0, 0.117, 1024.4
22:54:50, 19.0, 0.114, 1024.1
22:54:52, 19.0, 0.117, 1024.4
22:54:53, 19.0, 0.118, 1024.5
22:54:54, 19.0, 0.117, 1024.4
22:54:55, 19.0, 0.119, 1024.6
22:54:56, 19.0, 0.113, 1024.0
22:54:57, 19.0, 0.116, 1024.3
22:54:58, 19.0, 0.118, 1024.5
22:54:59, 19.0, 0.117, 1024.4
22:55:00, 19.0, 0.115, 1024.2
22:55:01, 18.9, 0.111, 1023.9
22:55:02, 19.0, 0.111, 1023.9
22:55:04, 19.0, 0.115, 1024.2
22:55:05, 19.0, 0.118, 1024.5
22:55:06, 18.9, 0.116, 1024.3
22:55:07, 18.9, 0.113, 1024.0
22:55:08, 19.0, 0.117, 1024.4
22:55:09, 19.0, 0.115, 1024.2
22:55:10, 19.0, 0.117, 1024.4
22:55:11, 19.0, 0.116, 1024.3
22:55:12, 19.0, 0.117, 1024.4
22:55:13, 19.0, 0.118, 1024.5
22:55:14, 19.0, 0.115, 1024.2
22:55:16, 19.0, 0.118, 1024.5
22:55:17, 19.0, 0.110, 1023.8
22:55:18, 19.0, 0.117, 1024.4
22:55:19, 19.0, 0.114, 1024.1
22:55:20, 19.0, 0.113, 1024.0
22:55:21, 19.1, 0.113, 1024.0
22:55:22, 19.1, 0.117, 1024.4
22:55:23, 19.1, 0.116, 1024.3
22:55:24, 19.0, 0.117, 1024.4
22:55:25, 19.0, 0.114, 1024.1
22:55:26, 19.0, 0.114, 1024.1
22:55:28, 19.0, 0.111, 1023.9
22:55:29, 19.0, 0.117, 1024.4
22:55:30, 19.0, 0.114, 1024.1
22:55:31, 19.0, 0.117, 1024.4
22:55:32, 18.9, 0.117, 1024.4
22:55:33, 18.8, 0.115, 1024.2
22:55:34, 18.8, 0.115, 1024.2
22:55:35, 18.7, 0.114, 1024.1
22:55:36, 18.7, 0.114, 1024.1
22:55:37, 18.7, 0.115, 1024.2
22:55:38, 18.7, 0.116, 1024.3
22:55:40, 18.7, 0.114, 1024.1
22:55:41, 18.7, 0.111, 1023.9
22:55:42, 18.6, 0.114, 1024.1
22:55:43, 18.6, 0.116, 1024.3
22:55:44, 18.6, 0.118, 1024.5
22:55:45, 18.6, 0.114, 1024.1
22:55:46, 18.5, 0.114, 1024.1
22:55:47, 18.5, 0.115, 1024.2
22:55:48, 18.5, 0.117, 1024.4
22:55:49, 18.5, 0.114, 1024.1
22:55:50, 18.6, 0.113, 1024.0
22:55:52, 18.6, 0.118, 1024.5
22:55:53, 18.6, 0.115, 1024.2
22:55:54, 18.6, 0.113, 1024.0
22:55:55, 18.6, 0.113, 1024.0
22:55:56, 18.6, 0.115, 1024.2
22:55:57, 18.6, 0.119, 1024.6
22:55:58, 18.6, 0.115, 1024.2
22:55:59, 18.7, 0.117, 1024.4
22:56:00, 18.7, 0.117, 1024.4
22:56:01, 18.7, 0.119, 1024.6
22:56:02, 18.7, 0.116, 1024.3
22:56:04, 18.7, 0.114, 1024.1
22:56:05, 18.7, 0.114, 1024.1
22:56:06, 18.7, 0.116, 1024.3
22:56:07, 18.7, 0.113, 1024.0
22:56:08, 18.8, 0.113, 1024.0
22:56:09, 18.8, 0.118, 1024.5
22:56:10, 18.8, 0.115, 1024.2
22:56:11, 18.8, 0.113, 1024.0
22:56:12, 18.8, 0.114, 1024.1
22:56:13, 18.8, 0.119, 1024.6
22:56:14, 18.8, 0.119, 1024.6
22:56:16, 18.8, 0.118, 1024.5
22:56:17, 18.8, 0.121, 1024.8
22:56:18, 18.8, 0.118, 1024.5
22:56:19, 18.8, 0.117, 1024.4
22:56:20, 18.8, 0.116, 1024.3
22:56:21, 18.8, 0.116, 1024.3
22:56:22, 18.8, 0.114, 1024.1
22:56:23, 18.9, 0.116, 1024.3
22:56:24, 18.9, 0.114, 1024.1
22:56:25, 18.9, 0.116, 1024.3
22:56:26, 18.9, 0.116, 1024.3
22:56:28, 18.9, 0.116, 1024.3
22:56:29, 18.9, 0.116, 1024.3
22:56:30, 18.9, 0.115, 1024.2
22:56:31, 18.9, 0.113, 1024.0
22:56:32, 18.9, 0.113, 1024.0
22:56:33, 18.9, 0.115, 1024.2
22:56:34, 19.0, 0.115, 1024.2
22:56:35, 19.0, 0.111, 1023.9
22:56:36, 19.0, 0.114, 1024.1
22:56:37, 19.0, 0.114, 1024.1
22:56:38, 19.0, 0.116, 1024.3
22:56:40, 19.0, 0.117, 1024.4
22:56:41, 19.0, 0.110, 1023.8
22:56:42, 19.0, 0.118, 1024.5
22:56:43, 18.9, 0.117, 1024.4
22:56:44, 18.9, 0.111, 1023.9
22:56:45, 18.9, 0.111, 1023.9
22:56:46, 18.9, 0.115, 1024.2
22:56:47, 18.9, 0.109, 1023.7
22:56:48, 18.9, 0.121, 1024.8
22:56:49, 18.8, 0.115, 1024.2
22:56:50, 18.8, 0.116, 1024.3
22:56:52, 18.8, 0.118, 1024.5
22:56:53, 18.8, 0.115, 1024.2
22:56:54, 18.8, 0.117, 1024.4
22:56:55, 18.8, 0.116, 1024.3
22:56:56, 18.8, 0.117, 1024.4
22:56:57, 18.8, 0.120, 1024.7
22:56:58, 18.8, 0.114, 1024.1
22:56:59, 18.8, 0.115, 1024.2
22:57:00, 18.8, 0.115, 1024.2
22:57:01, 18.8, 0.115, 1024.2
22:57:02, 18.8, 0.115, 1024.2
22:57:04, 18.8, 0.113, 1024.0
22:57:05, 18.8, 0.115, 1024.2
22:57:06, 18.8, 0.113, 1024.0
22:57:07, 18.8, 0.117, 1024.4
22:57:08, 18.8, 0.114, 1024.1
22:57:09, 18.8, 0.117, 1024.4
22:57:10, 18.8, 0.107, 1023.5
22:57:11, 18.8, 0.113, 1024.0
22:57:12, 18.8, 0.114, 1024.1
22:57:13, 18.8, 0.108, 1023.6
22:57:14, 18.8, 0.113, 1024.0
22:57:16, 18.8, 0.116, 1024.3
22:57:17, 18.8, 0.115, 1024.2
22:57:18, 18.8, 0.116, 1024.3
22:57:19, 18.9, 0.117, 1024.4
22:57:20, 18.9, 0.114, 1024.1
22:57:21, 18.9, 0.114, 1024.1
22:57:22, 18.9, 0.111, 1023.9
22:57:23, 18.9, 0.109, 1023.7
22:57:24, 18.9, 0.109, 1023.7
22:57:25, 18.9, 0.115, 1024.2
22:57:26, 18.9, 0.115, 1024.2
22:57:28, 18.9, 0.114, 1024.1
22:57:29, 18.9, 0.110, 1023.8
22:57:30, 18.9, 0.111, 1023.9
22:57:31, 18.9, 0.115, 1024.2
22:57:32, 18.9, 0.110, 1023.8
22:57:33, 18.9, 0.114, 1024.1
22:57:34, 18.9, 0.114, 1024.1
22:57:35, 18.9, 0.113, 1024.0
22:57:36, 18.9, 0.115, 1024.2
22:57:37, 18.9, 0.115, 1024.2
22:57:38, 18.9, 0.110, 1023.8
22:57:40, 18.9, 0.113, 1024.0
22:57:41, 18.9, 0.113, 1024.0
22:57:42, 18.9, 0.109, 1023.7
22:57:43, 18.9, 0.109, 1023.7
22:57:44, 18.9, 0.114, 1024.1
22:57:45, 18.9, 0.116, 1024.3
22:57:46, 18.9, 0.114, 1024.1
22:57:47, 18.9, 0.114, 1024.1
22:57:48, 19.0, 0.114, 1024.1
22:57:49, 19.0, 0.108, 1023.6
22:57:50, 19.0, 0.114, 1024.1
22:57:52, 19.0, 0.116, 1024.3
22:57:53, 19.0, 0.111, 1023.9
22:57:54, 19.0, 0.117, 1024.4
22:57:55, 19.0, 0.108, 1023.6
22:57:56, 19.0, 0.109, 1023.7
22:57:57, 19.0, 0.114, 1024.1
22:57:58, 19.0, 0.117, 1024.4
22:57:59, 19.0, 0.110, 1023.8
22:58:00, 19.0, 0.115, 1024.2
22:58:01, 19.0, 0.113, 1024.0
22:58:02, 19.0, 0.111, 1023.9
22:58:04, 19.0, 0.110, 1023.8
22:58:05, 19.0, 0.116, 1024.3
22:58:06, 19.0, 0.113, 1024.0
22:58:07, 18.9, 0.116, 1024.3
22:58:08, 18.9, 0.113, 1024.0
22:58:09, 18.9, 0.114, 1024.1
22:58:10, 18.9, 0.116, 1024.3
22:58:11, 18.9, 0.114, 1024.1
22:58:12, 18.9, 0.113, 1024.0
22:58:13, 18.9, 0.111, 1023.9
22:58:14, 18.9, 0.116, 1024.3
22:58:16, 18.9, 0.113, 1024.0
22:58:17, 18.9, 0.114, 1024.1
22:58:18, 18.9, 0.113, 1024.0
22:58:19, 18.9, 0.107, 1023.5
22:58:20, 18.9, 0.116, 1024.3
22:58:21, 18.9, 0.113, 1024.0
22:58:22, 18.9, 0.116, 1024.3
22:58:23, 18.9, 0.111, 1023.9
22:58:24, 19.0, 0.113, 1024.0
22:58:25, 18.9, 0.115, 1024.2
22:58:26, 18.9, 0.115, 1024.2
22:58:28, 18.9, 0.113, 1024.0
22:58:29, 18.9, 0.111, 1023.9
22:58:30, 18.9, 0.111, 1023.9
22:58:31, 18.9, 0.116, 1024.3
22:58:32, 18.9, 0.114, 1024.1
22:58:33, 18.9, 0.120, 1024.7
22:58:34, 18.9, 0.113, 1024.0
22:58:35, 18.9, 0.114, 1024.1
22:58:36, 18.9, 0.114, 1024.1
22:58:37, 18.9, 0.117, 1024.4
22:58:38, 18.9, 0.110, 1023.8
22:58:40, 19.0, 0.115, 1024.2
22:58:41, 19.0, 0.113, 1024.0
22:58:42, 19.0, 0.115, 1024.2
22:58:43, 19.0, 0.110, 1023.8
22:58:44, 19.0, 0.111, 1023.9
22:58:45, 19.0, 0.109, 1023.7
22:58:46, 19.0, 0.109, 1023.7
22:58:47, 19.0, 0.114, 1024.1
22:58:48, 19.0, 0.114, 1024.1
22:58:49, 19.0, 0.109, 1023.7
22:58:50, 19.0, 0.113, 1024.0
22:58:52, 19.0, 0.110, 1023.8
22:58:53, 19.0, 0.113, 1024.0
22:58:54, 19.0, 0.110, 1023.8
22:58:55, 19.0, 0.113, 1024.0
22:58:56, 19.0, 0.108, 1023.6
22:58:57, 19.0, 0.109, 1023.7
22:58:58, 19.0, 0.108, 1023.6
22:58:59, 19.0, 0.109, 1023.7
22:59:00, 18.9, 0.110, 1023.8
22:59:01, 18.9, 0.113, 1024.0
22:59:02, 18.9, 0.113, 1024.0
22:59:04, 18.9, 0.110, 1023.8
22:59:05, 18.9, 0.111, 1023.9
22:59:06, 18.9, 0.114, 1024.1
22:59:07, 18.9, 0.111, 1023.9
22:59:08, 18.9, 0.114, 1024.1
22:59:09, 18.9, 0.116, 1024.3
22:59:10, 18.9, 0.110, 1023.8
22:59:11, 18.9, 0.110, 1023.8
22:59:12, 18.9, 0.109, 1023.7
22:59:13, 18.9, 0.110, 1023.8
22:59:14, 18.9, 0.114, 1024.1
22:59:16, 18.9, 0.118, 1024.5
22:59:17, 18.9, 0.109, 1023.7
22:59:18, 18.9, 0.111, 1023.9
22:59:19, 18.9, 0.118, 1024.5
22:59:20, 18.9, 0.109, 1023.7
22:59:21, 18.9, 0.113, 1024.0
22:59:22, 18.9, 0.114, 1024.1
22:59:23, 18.9, 0.110, 1023.8
22:59:24, 19.0, 0.111, 1023.9
22:59:25, 19.0, 0.110, 1023.8
22:59:26, 19.0, 0.109, 1023.7
22:59:28, 19.0, 0.107, 1023.5
22:59:29, 19.0, 0.116, 1024.3
22:59:30, 19.0, 0.114, 1024.1
22:59:31, 19.0, 0.110, 1023.8
22:59:32, 19.0, 0.113, 1024.0
22:59:33, 19.0, 0.108, 1023.6
22:59:34, 19.0, 0.113, 1024.0
22:59:35, 19.0, 0.107, 1023.5
22:59:36, 19.0, 0.109, 1023.7
22:59:37, 19.0, 0.111, 1023.9
22:59:38, 19.0, 0.113, 1024.0
22:59:40, 19.0, 0.109, 1023.7
22:59:41, 19.0, 0.107, 1023.5
22:59:42, 19.0, 0.108, 1023.6
22:59:43, 19.0, 0.113, 1024.0
22:59:44, 18.9, 0.115, 1024.2
22:59:45, 18.9, 0.109, 1023.7
22:59:46, 18.9, 0.110, 1023.8
22:59:47, 18.9, 0.109, 1023.7
22:59:48, 18.9, 0.113, 1024.0
22:59:49, 18.9, 0.109, 1023.7
22:59:50, 18.8, 0.118, 1024.5
22:59:52, 18.8, 0.110, 1023.8
22:59:53, 18.8, 0.114, 1024.1
22:59:54, 18.8, 0.108, 1023.6
22:59:55, 18.7, 0.115, 1024.2
22:59:56, 18.7, 0.108, 1023.6
22:59:57, 18.7, 0.114, 1024.1
22:59:58, 18.7, 0.107, 1023.5
22:59:59, 18.7, 0.113, 1024.0
23:00:00, 18.6, 0.116, 1024.3
23:00:01, 18.6, 0.114, 1024.1
23:00:02, 18.6, 0.110, 1023.8
23:00:04, 18.6, 0.116, 1024.3
23:00:05, 18.6, 0.111, 1023.9
23:00:06, 18.6, 0.108, 1023.6
23:00:07, 18.6, 0.110, 1023.8
23:00:08, 18.6, 0.108, 1023.6
23:00:09, 18.6, 0.114, 1024.1
23:00:10, 18.6, 0.108, 1023.6
23:00:11, 18.6, 0.108, 1023.6
23:00:12, 18.6, 0.109, 1023.7
23:00:13, 18.6, 0.110, 1023.8
23:00:14, 18.5, 0.109, 1023.7
23:00:16, 18.5, 0.108, 1023.6
23:00:17, 18.6, 0.110, 1023.8
23:00:18, 18.6, 0.114, 1024.1
23:00:19, 18.6, 0.111, 1023.9
23:00:20, 18.6, 0.108, 1023.6
23:00:21, 18.6, 0.113, 1024.0
23:00:22, 18.6, 0.110, 1023.8
23:00:23, 18.6, 0.109, 1023.7
23:00:24, 18.6, 0.116, 1024.3
23:00:25, 18.6, 0.113, 1024.0
23:00:26, 18.6, 0.110, 1023.8
23:00:28, 18.6, 0.110, 1023.8
23:00:29, 18.6, 0.108, 1023.6
23:00:30, 18.6, 0.110, 1023.8
23:00:31, 18.6, 0.110, 1023.8
23:00:32, 18.6, 0.108, 1023.6
23:00:33, 18.6, 0.109, 1023.7
23:00:34, 18.6, 0.117, 1024.4
23:00:35, 18.7, 0.107, 1023.5
23:00:36, 18.7, 0.114, 1024.1
23:00:37, 18.7, 0.113, 1024.0
23:00:38, 18.7, 0.113, 1024.0
23:00:40, 18.7, 0.108, 1023.6
23:00:41, 18.7, 0.110, 1023.8
23:00:42, 18.7, 0.111, 1023.9
23:00:43, 18.7, 0.105, 1023.3
23:00:44, 18.8, 0.113, 1024.0
23:00:45, 18.8, 0.117, 1024.4
23:00:46, 18.8, 0.114, 1024.1
23:00:47, 18.8, 0.107, 1023.5
23:00:48, 18.8, 0.109, 1023.7
23:00:49, 18.8, 0.109, 1023.7
23:00:50, 18.8, 0.107, 1023.5
23:00:52, 18.8, 0.108, 1023.6
23:00:53, 18.8, 0.110, 1023.8
23:00:54, 18.8, 0.111, 1023.9
23:00:55, 18.8, 0.115, 1024.2
23:00:56, 18.8, 0.113, 1024.0
23:00:57, 18.8, 0.113, 1024.0
23:00:58, 18.9, 0.113, 1024.0
23:00:59, 18.9, 0.116, 1024.3
23:01:00, 18.9, 0.108, 1023.6
23:01:01, 18.9, 0.111, 1023.9
23:01:02, 18.9, 0.108, 1023.6
23:01:04, 18.8, 0.105, 1023.3
23:01:05, 18.8, 0.113, 1024.0
23:01:06, 18.8, 0.110, 1023.8
23:01:07, 18.8, 0.109, 1023.7
23:01:08, 18.8, 0.108, 1023.6
23:01:09, 18.7, 0.106, 1023.4
23:01:10, 18.7, 0.108, 1023.6
23:01:11, 18.7, 0.109, 1023.7
23:01:12, 18.7, 0.109, 1023.7
23:01:13, 18.7, 0.110, 1023.8
23:01:14, 18.7, 0.117, 1024.4
23:01:16, 18.7, 0.113, 1024.0
23:01:17, 18.7, 0.111, 1023.9
23:01:18, 18.7, 0.107, 1023.5
23:01:19, 18.7, 0.110, 1023.8
23:01:20, 18.6, 0.108, 1023.6
23:01:21, 18.6, 0.110, 1023.8
23:01:22, 18.6, 0.107, 1023.5
23:01:23, 18.6, 0.113, 1024.0
23:01:24, 18.6, 0.110, 1023.8
23:01:25, 18.6, 0.107, 1023.5
23:01:26, 18.5, 0.106, 1023.4
23:01:28, 18.5, 0.110, 1023.8
23:01:29, 18.5, 0.110, 1023.8
23:01:30, 18.5, 0.115, 1024.2
23:01:31, 18.5, 0.109, 1023.7
23:01:32, 18.5, 0.109, 1023.7
23:01:33, 18.5, 0.108, 1023.6
23:01:34, 18.5, 0.105, 1023.3
23:01:35, 18.5, 0.113, 1024.0
23:01:36, 18.5, 0.105, 1023.3
23:01:37, 18.5, 0.108, 1023.6
23:01:38, 18.5, 0.109, 1023.7
23:01:40, 18.5, 0.107, 1023.5
23:01:41, 18.5, 0.107, 1023.5
23:01:42, 18.5, 0.109, 1023.7
23:01:43, 18.5, 0.104, 1023.2
23:01:44, 18.5, 0.105, 1023.3
23:01:45, 18.5, 0.106, 1023.4
23:01:46, 18.5, 0.107, 1023.5
23:01:47, 18.5, 0.108, 1023.6
23:01:48, 18.5, 0.109, 1023.7
23:01:49, 18.5, 0.110, 1023.8
23:01:50, 18.5, 0.108, 1023.6
23:01:52, 18.5, 0.107, 1023.5
23:01:53, 18.5, 0.108, 1023.6
23:01:54, 18.4, 0.105, 1023.3
23:01:55, 18.4, 0.108, 1023.6
23:01:56, 18.4, 0.109, 1023.7
23:01:57, 18.4, 0.110, 1023.8
23:01:58, 18.4, 0.109, 1023.7
23:01:59, 18.4, 0.110, 1023.8
23:02:00, 18.4, 0.107, 1023.5
23:02:01, 18.4, 0.105, 1023.3
23:02:02, 18.4, 0.107, 1023.5
23:02:04, 18.4, 0.114, 1024.1
23:02:05, 18.4, 0.108, 1023.6
23:02:06, 18.4, 0.106, 1023.4
23:02:07, 18.4, 0.107, 1023.5
23:02:08, 18.4, 0.106, 1023.4
23:02:09, 18.4, 0.105, 1023.3
23:02:10, 18.4, 0.111, 1023.9
23:02:11, 18.4, 0.109, 1023.7
23:02:12, 18.4, 0.111, 1023.9
23:02:13, 18.4, 0.110, 1023.8
23:02:14, 18.4, 0.113, 1024.0
23:02:16, 18.4, 0.104, 1023.2
23:02:17, 18.4, 0.106, 1023.4
23:02:18, 18.4, 0.104, 1023.2
23:02:19, 18.3, 0.106, 1023.4
23:02:20, 18.3, 0.107, 1023.5
23:02:21, 18.3, 0.107, 1023.5
23:02:22, 18.3, 0.109, 1023.7
23:02:23, 18.3, 0.105, 1023.3
23:02:24, 18.3, 0.110, 1023.8
23:02:25, 18.3, 0.110, 1023.8
23:02:26, 18.3, 0.110, 1023.8
23:02:28, 18.3, 0.110, 1023.8
23:02:29, 18.3, 0.109, 1023.7
23:02:30, 18.3, 0.106, 1023.4
23:02:31, 18.3, 0.107, 1023.5
23:02:32, 18.3, 0.113, 1024.0
23:02:33, 18.3, 0.106, 1023.4
23:02:34, 18.3, 0.106, 1023.4
23:02:35, 18.3, 0.109, 1023.7
23:02:36, 18.3, 0.104, 1023.2
23:02:37, 18.3, 0.109, 1023.7
23:02:38, 18.3, 0.108, 1023.6
23:02:40, 18.3, 0.111, 1023.9
23:02:41, 18.3, 0.103, 1023.1
23:02:42, 18.3, 0.105, 1023.3
23:02:43, 18.3, 0.104, 1023.2
23:02:44, 18.3, 0.108, 1023.6
23:02:45, 18.3, 0.108, 1023.6
23:02:46, 18.3, 0.106, 1023.4
23:02:47, 18.3, 0.108, 1023.6
23:02:48, 18.3, 0.106, 1023.4
23:02:49, 18.3, 0.110, 1023.8
23:02:50, 18.3, 0.105, 1023.3
23:02:52, 18.3, 0.103, 1023.1
23:02:53, 18.3, 0.105, 1023.3
23:02:54, 18.3, 0.104, 1023.2
23:02:55, 18.3, 0.105, 1023.3
23:02:56, 18.3, 0.110, 1023.8
23:02:57, 18.3, 0.104, 1023.2
23:02:58, 18.3, 0.103, 1023.1
23:02:59, 18.3, 0.104, 1023.2
23:03:00, 18.3, 0.105, 1023.3
23:03:01, 18.3, 0.106, 1023.4
23:03:02, 18.3, 0.106, 1023.4
23:03:04, 18.4, 0.103, 1023.1
23:03:05, 18.4, 0.108, 1023.6
23:03:06, 18.4, 0.106, 1023.4
23:03:07, 18.4, 0.104, 1023.2
23:03:08, 18.4, 0.100, 1022.8
23:03:09, 18.4, 0.105, 1023.3
23:03:10, 18.4, 0.103, 1023.1
23:03:11, 18.4, 0.107, 1023.5
23:03:12, 18.4, 0.108, 1023.6
23:03:13, 18.4, 0.108, 1023.6
23:03:15, 18.4, 0.105, 1023.3
23:03:16, 18.4, 0.106, 1023.4
23:03:17, 18.4, 0.104, 1023.2
23:03:18, 18.4, 0.111, 1023.9
23:03:19, 18.4, 0.104, 1023.2
23:03:20, 18.4, 0.108, 1023.6
23:03:21, 18.4, 0.107, 1023.5
23:03:22, 18.4, 0.109, 1023.7
23:03:23, 18.4, 0.108, 1023.6
23:03:24, 18.4, 0.106, 1023.4
23:03:25, 18.4, 0.107, 1023.5
23:03:27, 18.4, 0.104, 1023.2
23:03:28, 18.4, 0.103, 1023.1
23:03:29, 18.4, 0.104, 1023.2
23:03:30, 18.4, 0.101, 1022.9
23:03:31, 18.4, 0.107, 1023.5
23:03:32, 18.4, 0.104, 1023.2
23:03:33, 18.5, 0.107, 1023.5
23:03:34, 18.5, 0.104, 1023.2
23:03:35, 18.4, 0.106, 1023.4
23:03:36, 18.4, 0.105, 1023.3
23:03:37, 18.4, 0.106, 1023.4
23:03:39, 18.5, 0.103, 1023.1
23:03:40, 18.5, 0.106, 1023.4
23:03:41, 18.5, 0.103, 1023.1
23:03:42, 18.4, 0.105, 1023.3
23:03:43, 18.4, 0.107, 1023.5
23:03:44, 18.4, 0.101, 1022.9
23:03:45, 18.4, 0.104, 1023.2
23:03:46, 18.4, 0.106, 1023.4
23:03:47, 18.4, 0.101, 1022.9
23:03:48, 18.4, 0.102, 1023.0
23:03:49, 18.4, 0.104, 1023.2
23:03:51, 18.4, 0.106, 1023.4
23:03:52, 18.4, 0.104, 1023.2
23:03:53, 18.4, 0.103, 1023.1
23:03:54, 18.4, 0.105, 1023.3
23:03:55, 18.4, 0.106, 1023.4
23:03:56, 18.4, 0.102, 1023.0
23:03:57, 18.4, 0.102, 1023.0
23:03:58, 18.4, 0.105, 1023.3
23:03:59, 18.4, 0.103, 1023.1
23:04:00, 18.3, 0.100, 1022.8
23:04:01, 18.3, 0.107, 1023.5
23:04:03, 18.3, 0.105, 1023.3
23:04:04, 18.4, 0.103, 1023.1
23:04:05, 18.4, 0.106, 1023.4
23:04:06, 18.4, 0.106, 1023.4
23:04:07, 18.4, 0.103, 1023.1
23:04:08, 18.4, 0.108, 1023.6
23:04:09, 18.4, 0.106, 1023.4
23:04:10, 18.4, 0.107, 1023.5
23:04:11, 18.4, 0.110, 1023.8
23:04:12, 18.4, 0.106, 1023.4
23:04:13, 18.5, 0.105, 1023.3
23:04:15, 18.5, 0.104, 1023.2
23:04:16, 18.5, 0.106, 1023.4
23:04:17, 18.5, 0.110, 1023.8
23:04:18, 18.5, 0.107, 1023.5
23:04:19, 18.5, 0.105, 1023.3
23:04:20, 18.5, 0.103, 1023.1
23:04:21, 18.5, 0.105, 1023.3
23:04:22, 18.5, 0.103, 1023.1
23:04:23, 18.5, 0.104, 1023.2
23:04:24, 18.5, 0.106, 1023.4
23:04:25, 18.5, 0.102, 1023.0
23:04:27, 18.5, 0.110, 1023.8
23:04:28, 18.5, 0.106, 1023.4
23:04:29, 18.5, 0.104, 1023.2
23:04:30, 18.5, 0.104, 1023.2
23:04:31, 18.5, 0.106, 1023.4
23:04:32, 18.5, 0.101, 1022.9
23:04:33, 18.5, 0.105, 1023.3
23:04:34, 18.5, 0.104, 1023.2
23:04:35, 18.5, 0.104, 1023.2
23:04:36, 18.5, 0.104, 1023.2
23:04:37, 18.5, 0.102, 1023.0
23:04:39, 18.5, 0.104, 1023.2
23:04:40, 18.5, 0.104, 1023.2
23:04:41, 18.5, 0.103, 1023.1
23:04:42, 18.5, 0.110, 1023.8
23:04:43, 18.5, 0.104, 1023.2
23:04:44, 18.5, 0.101, 1022.9
23:04:45, 18.5, 0.105, 1023.3
23:04:46, 18.5, 0.106, 1023.4
23:04:47, 18.5, 0.102, 1023.0
23:04:48, 18.5, 0.104, 1023.2
23:04:49, 18.5, 0.106, 1023.4
23:04:51, 18.5, 0.100, 1022.8
23:04:52, 18.5, 0.103, 1023.1
23:04:53, 18.5, 0.101, 1022.9
23:04:54, 18.5, 0.106, 1023.4
23:04:55, 18.5, 0.099, 1022.7
23:04:56, 18.5, 0.104, 1023.2
23:04:57, 18.5, 0.103, 1023.1
23:04:58, 18.6, 0.102, 1023.0
23:04:59, 18.6, 0.101, 1022.9
23:05:00, 18.6, 0.105, 1023.3
23:05:01, 18.6, 0.105, 1023.3
23:05:03, 18.6, 0.104, 1023.2
23:05:04, 18.6, 0.105, 1023.3
23:05:05, 18.5, 0.099, 1022.7
23:05:06, 18.5, 0.101, 1022.9
23:05:07, 18.5, 0.100, 1022.8
23:05:08, 18.5, 0.102, 1023.0
23:05:09, 18.6, 0.103, 1023.1
23:05:10, 18.6, 0.103, 1023.1
23:05:11, 18.6, 0.101, 1022.9
23:05:12, 18.6, 0.106, 1023.4
23:05:13, 18.6, 0.103, 1023.1
23:05:15, 18.6, 0.104, 1023.2
23:05:16, 18.6, 0.102, 1023.0
23:05:17, 18.6, 0.101, 1022.9
23:05:18, 18.6, 0.106, 1023.4
23:05:19, 18.6, 0.103, 1023.1
23:05:20, 18.7, 0.106, 1023.4
23:05:21, 18.7, 0.105, 1023.3
23:05:22, 18.7, 0.103, 1023.1
23:05:23, 18.7, 0.103, 1023.1
23:05:24, 18.7, 0.107, 1023.5
23:05:25, 18.7, 0.104, 1023.2
23:05:27, 18.7, 0.105, 1023.3
23:05:28, 18.7, 0.104, 1023.2
23:05:29, 18.7, 0.106, 1023.4
23:05:30, 18.7, 0.106, 1023.4
23:05:31, 18.7, 0.103, 1023.1
23:05:32, 18.7, 0.101, 1022.9
23:05:33, 18.7, 0.105, 1023.3
23:05:34, 18.7, 0.108, 1023.6
23:05:35, 18.7, 0.103, 1023.1
23:05:36, 18.7, 0.106, 1023.4
23:05:37, 18.7, 0.105, 1023.3
23:05:39, 18.7, 0.101, 1022.9
23:05:40, 18.7, 0.103, 1023.1
23:05:41, 18.7, 0.105, 1023.3
23:05:42, 18.7, 0.106, 1023.4
23:05:43, 18.7, 0.102, 1023.0
23:05:44, 18.7, 0.102, 1023.0
23:05:45, 18.7, 0.105, 1023.3
23:05:46, 18.7, 0.101, 1022.9
23:05:47, 18.7, 0.104, 1023.2
23:05:48, 18.7, 0.104, 1023.2
23:05:49, 18.7, 0.103, 1023.1
23:05:51, 18.7, 0.101, 1022.9
23:05:52, 18.7, 0.104, 1023.2
23:05:53, 18.7, 0.103, 1023.1
23:05:54, 18.8, 0.102, 1023.0
23:05:55, 18.8, 0.102, 1023.0
23:05:56, 18.8, 0.101, 1022.9
23:05:57, 18.8, 0.103, 1023.1
23:05:58, 18.7, 0.101, 1022.9
23:05:59, 18.7, 0.103, 1023.1
23:06:00, 18.7, 0.106, 1023.4
23:06:01, 18.7, 0.106, 1023.4
23:06:03, 18.7, 0.104, 1023.2
23:06:04, 18.7, 0.104, 1023.2
23:06:05, 18.7, 0.103, 1023.1
23:06:06, 18.7, 0.104, 1023.2
23:06:07, 18.7, 0.104, 1023.2
23:06:08, 18.7, 0.107, 1023.5
23:06:09, 18.7, 0.102, 1023.0
23:06:10, 18.6, 0.102, 1023.0
23:06:11, 18.6, 0.103, 1023.1
23:06:12, 18.6, 0.100, 1022.8
23:06:13, 18.6, 0.104, 1023.2
23:06:15, 18.6, 0.105, 1023.3
23:06:16, 18.6, 0.105, 1023.3
23:06:17, 18.6, 0.100, 1022.8
23:06:18, 18.7, 0.106, 1023.4
23:06:19, 18.7, 0.104, 1023.2
23:06:20, 18.7, 0.103, 1023.1
23:06:21, 18.7, 0.102, 1023.0
23:06:22, 18.7, 0.098, 1022.6
23:06:23, 18.7, 0.103, 1023.1
23:06:24, 18.7, 0.101, 1022.9
23:06:25, 18.7, 0.103, 1023.1
23:06:27, 18.7, 0.104, 1023.2
23:06:28, 18.7, 0.102, 1023.0
23:06:29, 18.7, 0.103, 1023.1
23:06:30, 18.7, 0.102, 1023.0
23:06:31, 18.7, 0.102, 1023.0
23:06:32, 18.7, 0.102, 1023.0
23:06:33, 18.7, 0.101, 1022.9
23:06:34, 18.7, 0.099, 1022.7
23:06:35, 18.7, 0.101, 1022.9
23:06:36, 18.7, 0.099, 1022.7
23:06:37, 18.7, 0.102, 1023.0
23:06:39, 18.7, 0.103, 1023.1
23:06:40, 18.7, 0.102, 1023.0
23:06:41, 18.7, 0.099, 1022.7
23:06:42, 18.7, 0.099, 1022.7
23:06:43, 18.7, 0.103, 1023.1
23:06:44, 18.7, 0.104, 1023.2
23:06:45, 18.7, 0.101, 1022.9
23:06:46, 18.7, 0.101, 1022.9
23:06:47, 18.7, 0.100, 1022.8
23:06:48, 18.7, 0.105, 1023.3
23:06:49, 18.7, 0.104, 1023.2
23:06:51, 18.7, 0.102, 1023.0
23:06:52, 18.7, 0.103, 1023.1
23:06:53, 18.7, 0.104, 1023.2
23:06:54, 18.6, 0.105, 1023.3
23:06:55, 18.6, 0.102, 1023.0
23:06:56, 18.6, 0.102, 1023.0
23:06:57, 18.6, 0.102, 1023.0
23:06:58, 18.6, 0.101, 1022.9
23:06:59, 18.6, 0.104, 1023.2
23:07:00, 18.6, 0.102, 1023.0
23:07:01, 18.6, 0.097, 1022.5
23:07:03, 18.6, 0.100, 1022.8
23:07:04, 18.6, 0.101, 1022.9
23:07:05, 18.6, 0.102, 1023.0
23:07:06, 18.6, 0.100, 1022.8
23:07:07, 18.5, 0.100, 1022.8
23:07:08, 18.5, 0.100, 1022.8
23:07:09, 18.5, 0.108, 1023.6
23:07:10, 18.5, 0.099, 1022.7
23:07:11, 18.5, 0.101, 1022.9
23:07:12, 18.5, 0.101, 1022.9
23:07:13, 18.5, 0.103, 1023.1
23:07:15, 18.5, 0.103, 1023.1
23:07:16, 18.5, 0.099, 1022.7
23:07:17, 18.5, 0.102, 1023.0
23:07:18, 18.5, 0.101, 1022.9
23:07:19, 18.5, 0.100, 1022.8
23:07:20, 18.5, 0.100, 1022.8
23:07:21, 18.5, 0.103, 1023.1
23:07:22, 18.5, 0.099, 1022.7
23:07:23, 18.5, 0.103, 1023.1
23:07:24, 18.5, 0.102, 1023.0
23:07:25, 18.5, 0.101, 1022.9
23:07:27, 18.5, 0.104, 1023.2
23:07:28, 18.4, 0.096, 1022.4
23:07:29, 18.5, 0.101, 1022.9
23:07:30, 18.5, 0.099, 1022.7
23:07:31, 18.5, 0.102, 1023.0
23:07:32, 18.5, 0.102, 1023.0
23:07:33, 18.5, 0.101, 1022.9
23:07:34, 18.5, 0.098, 1022.6
23:07:35, 18.5, 0.101, 1022.9
23:07:36, 18.5, 0.100, 1022.8
23:07:37, 18.5, 0.102, 1023.0
23:07:39, 18.5, 0.097, 1022.5
23:07:40, 18.5, 0.104, 1023.2
23:07:41, 18.5, 0.101, 1022.9
23:07:42, 18.4, 0.102, 1023.0
23:07:43, 18.4, 0.100, 1022.8
23:07:44, 18.4, 0.099, 1022.7
23:07:45, 18.4, 0.099, 1022.7
23:07:46, 18.4, 0.100, 1022.8
23:07:47, 18.4, 0.101, 1022.9
23:07:48, 18.4, 0.104, 1023.2
23:07:49, 18.4, 0.102, 1023.0
23:07:51, 18.4, 0.100, 1022.8
23:07:52, 18.4, 0.102, 1023.0
23:07:53, 18.4, 0.100, 1022.8
23:07:54, 18.4, 0.098, 1022.6
23:07:55, 18.4, 0.101, 1022.9
23:07:56, 18.5, 0.102, 1023.0
23:07:57, 18.5, 0.101, 1022.9
23:07:58, 18.5, 0.101, 1022.9
23:07:59, 18.5, 0.102, 1023.0
23:08:00, 18.5, 0.102, 1023.0
23:08:01, 18.5, 0.102, 1023.0
23:08:03, 18.5, 0.102, 1023.0
23:08:04, 18.5, 0.103, 1023.1
23:08:05, 18.5, 0.102, 1023.0
23:08:06, 18.5, 0.097, 1022.5
23:08:07, 18.4, 0.094, 1022.2
23:08:08, 18.4, 0.101, 1022.9
23:08:09, 18.4, 0.096, 1022.4
23:08:10, 18.4, 0.102, 1023.0
23:08:11, 18.5, 0.100, 1022.8
23:08:12, 18.5, 0.102, 1023.0
23:08:13, 18.5, 0.106, 1023.4
23:08:15, 18.5, 0.099, 1022.7
23:08:16, 18.5, 0.100, 1022.8
23:08:17, 18.5, 0.101, 1022.9
23:08:18, 18.5, 0.105, 1023.3
23:08:19, 18.5, 0.099, 1022.7
23:08:20, 18.5, 0.098, 1022.6
23:08:21, 18.5, 0.096, 1022.4
23:08:22, 18.5, 0.102, 1023.0
23:08:23, 18.5, 0.100, 1022.8
23:08:24, 18.5, 0.100, 1022.8
23:08:25, 18.5, 0.101, 1022.9
23:08:27, 18.5, 0.101, 1022.9
23:08:28, 18.5, 0.097, 1022.5
23:08:29, 18.4, 0.103, 1023.1
23:08:30, 18.4, 0.103, 1023.1
23:08:31, 18.4, 0.095, 1022.3
23:08:32, 18.4, 0.102, 1023.0
23:08:33, 18.4, 0.102, 1023.0
23:08:34, 18.4, 0.103, 1023.1
23:08:35, 18.4, 0.101, 1022.9
23:08:36, 18.4, 0.099, 1022.7
23:08:37, 18.4, 0.099, 1022.7
23:08:39, 18.4, 0.104, 1023.2
23:08:40, 18.4, 0.100, 1022.8
23:08:41, 18.4, 0.099, 1022.7
23:08:42, 18.4, 0.101, 1022.9
23:08:43, 18.5, 0.098, 1022.6
23:08:44, 18.5, 0.099, 1022.7
23:08:45, 18.5, 0.100, 1022.8
23:08:46, 18.5, 0.099, 1022.7
23:08:47, 18.5, 0.102, 1023.0
23:08:48, 18.5, 0.099, 1022.7
23:08:49, 18.4, 0.097, 1022.5
23:08:51, 18.4, 0.100, 1022.8
23:08:52, 18.4, 0.099, 1022.7
23:08:53, 18.4, 0.099, 1022.7
23:08:54, 18.4, 0.104, 1023.2
23:08:55, 18.4, 0.095, 1022.3
23:08:56, 18.3, 0.096, 1022.4
23:08:57, 18.3, 0.100, 1022.8
23:08:58, 18.3, 0.101, 1022.9
23:08:59, 18.3, 0.100, 1022.8
23:09:00, 18.3, 0.101, 1022.9
23:09:01, 18.3, 0.097, 1022.5
23:09:03, 18.3, 0.103, 1023.1
23:09:04, 18.3, 0.098, 1022.6
23:09:05, 18.3, 0.100, 1022.8
23:09:06, 18.2, 0.099, 1022.7
23:09:07, 18.2, 0.099, 1022.7
23:09:08, 18.2, 0.099, 1022.7
23:09:09, 18.2, 0.098, 1022.6
23:09:10, 18.2, 0.100, 1022.8
23:09:11, 18.2, 0.098, 1022.6
23:09:12, 18.2, 0.102, 1023.0
23:09:13, 18.2, 0.098, 1022.6
23:09:15, 18.2, 0.101, 1022.9
23:09:16, 18.1, 0.103, 1023.1
23:09:17, 18.1, 0.096, 1022.4
23:09:18, 18.1, 0.103, 1023.1
23:09:19, 18.1, 0.100, 1022.8
23:09:20, 18.1, 0.097, 1022.5
23:09:21, 18.1, 0.102, 1023.0
23:09:22, 18.1, 0.101, 1022.9
23:09:23, 18.1, 0.101, 1022.9
23:09:24, 18.1, 0.099, 1022.7
23:09:25, 18.1, 0.096, 1022.4
23:09:27, 18.1, 0.099, 1022.7
23:09:28, 18.1, 0.102, 1023.0
23:09:29, 18.1, 0.100, 1022.8
23:09:30, 18.1, 0.101, 1022.9
23:09:31, 18.1, 0.098, 1022.6
23:09:32, 18.1, 0.098, 1022.6
23:09:33, 18.1, 0.099, 1022.7
23:09:34, 18.1, 0.103, 1023.1
23:09:35, 18.1, 0.100, 1022.8
23:09:36, 18.1, 0.101, 1022.9
23:09:37, 18.1, 0.099, 1022.7
23:09:39, 18.1, 0.100, 1022.8
23:09:40, 18.1, 0.097, 1022.5
23:09:41, 18.1, 0.099, 1022.7
23:09:42, 18.1, 0.097, 1022.5
23:09:43, 18.1, 0.098, 1022.6
23:09:44, 18.1, 0.103, 1023.1
23:09:45, 18.1, 0.097, 1022.5
23:09:46, 18.1, 0.099, 1022.7
23:09:47, 18.1, 0.099, 1022.7
23:09:48, 18.1, 0.098, 1022.6
23:09:49, 18.1, 0.101, 1022.9
23:09:51, 18.1, 0.101, 1022.9
23:09:52, 18.1, 0.100, 1022.8
23:09:53, 18.1, 0.099, 1022.7
23:09:54, 18.1, 0.100, 1022.8
23:09:55, 18.1, 0.098, 1022.6
23:09:56, 18.1, 0.098, 1022.6
23:09:57, 18.1, 0.095, 1022.3
23:09:58, 18.1, 0.100, 1022.8
23:09:59, 18.1, 0.095, 1022.3
23:10:00, 18.1, 0.101, 1022.9
23:10:01, 18.1, 0.101, 1022.9
23:10:03, 18.1, 0.097, 1022.5
23:10:04, 18.2, 0.097, 1022.5
23:10:05, 18.2, 0.101, 1022.9
23:10:06, 18.2, 0.099, 1022.7
23:10:07, 18.2, 0.095, 1022.3
23:10:08, 18.2, 0.097, 1022.5
23:10:09, 18.2, 0.098, 1022.6
23:10:10, 18.2, 0.097, 1022.5
23:10:11, 18.2, 0.094, 1022.2
23:10:12, 18.2, 0.100, 1022.8
23:10:13, 18.2, 0.099, 1022.7
23:10:15, 18.2, 0.098, 1022.6
23:10:16, 18.2, 0.101, 1022.9
23:10:17, 18.2, 0.097, 1022.5
23:10:18, 18.2, 0.098, 1022.6
23:10:19, 18.2, 0.099, 1022.7
23:10:20, 18.2, 0.098, 1022.6
23:10:21, 18.2, 0.098, 1022.6
23:10:22, 18.2, 0.097, 1022.5
23:10:23, 18.2, 0.098, 1022.6
23:10:24, 18.2, 0.095, 1022.3
23:10:25, 18.2, 0.095, 1022.3
23:10:27, 18.2, 0.099, 1022.7
23:10:28, 18.2, 0.098, 1022.6
23:10:29, 18.2, 0.096, 1022.4
23:10:30, 18.2, 0.096, 1022.4
23:10:31, 18.2, 0.092, 1022.0
23:10:32, 18.3, 0.102, 1023.0
23:10:33, 18.3, 0.095, 1022.3
23:10:34, 18.3, 0.098, 1022.6
23:10:35, 18.3, 0.097, 1022.5
23:10:36, 18.3, 0.097, 1022.5
23:10:37, 18.3, 0.100, 1022.8
23:10:39, 18.3, 0.097, 1022.5
23:10:40, 18.3, 0.097, 1022.5
23:10:41, 18.3, 0.099, 1022.7
23:10:42, 18.3, 0.097, 1022.5
23:10:43, 18.3, 0.097, 1022.5
23:10:44, 18.3, 0.100, 1022.8
23:10:45, 18.3, 0.098, 1022.6
23:10:46, 18.3, 0.100, 1022.8
23:10:47, 18.3, 0.097, 1022.5
23:10:48, 18.3, 0.099, 1022.7
23:10:49, 18.3, 0.098, 1022.6
23:10:51, 18.3, 0.100, 1022.8
23:10:52, 18.3, 0.097, 1022.5
23:10:53, 18.3, 0.094, 1022.2
23:10:54, 18.3, 0.101, 1022.9
23:10:55, 18.3, 0.101, 1022.9
23:10:56, 18.3, 0.094, 1022.2
23:10:57, 18.3, 0.096, 1022.4
23:10:58, 18.3, 0.095, 1022.3
23:10:59, 18.3, 0.098, 1022.6
23:11:00, 18.3, 0.100, 1022.8
23:11:01, 18.3, 0.095, 1022.3
23:11:03, 18.3, 0.101, 1022.9
23:11:04, 18.3, 0.102, 1023.0
23:11:05, 18.4, 0.098, 1022.6
23:11:06, 18.4, 0.102, 1023.0
23:11:07, 18.4, 0.100, 1022.8
23:11:08, 18.4, 0.099, 1022.7
23:11:09, 18.4, 0.099, 1022.7
23:11:10, 18.4, 0.098, 1022.6
23:11:11, 18.4, 0.095, 1022.3
23:11:12, 18.4, 0.098, 1022.6
23:11:13, 18.4, 0.099, 1022.7
23:11:15, 18.4, 0.105, 1023.3
23:11:16, 18.4, 0.101, 1022.9
23:11:17, 18.4, 0.101, 1022.9
23:11:18, 18.4, 0.097, 1022.5
23:11:19, 18.4, 0.097, 1022.5
23:11:20, 18.4, 0.099, 1022.7
23:11:21, 18.4, 0.097, 1022.5
23:11:22, 18.3, 0.098, 1022.6
23:11:23, 18.3, 0.096, 1022.4
23:11:24, 18.3, 0.097, 1022.5
23:11:26, 18.3, 0.094, 1022.2
23:11:27, 18.3, 0.098, 1022.6
23:11:28, 18.3, 0.097, 1022.5
23:11:29, 18.4, 0.097, 1022.5
23:11:30, 18.4, 0.096, 1022.4
23:11:31, 18.4, 0.100, 1022.8
23:11:32, 18.3, 0.101, 1022.9
23:11:33, 18.4, 0.095, 1022.3
23:11:34, 18.4, 0.097, 1022.5
23:11:35, 18.4, 0.098, 1022.6
23:11:36, 18.3, 0.094, 1022.2
23:11:38, 18.3, 0.094, 1022.2
23:11:39, 18.3, 0.094, 1022.2
23:11:40, 18.4, 0.097, 1022.5
23:11:41, 18.4, 0.098, 1022.6
23:11:42, 18.4, 0.099, 1022.7
23:11:43, 18.4, 0.096, 1022.4
23:11:44, 18.4, 0.096, 1022.4
23:11:45, 18.4, 0.098, 1022.6
23:11:46, 18.4, 0.101, 1022.9
23:11:47, 18.4, 0.095, 1022.3
23:11:48, 18.4, 0.097, 1022.5
23:11:50, 18.4, 0.094, 1022.2
23:11:51, 18.4, 0.093, 1022.1
23:11:52, 18.4, 0.095, 1022.3
23:11:53, 18.4, 0.100, 1022.8
23:11:54, 18.4, 0.095, 1022.3
23:11:55, 18.4, 0.093, 1022.1
23:11:56, 18.4, 0.096, 1022.4
23:11:57, 18.4, 0.096, 1022.4
23:11:58, 18.5, 0.098, 1022.6
23:11:59, 18.5, 0.095, 1022.3
23:12:00, 18.5, 0.093, 1022.1
23:12:02, 18.5, 0.093, 1022.1
23:12:03, 18.5, 0.098, 1022.6
23:12:04, 18.5, 0.093, 1022.1
23:12:05, 18.5, 0.097, 1022.5
23:12:06, 18.5, 0.099, 1022.7
23:12:07, 18.5, 0.094, 1022.2
23:12:08, 18.5, 0.092, 1022.0
23:12:09, 18.5, 0.094, 1022.2
23:12:10, 18.5, 0.096, 1022.4
23:12:11, 18.5, 0.094, 1022.2
23:12:12, 18.5, 0.096, 1022.4
23:12:14, 18.5, 0.099, 1022.7
23:12:15, 18.5, 0.096, 1022.4
23:12:16, 18.5, 0.100, 1022.8
23:12:17, 18.5, 0.099, 1022.7
23:12:18, 18.5, 0.098, 1022.6
23:12:19, 18.5, 0.097, 1022.5
23:12:20, 18.5, 0.096, 1022.4
23:12:21, 18.5, 0.095, 1022.3
23:12:22, 18.5, 0.097, 1022.5
23:12:23, 18.6, 0.095, 1022.3
23:12:24, 18.6, 0.095, 1022.3
23:12:26, 18.6, 0.098, 1022.6
23:12:27, 18.6, 0.095, 1022.3
23:12:28, 18.6, 0.091, 1021.9
23:12:29, 18.6, 0.098, 1022.6
23:12:30, 18.6, 0.098, 1022.6
23:12:31, 18.6, 0.095, 1022.3
23:12:32, 18.6, 0.096, 1022.4
23:12:33, 18.6, 0.099, 1022.7
23:12:34, 18.6, 0.097, 1022.5
23:12:35, 18.6, 0.095, 1022.3
23:12:36, 18.6, 0.094, 1022.2
23:12:38, 18.6, 0.096, 1022.4
23:12:39, 18.6, 0.098, 1022.6
23:12:40, 18.6, 0.094, 1022.2
23:12:41, 18.6, 0.096, 1022.4
23:12:42, 18.6, 0.097, 1022.5
23:12:43, 18.6, 0.097, 1022.5
23:12:44, 18.6, 0.093, 1022.1
23:12:45, 18.6, 0.095, 1022.3
23:12:46, 18.6, 0.094, 1022.2
23:12:47, 18.6, 0.098, 1022.6
23:12:48, 18.6, 0.096, 1022.4
23:12:50, 18.6, 0.093, 1022.1
23:12:51, 18.7, 0.097, 1022.5
23:12:52, 18.6, 0.096, 1022.4
23:12:53, 18.6, 0.093, 1022.1
23:12:54, 18.7, 0.094, 1022.2
23:12:55, 18.7, 0.094, 1022.2
23:12:56, 18.7, 0.093, 1022.1
23:12:57, 18.7, 0.093, 1022.1
23:12:58, 18.7, 0.094, 1022.2
23:12:59, 18.7, 0.094, 1022.2
23:13:00, 18.7, 0.096, 1022.4
23:13:02, 18.7, 0.093, 1022.1
23:13:03, 18.7, 0.093, 1022.1
23:13:04, 18.7, 0.095, 1022.3
23:13:05, 18.7, 0.092, 1022.0
23:13:06, 18.7, 0.095, 1022.3
23:13:07, 18.7, 0.091, 1021.9
23:13:08, 18.7, 0.093, 1022.1
23:13:09, 18.7, 0.093, 1022.1
23:13:10, 18.7, 0.094, 1022.2
23:13:11, 18.7, 0.092, 1022.0
23:13:12, 18.7, 0.096, 1022.4
23:13:14, 18.7, 0.095, 1022.3
23:13:15, 18.7, 0.091, 1021.9
23:13:16, 18.7, 0.099, 1022.7
23:13:17, 18.6, 0.089, 1021.7
23:13:18, 18.6, 0.096, 1022.4
23:13:19, 18.6, 0.093, 1022.1
23:13:20, 18.6, 0.091, 1021.9
23:13:21, 18.6, 0.096, 1022.4
23:13:22, 18.6, 0.095, 1022.3
23:13:23, 18.6, 0.096, 1022.4
23:13:24, 18.6, 0.093, 1022.1
23:13:26, 18.6, 0.094, 1022.2
23:13:27, 18.6, 0.097, 1022.5
23:13:28, 18.6, 0.098, 1022.6
23:13:29, 18.6, 0.092, 1022.0
23:13:30, 18.7, 0.097, 1022.5
23:13:31, 18.7, 0.092, 1022.0
23:13:32, 18.7, 0.094, 1022.2
23:13:33, 18.7, 0.095, 1022.3
23:13:34, 18.7, 0.096, 1022.4
23:13:35, 18.7, 0.096, 1022.4
23:13:36, 18.7, 0.096, 1022.4
23:13:38, 18.7, 0.094, 1022.2
23:13:39, 18.6, 0.091, 1021.9
23:13:40, 18.6, 0.093, 1022.1
23:13:41, 18.6, 0.096, 1022.4
23:13:42, 18.6, 0.092, 1022.0
23:13:43, 18.6, 0.091, 1021.9
23:13:44, 18.6, 0.095, 1022.3
23:13:45, 18.6, 0.095, 1022.3
23:13:46, 18.5, 0.098, 1022.6
23:13:47, 18.5, 0.095, 1022.3
23:13:48, 18.5, 0.092, 1022.0
23:13:50, 18.5, 0.095, 1022.3
23:13:51, 18.5, 0.094, 1022.2
23:13:52, 18.5, 0.096, 1022.4
23:13:53, 18.4, 0.087, 1021.5
23:13:54, 18.4, 0.092, 1022.0
23:13:55, 18.4, 0.094, 1022.2
23:13:56, 18.4, 0.091, 1021.9
23:13:57, 18.3, 0.095, 1022.3
23:13:58, 18.3, 0.096, 1022.4
23:13:59, 18.3, 0.099, 1022.7
23:14:00, 18.3, 0.094, 1022.2
23:14:02, 18.3, 0.095, 1022.3
23:14:03, 18.3, 0.096, 1022.4
23:14:04, 18.2, 0.096, 1022.4
23:14:05, 18.2, 0.096, 1022.4
23:14:06, 18.2, 0.096, 1022.4
23:14:07, 18.2, 0.097, 1022.5
23:14:08, 18.2, 0.096, 1022.4
23:14:09, 18.2, 0.099, 1022.7
23:14:10, 18.2, 0.095, 1022.3
23:14:11, 18.2, 0.098, 1022.6
23:14:12, 18.2, 0.100, 1022.8
23:14:14, 18.2, 0.097, 1022.5
23:14:15, 18.2, 0.094, 1022.2
23:14:16, 18.2, 0.096, 1022.4
23:14:17, 18.2, 0.096, 1022.4
23:14:18, 18.2, 0.097, 1022.5
23:14:19, 18.2, 0.098, 1022.6
23:14:20, 18.2, 0.093, 1022.1
23:14:21, 18.2, 0.092, 1022.0
23:14:22, 18.2, 0.094, 1022.2
23:14:23, 18.2, 0.096, 1022.4
23:14:24, 18.2, 0.098, 1022.6
23:14:26, 18.2, 0.090, 1021.8
23:14:27, 18.2, 0.091, 1021.9
23:14:28, 18.2, 0.089, 1021.7
23:14:29, 18.2, 0.097, 1022.5
23:14:30, 18.2, 0.090, 1021.8
23:14:31, 18.2, 0.097, 1022.5
23:14:32, 18.1, 0.091, 1021.9
23:14:33, 18.1, 0.098, 1022.6
23:14:34, 18.1, 0.095, 1022.3
23:14:35, 18.1, 0.091, 1021.9
23:14:36, 18.1, 0.091, 1021.9
23:14:38, 18.1, 0.098, 1022.6
23:14:39, 18.1, 0.094, 1022.2
23:14:40, 18.1, 0.098, 1022.6
23:14:41, 18.1, 0.096, 1022.4
23:14:42, 18.1, 0.097, 1022.5
23:14:43, 18.1, 0.093, 1022.1
23:14:44, 18.1, 0.094, 1022.2
23:14:45, 18.1, 0.095, 1022.3
23:14:46, 18.1, 0.093, 1022.1
23:14:47, 18.1, 0.094, 1022.2
23:14:48, 18.1, 0.095, 1022.3
23:14:50, 18.1, 0.092, 1022.0
23:14:51, 18.1, 0.092, 1022.0
23:14:52, 18.1, 0.094, 1022.2
23:14:53, 18.1, 0.097, 1022.5
23:14:54, 18.1, 0.097, 1022.5
23:14:55, 18.1, 0.092, 1022.0
23:14:56, 18.1, 0.095, 1022.3
23:14:57, 18.1, 0.098, 1022.6
23:14:58, 18.1, 0.092, 1022.0
23:14:59, 18.1, 0.095, 1022.3
23:15:00, 18.1, 0.095, 1022.3
23:15:02, 18.1, 0.094, 1022.2
23:15:03, 18.1, 0.096, 1022.4
23:15:04, 18.1, 0.098, 1022.6
23:15:05, 18.1, 0.094, 1022.2
23:15:06, 18.1, 0.094, 1022.2
23:15:07, 18.1, 0.096, 1022.4
23:15:08, 18.1, 0.094, 1022.2
23:15:09, 18.2, 0.098, 1022.6
23:15:10, 18.2, 0.092, 1022.0
23:15:11, 18.2, 0.091, 1021.9
23:15:12, 18.2, 0.094, 1022.2
23:15:14, 18.2, 0.094, 1022.2
23:15:15, 18.2, 0.097, 1022.5
23:15:16, 18.3, 0.097, 1022.5
23:15:17, 18.3, 0.095, 1022.3
23:15:18, 18.3, 0.092, 1022.0
23:15:19, 18.3, 0.093, 1022.1
23:15:20, 18.3, 0.095, 1022.3
23:15:21, 18.3, 0.097, 1022.5
23:15:22, 18.4, 0.094, 1022.2
23:15:23, 18.4, 0.092, 1022.0
23:15:24, 18.4, 0.091, 1021.9
23:15:26, 18.4, 0.095, 1022.3
23:15:27, 18.4, 0.097, 1022.5
23:15:28, 18.4, 0.092, 1022.0
23:15:29, 18.4, 0.094, 1022.2
23:15:30, 18.4, 0.093, 1022.1
23:15:31, 18.4, 0.095, 1022.3
23:15:32, 18.4, 0.094, 1022.2
23:15:33, 18.4, 0.092, 1022.0
23:15:34, 18.4, 0.092, 1022.0
23:15:35, 18.4, 0.093, 1022.1
23:15:36, 18.4, 0.097, 1022.5
23:15:38, 18.4, 0.094, 1022.2
23:15:39, 18.4, 0.095, 1022.3
23:15:40, 18.4, 0.094, 1022.2
23:15:41, 18.4, 0.095, 1022.3
23:15:42, 18.4, 0.096, 1022.4
23:15:43, 18.4, 0.091, 1021.9
23:15:44, 18.4, 0.092, 1022.0
23:15:45, 18.4, 0.091, 1021.9
23:15:46, 18.4, 0.093, 1022.1
23:15:47, 18.4, 0.092, 1022.0
23:15:48, 18.4, 0.091, 1021.9
23:15:50, 18.4, 0.092, 1022.0
23:15:51, 18.4, 0.095, 1022.3
23:15:52, 18.4, 0.092, 1022.0
23:15:53, 18.4, 0.092, 1022.0
23:15:54, 18.4, 0.096, 1022.4
23:15:55, 18.5, 0.095, 1022.3
23:15:56, 18.4, 0.096, 1022.4
23:15:57, 18.5, 0.097, 1022.5
23:15:58, 18.5, 0.096, 1022.4
23:15:59, 18.4, 0.095, 1022.3
23:16:00, 18.5, 0.093, 1022.1
23:16:02, 18.5, 0.092, 1022.0
23:16:03, 18.5, 0.092, 1022.0
23:16:04, 18.5, 0.093, 1022.1
23:16:05, 18.5, 0.093, 1022.1
23:16:06, 18.5, 0.090, 1021.8
23:16:07, 18.5, 0.093, 1022.1
23:16:08, 18.5, 0.094, 1022.2
23:16:09, 18.5, 0.094, 1022.2
23:16:10, 18.5, 0.093, 1022.1
23:16:11, 18.5, 0.093, 1022.1
23:16:12, 18.5, 0.091, 1021.9
23:16:14, 18.5, 0.092, 1022.0
23:16:15, 18.5, 0.092, 1022.0
23:16:16, 18.5, 0.091, 1021.9
23:16:17, 18.5, 0.089, 1021.7
23:16:18, 18.5, 0.091, 1021.9
23:16:19, 18.5, 0.094, 1022.2
23:16:20, 18.5, 0.091, 1021.9
23:16:21, 18.5, 0.094, 1022.2
23:16:22, 18.5, 0.089, 1021.7
23:16:23, 18.5, 0.092, 1022.0
23:16:24, 18.5, 0.093, 1022.1
23:16:26, 18.5, 0.092, 1022.0
23:16:27, 18.5, 0.094, 1022.2
23:16:28, 18.5, 0.091, 1021.9
23:16:29, 18.5, 0.092, 1022.0
23:16:30, 18.5, 0.092, 1022.0
23:16:31, 18.5, 0.091, 1021.9
23:16:32, 18.5, 0.091, 1021.9
23:16:33, 18.5, 0.088, 1021.6
23:16:34, 18.5, 0.094, 1022.2
23:16:35, 18.5, 0.094, 1022.2
23:16:36, 18.5, 0.093, 1022.1
23:16:38, 18.5, 0.093, 1022.1
23:16:39, 18.5, 0.092, 1022.0
23:16:40, 18.5, 0.093, 1022.1
23:16:41, 18.5, 0.092, 1022.0
23:16:42, 18.5, 0.098, 1022.6
23:16:43, 18.5, 0.097, 1022.5
23:16:44, 18.5, 0.092, 1022.0
23:16:45, 18.5, 0.089, 1021.7
23:16:46, 18.5, 0.100, 1022.8
23:16:47, 18.5, 0.092, 1022.0
23:16:48, 18.5, 0.092, 1022.0
23:16:50, 18.5, 0.090, 1021.8
23:16:51, 18.5, 0.093, 1022.1
23:16:52, 18.5, 0.095, 1022.3
23:16:53, 18.5, 0.096, 1022.4
23:16:54, 18.5, 0.095, 1022.3
23:16:55, 18.6, 0.095, 1022.3
23:16:56, 18.6, 0.092, 1022.0
23:16:57, 18.6, 0.090, 1021.8
23:16:58, 18.6, 0.095, 1022.3
23:16:59, 18.6, 0.090, 1021.8
23:17:00, 18.6, 0.094, 1022.2
23:17:02, 18.6, 0.095, 1022.3
23:17:03, 18.6, 0.093, 1022.1
23:17:04, 18.6, 0.093, 1022.1
23:17:05, 18.6, 0.092, 1022.0
23:17:06, 18.6, 0.095, 1022.3
23:17:07, 18.6, 0.093, 1022.1
23:17:08, 18.6, 0.093, 1022.1
23:17:09, 18.6, 0.092, 1022.0
23:17:10, 18.6, 0.097, 1022.5
23:17:11, 18.6, 0.092, 1022.0
23:17:12, 18.6, 0.091, 1021.9
23:17:14, 18.6, 0.091, 1021.9
23:17:15, 18.6, 0.094, 1022.2
23:17:16, 18.6, 0.093, 1022.1
23:17:17, 18.6, 0.094, 1022.2
23:17:18, 18.6, 0.096, 1022.4
23:17:19, 18.6, 0.091, 1021.9
23:17:20, 18.6, 0.093, 1022.1
23:17:21, 18.6, 0.091, 1021.9
23:17:22, 18.6, 0.095, 1022.3
23:17:23, 18.6, 0.096, 1022.4
23:17:24, 18.6, 0.094, 1022.2
23:17:26, 18.6, 0.092, 1022.0
23:17:27, 18.6, 0.093, 1022.1
23:17:28, 18.6, 0.099, 1022.7
23:17:29, 18.6, 0.093, 1022.1
23:17:30, 18.6, 0.095, 1022.3
23:17:31, 18.6, 0.093, 1022.1
23:17:32, 18.6, 0.092, 1022.0
23:17:33, 18.6, 0.090, 1021.8
23:17:34, 18.6, 0.098, 1022.6
23:17:35, 18.6, 0.095, 1022.3
23:17:36, 18.6, 0.093, 1022.1
23:17:38, 18.6, 0.090, 1021.8
23:17:39, 18.6, 0.090, 1021.8
23:17:40, 18.6, 0.095, 1022.3
23:17:41, 18.6, 0.092, 1022.0
23:17:42, 18.6, 0.094, 1022.2
23:17:43, 18.6, 0.090, 1021.8
23:17:44, 18.6, 0.091, 1021.9
23:17:45, 18.6, 0.093, 1022.1
23:17:46, 18.6, 0.094, 1022.2
23:17:47, 18.5, 0.091, 1021.9
23:17:48, 18.5, 0.093, 1022.1
23:17:50, 18.5, 0.092, 1022.0
23:17:51, 18.5, 0.094, 1022.2
23:17:52, 18.5, 0.090, 1021.8
23:17:53, 18.5, 0.095, 1022.3
23:17:54, 18.5, 0.097, 1022.5
23:17:55, 18.4, 0.094, 1022.2
23:17:56, 18.4, 0.099, 1022.7
23:17:57, 18.4, 0.095, 1022.3
23:17:58, 18.4, 0.096, 1022.4
23:17:59, 18.4, 0.094, 1022.2
23:18:00, 18.4, 0.096, 1022.4
23:18:02, 18.4, 0.095, 1022.3
23:18:03, 18.4, 0.092, 1022.0
23:18:04, 18.4, 0.097, 1022.5
23:18:05, 18.4, 0.095, 1022.3
23:18:06, 18.4, 0.095, 1022.3
23:18:07, 18.4, 0.093, 1022.1
23:18:08, 18.4, 0.095, 1022.3
23:18:09, 18.4, 0.097, 1022.5
23:18:10, 18.4, 0.095, 1022.3
23:18:11, 18.4, 0.095, 1022.3
23:18:12, 18.3, 0.094, 1022.2
23:18:14, 18.3, 0.090, 1021.8
23:18:15, 18.3, 0.096, 1022.4
23:18:16, 18.3, 0.096, 1022.4
23:18:17, 18.3, 0.086, 1021.4
23:18:18, 18.3, 0.093, 1022.1
23:18:19, 18.3, 0.094, 1022.2
23:18:20, 18.3, 0.094, 1022.2
23:18:21, 18.3, 0.092, 1022.0
23:18:22, 18.3, 0.095, 1022.3
23:18:23, 18.3, 0.091, 1021.9
23:18:24, 18.3, 0.092, 1022.0
23:18:26, 18.3, 0.092, 1022.0
23:18:27, 18.3, 0.092, 1022.0
23:18:28, 18.3, 0.095, 1022.3
23:18:29, 18.3, 0.094, 1022.2
23:18:30, 18.3, 0.093, 1022.1
23:18:31, 18.3, 0.094, 1022.2
23:18:32, 18.3, 0.097, 1022.5
23:18:33, 18.3, 0.096, 1022.4
23:18:34, 18.3, 0.090, 1021.8
23:18:35, 18.3, 0.092, 1022.0
23:18:36, 18.3, 0.090, 1021.8
23:18:38, 18.3, 0.094, 1022.2
23:18:39, 18.3, 0.093, 1022.1
23:18:40, 18.3, 0.090, 1021.8
23:18:41, 18.3, 0.094, 1022.2
23:18:42, 18.3, 0.093, 1022.1
23:18:43, 18.3, 0.093, 1022.1
23:18:44, 18.3, 0.088, 1021.6
23:18:45, 18.3, 0.093, 1022.1
23:18:46, 18.2, 0.094, 1022.2
23:18:47, 18.2, 0.093, 1022.1
23:18:48, 18.2, 0.095, 1022.3
23:18:50, 18.2, 0.094, 1022.2
23:18:51, 18.2, 0.091, 1021.9
23:18:52, 18.2, 0.093, 1022.1
23:18:53, 18.2, 0.092, 1022.0
23:18:54, 18.2, 0.093, 1022.1
23:18:55, 18.2, 0.094, 1022.2
23:18:56, 18.2, 0.093, 1022.1
23:18:57, 18.2, 0.092, 1022.0
23:18:58, 18.2, 0.093, 1022.1
23:18:59, 18.2, 0.093, 1022.1
23:19:00, 18.2, 0.097, 1022.5
23:19:02, 18.3, 0.092, 1022.0
23:19:03, 18.3, 0.093, 1022.1
23:19:04, 18.3, 0.095, 1022.3
23:19:05, 18.3, 0.091, 1021.9
23:19:06, 18.3, 0.096, 1022.4
23:19:07, 18.2, 0.091, 1021.9
23:19:08, 18.2, 0.095, 1022.3
23:19:09, 18.2, 0.091, 1021.9
23:19:10, 18.2, 0.093, 1022.1
23:19:11, 18.2, 0.093, 1022.1
23:19:12, 18.2, 0.093, 1022.1
23:19:14, 18.2, 0.091, 1021.9
23:19:15, 18.1, 0.095, 1022.3
23:19:16, 18.1, 0.092, 1022.0
23:19:17, 18.1, 0.091, 1021.9
23:19:18, 18.1, 0.093, 1022.1
23:19:19, 18.1, 0.090, 1021.8
23:19:20, 18.1, 0.094, 1022.2
23:19:21, 18.1, 0.091, 1021.9
23:19:22, 18.2, 0.095, 1022.3
23:19:23, 18.2, 0.093, 1022.1
23:19:24, 18.2, 0.092, 1022.0
23:19:26, 18.2, 0.094, 1022.2
23:19:27, 18.2, 0.091, 1021.9
23:19:28, 18.2, 0.089, 1021.7
23:19:29, 18.2, 0.097, 1022.5
23:19:30, 18.2, 0.095, 1022.3
23:19:31, 18.2, 0.096, 1022.4
23:19:32, 18.2, 0.093, 1022.1
23:19:33, 18.2, 0.094, 1022.2
23:19:34, 18.2, 0.095, 1022.3
23:19:35, 18.2, 0.092, 1022.0
23:19:36, 18.2, 0.089, 1021.7
23:19:38, 18.2, 0.096, 1022.4
23:19:39, 18.2, 0.088, 1021.6
23:19:40, 18.2, 0.094, 1022.2
23:19:41, 18.2, 0.092, 1022.0
23:19:42, 18.2, 0.090, 1021.8
23:19:43, 18.2, 0.093, 1022.1
23:19:44, 18.2, 0.093, 1022.1
23:19:45, 18.2, 0.096, 1022.4
23:19:46, 18.2, 0.095, 1022.3
23:19:47, 18.2, 0.099, 1022.7
23:19:48, 18.2, 0.091, 1021.9
23:19:50, 18.2, 0.089, 1021.7
23:19:51, 18.2, 0.095, 1022.3
23:19:52, 18.2, 0.092, 1022.0
23:19:53, 18.1, 0.092, 1022.0
23:19:54, 18.1, 0.093, 1022.1
23:19:55, 18.1, 0.094, 1022.2
23:19:56, 18.1, 0.091, 1021.9
23:19:57, 18.1, 0.094, 1022.2
23:19:58, 18.1, 0.093, 1022.1
23:19:59, 18.0, 0.094, 1022.2
23:20:00, 18.0, 0.091, 1021.9
23:20:02, 18.0, 0.093, 1022.1
23:20:03, 18.0, 0.091, 1021.9
23:20:04, 18.0, 0.094, 1022.2
23:20:05, 18.0, 0.092, 1022.0
23:20:06, 18.0, 0.093, 1022.1
23:20:07, 17.9, 0.093, 1022.1
23:20:08, 17.9, 0.092, 1022.0
23:20:09, 17.9, 0.095, 1022.3
23:20:10, 17.9, 0.091, 1021.9
23:20:11, 17.9, 0.088, 1021.6
23:20:12, 17.9, 0.093, 1022.1
23:20:14, 17.9, 0.095, 1022.3
23:20:15, 17.9, 0.093, 1022.1
23:20:16, 17.9, 0.093, 1022.1
23:20:17, 17.8, 0.097, 1022.5
23:20:18, 17.8, 0.087, 1021.5
23:20:19, 17.8, 0.093, 1022.1
23:20:20, 17.8, 0.094, 1022.2
23:20:21, 17.8, 0.095, 1022.3
23:20:22, 17.8, 0.092, 1022.0
23:20:23, 17.8, 0.090, 1021.8
23:20:24, 17.9, 0.093, 1022.1
23:20:26, 17.8, 0.094, 1022.2
23:20:27, 17.8, 0.092, 1022.0
23:20:28, 17.8, 0.093, 1022.1
23:20:29, 17.8, 0.090, 1021.8
23:20:30, 17.8, 0.091, 1021.9
23:20:31, 17.8, 0.096, 1022.4
23:20:32, 17.8, 0.093, 1022.1
23:20:33, 17.8, 0.091, 1021.9
23:20:34, 17.8, 0.092, 1022.0
23:20:35, 17.8, 0.098, 1022.6
23:20:36, 17.8, 0.092, 1022.0
23:20:38, 17.8, 0.094, 1022.2
23:20:39, 17.9, 0.091, 1021.9
23:20:40, 17.9, 0.093, 1022.1
23:20:41, 17.9, 0.095, 1022.3
23:20:42, 17.9, 0.090, 1021.8
23:20:43, 17.9, 0.089, 1021.7
23:20:44, 17.9, 0.094, 1022.2
23:20:45, 17.9, 0.093, 1022.1
23:20:46, 17.9, 0.095, 1022.3
23:20:47, 17.9, 0.092, 1022.0
23:20:48, 17.9, 0.092, 1022.0
23:20:50, 17.9, 0.089, 1021.7
23:20:51, 17.9, 0.093, 1022.1
23:20:52, 17.9, 0.090, 1021.8
23:20:53, 17.9, 0.091, 1021.9
23:20:54, 18.0, 0.090, 1021.8
23:20:55, 18.0, 0.092, 1022.0
23:20:56, 18.0, 0.092, 1022.0
23:20:57, 18.0, 0.092, 1022.0
23:20:58, 18.0, 0.089, 1021.7
23:20:59, 18.0, 0.094, 1022.2
23:21:00, 18.0, 0.093, 1022.1
23:21:02, 18.0, 0.093, 1022.1
23:21:03, 18.0, 0.094, 1022.2
23:21:04, 18.0, 0.094, 1022.2
23:21:05, 18.0, 0.092, 1022.0
23:21:06, 18.0, 0.098, 1022.6
23:21:07, 18.0, 0.094, 1022.2
23:21:08, 18.0, 0.091, 1021.9
23:21:09, 18.0, 0.093, 1022.1
23:21:10, 18.0, 0.092, 1022.0
23:21:11, 18.0, 0.094, 1022.2
23:21:12, 18.0, 0.097, 1022.5
23:21:14, 18.0, 0.091, 1021.9
23:21:15, 18.0, 0.091, 1021.9
23:21:16, 18.0, 0.092, 1022.0
23:21:17, 18.0, 0.088, 1021.6
23:21:18, 18.0, 0.091, 1021.9
23:21:19, 18.0, 0.090, 1021.8
23:21:20, 18.0, 0.090, 1021.8
23:21:21, 18.0, 0.090, 1021.8
23:21:22, 18.0, 0.091, 1021.9
23:21:23, 18.0, 0.096, 1022.4
23:21:24, 18.0, 0.095, 1022.3
23:21:26, 18.0, 0.091, 1021.9
23:21:27, 18.0, 0.091, 1021.9
23:21:28, 18.0, 0.092, 1022.0
23:21:29, 18.0, 0.092, 1022.0
23:21:30, 18.0, 0.093, 1022.1
23:21:31, 18.0, 0.093, 1022.1
23:21:32, 18.0, 0.093, 1022.1
23:21:33, 18.0, 0.093, 1022.1
23:21:34, 17.9, 0.093, 1022.1
23:21:35, 17.9, 0.089, 1021.7
23:21:36, 17.9, 0.091, 1021.9
23:21:38, 17.9, 0.096, 1022.4
23:21:39, 17.9, 0.092, 1022.0
23:21:40, 17.9, 0.093, 1022.1
23:21:41, 17.9, 0.090, 1021.8
23:21:42, 17.9, 0.096, 1022.4
23:21:43, 17.9, 0.094, 1022.2
23:21:44, 17.9, 0.093, 1022.1
23:21:45, 17.9, 0.094, 1022.2
23:21:46, 17.9, 0.089, 1021.7
23:21:47, 17.9, 0.097, 1022.5
23:21:48, 17.9, 0.091, 1021.9
23:21:50, 17.9, 0.093, 1022.1
23:21:51, 17.9, 0.093, 1022.1
23:21:52, 17.9, 0.094, 1022.2
23:21:53, 17.9, 0.090, 1021.8
23:21:54, 17.9, 0.094, 1022.2
23:21:55, 17.9, 0.094, 1022.2
23:21:56, 17.9, 0.090, 1021.8
23:21:57, 17.9, 0.095, 1022.3
23:21:58, 17.9, 0.094, 1022.2
23:21:59, 17.9, 0.086, 1021.4
23:22:00, 17.9, 0.091, 1021.9
23:22:02, 17.9, 0.091, 1021.9
23:22:03, 17.9, 0.095, 1022.3
23:22:04, 17.9, 0.095, 1022.3
23:22:05, 17.9, 0.093, 1022.1
23:22:06, 17.9, 0.093, 1022.1
23:22:07, 17.9, 0.095, 1022.3
23:22:08, 17.9, 0.093, 1022.1
23:22:09, 17.9, 0.090, 1021.8
23:22:10, 17.9, 0.097, 1022.5
23:22:11, 17.9, 0.089, 1021.7
23:22:12, 17.9, 0.093, 1022.1
23:22:14, 17.9, 0.095, 1022.3
23:22:15, 17.9, 0.097, 1022.5
23:22:16, 17.9, 0.092, 1022.0
23:22:17, 18.0, 0.093, 1022.1
23:22:18, 18.0, 0.092, 1022.0
23:22:19, 18.0, 0.093, 1022.1
23:22:20, 18.0, 0.094, 1022.2
23:22:21, 18.0, 0.092, 1022.0
23:22:22, 18.0, 0.095, 1022.3
23:22:23, 18.0, 0.090, 1021.8
23:22:24, 18.0, 0.093, 1022.1
23:22:26, 18.0, 0.094, 1022.2
23:22:27, 18.0, 0.094, 1022.2
23:22:28, 18.0, 0.092, 1022.0
23:22:29, 18.0, 0.093, 1022.1
23:22:30, 18.0, 0.089, 1021.7
23:22:31, 18.0, 0.094, 1022.2
23:22:32, 18.0, 0.090, 1021.8
23:22:33, 18.0, 0.096, 1022.4
23:22:34, 18.0, 0.092, 1022.0
23:22:35, 18.0, 0.092, 1022.0
23:22:36, 18.0, 0.092, 1022.0
23:22:38, 18.0, 0.091, 1021.9
23:22:39, 18.0, 0.087, 1021.5
23:22:40, 18.0, 0.095, 1022.3
23:22:41, 18.0, 0.092, 1022.0
23:22:42, 18.0, 0.093, 1022.1
23:22:43, 18.0, 0.092, 1022.0
23:22:44, 18.0, 0.091, 1021.9
23:22:45, 18.0, 0.090, 1021.8
23:22:46, 17.9, 0.096, 1022.4
23:22:47, 17.9, 0.091, 1021.9
23:22:48, 17.9, 0.095, 1022.3
23:22:50, 17.9, 0.096, 1022.4
23:22:51, 17.9, 0.089, 1021.7
23:22:52, 17.8, 0.091, 1021.9
23:22:53, 17.8, 0.093, 1022.1
23:22:54, 17.8, 0.095, 1022.3
23:22:55, 17.8, 0.092, 1022.0
23:22:56, 17.8, 0.095, 1022.3
23:22:57, 17.9, 0.092, 1022.0
23:22:58, 17.9, 0.094, 1022.2
23:22:59, 17.9, 0.092, 1022.0
23:23:00, 17.9, 0.090, 1021.8
23:23:02, 17.9, 0.096, 1022.4
23:23:03, 17.9, 0.089, 1021.7
23:23:04, 17.9, 0.097, 1022.5
23:23:05, 17.9, 0.090, 1021.8
23:23:06, 17.9, 0.096, 1022.4
23:23:07, 17.9, 0.093, 1022.1
23:23:08, 17.9, 0.089, 1021.7
23:23:09, 17.9, 0.091, 1021.9
23:23:10, 17.9, 0.092, 1022.0
23:23:11, 17.9, 0.093, 1022.1
23:23:12, 17.9, 0.092, 1022.0
23:23:14, 18.0, 0.093, 1022.1
23:23:15, 18.0, 0.093, 1022.1
23:23:16, 18.0, 0.096, 1022.4
23:23:17, 18.0, 0.092, 1022.0
23:23:18, 18.0, 0.094, 1022.2
23:23:19, 18.0, 0.092, 1022.0
23:23:20, 18.0, 0.092, 1022.0
23:23:21, 18.0, 0.090, 1021.8
23:23:22, 18.0, 0.095, 1022.3
23:23:23, 18.0, 0.096, 1022.4
23:23:24, 17.9, 0.094, 1022.2
23:23:26, 17.9, 0.096, 1022.4
23:23:27, 17.9, 0.090, 1021.8
23:23:28, 17.9, 0.092, 1022.0
23:23:29, 17.9, 0.087, 1021.5
23:23:30, 17.9, 0.091, 1021.9
23:23:31, 17.9, 0.091, 1021.9
23:23:32, 17.9, 0.093, 1022.1
23:23:33, 17.9, 0.091, 1021.9
23:23:34, 17.9, 0.096, 1022.4
23:23:35, 17.9, 0.092, 1022.0
23:23:36, 17.9, 0.091, 1021.9
23:23:38, 17.9, 0.091, 1021.9
23:23:39, 17.9, 0.091, 1021.9
23:23:40, 17.9, 0.091, 1021.9
23:23:41, 17.9, 0.091, 1021.9
23:23:42, 17.9, 0.094, 1022.2
23:23:43, 18.0, 0.093, 1022.1
23:23:44, 17.9, 0.092, 1022.0
23:23:45, 17.9, 0.093, 1022.1
23:23:46, 17.9, 0.093, 1022.1
23:23:47, 17.9, 0.090, 1021.8
23:23:48, 17.9, 0.093, 1022.1
23:23:50, 17.9, 0.091, 1021.9
23:23:51, 17.9, 0.099, 1022.7
23:23:52, 17.9, 0.090, 1021.8
23:23:53, 17.9, 0.098, 1022.6
23:23:54, 17.9, 0.093, 1022.1
23:23:55, 17.9, 0.095, 1022.3
23:23:56, 17.9, 0.093, 1022.1
23:23:57, 18.0, 0.088, 1021.6
23:23:58, 18.0, 0.095, 1022.3
23:23:59, 18.0, 0.093, 1022.1
23:24:00, 18.0, 0.096, 1022.4
23:24:02, 18.0, 0.092, 1022.0
23:24:03, 18.0, 0.094, 1022.2
23:24:04, 18.0, 0.095, 1022.3
23:24:05, 18.1, 0.094, 1022.2
23:24:06, 18.1, 0.092, 1022.0
23:24:07, 18.1, 0.091, 1021.9
23:24:08, 18.1, 0.096, 1022.4
23:24:09, 18.1, 0.090, 1021.8
23:24:10, 18.1, 0.091, 1021.9
23:24:11, 18.1, 0.090, 1021.8
23:24:12, 18.2, 0.087, 1021.5
23:24:14, 18.2, 0.090, 1021.8
23:24:15, 18.2, 0.098, 1022.6
23:24:16, 18.2, 0.090, 1021.8
23:24:17, 18.2, 0.089, 1021.7
23:24:18, 18.2, 0.098, 1022.6
23:24:19, 18.2, 0.091, 1021.9
23:24:20, 18.2, 0.089, 1021.7
23:24:21, 18.2, 0.090, 1021.8
23:24:22, 18.2, 0.087, 1021.5
23:24:23, 18.3, 0.097, 1022.5
23:24:24, 18.3, 0.095, 1022.3
23:24:26, 18.3, 0.091, 1021.9
23:24:27, 18.3, 0.092, 1022.0
23:24:28, 18.3, 0.088, 1021.6
23:24:29, 18.3, 0.093, 1022.1
23:24:30, 18.3, 0.094, 1022.2
23:24:31, 18.3, 0.090, 1021.8
23:24:32, 18.3, 0.092, 1022.0
23:24:33, 18.3, 0.095, 1022.3
23:24:34, 18.3, 0.092, 1022.0
23:24:35, 18.3, 0.092, 1022.0
23:24:36, 18.3, 0.092, 1022.0
23:24:38, 18.3, 0.093, 1022.1
23:24:39, 18.3, 0.090, 1021.8
23:24:40, 18.3, 0.089, 1021.7
23:24:41, 18.3, 0.091, 1021.9
23:24:42, 18.3, 0.092, 1022.0
23:24:43, 18.2, 0.092, 1022.0
23:24:44, 18.2, 0.090, 1021.8
23:24:45, 18.2, 0.089, 1021.7
23:24:46, 18.2, 0.092, 1022.0
23:24:47, 18.2, 0.089, 1021.7
23:24:48, 18.2, 0.089, 1021.7
23:24:50, 18.2, 0.092, 1022.0
23:24:51, 18.2, 0.093, 1022.1
23:24:52, 18.2, 0.090, 1021.8
23:24:53, 18.2, 0.091, 1021.9
23:24:54, 18.1, 0.089, 1021.7
23:24:55, 18.1, 0.088, 1021.6
23:24:56, 18.1, 0.093, 1022.1
23:24:57, 18.1, 0.091, 1021.9
23:24:58, 18.1, 0.087, 1021.5
23:24:59, 18.1, 0.090, 1021.8
23:25:00, 18.1, 0.089, 1021.7
23:25:02, 18.1, 0.092, 1022.0
23:25:03, 18.1, 0.092, 1022.0
23:25:04, 18.1, 0.091, 1021.9
23:25:05, 18.1, 0.094, 1022.2
23:25:06, 18.1, 0.093, 1022.1
23:25:07, 18.1, 0.096, 1022.4
23:25:08, 18.1, 0.092, 1022.0
23:25:09, 18.1, 0.089, 1021.7
23:25:10, 18.1, 0.092, 1022.0
23:25:11, 18.1, 0.094, 1022.2
23:25:12, 18.2, 0.091, 1021.9
23:25:14, 18.2, 0.093, 1022.1
23:25:15, 18.2, 0.090, 1021.8
23:25:16, 18.2, 0.089, 1021.7
23:25:17, 18.2, 0.093, 1022.1
23:25:18, 18.2, 0.093, 1022.1
23:25:19, 18.2, 0.094, 1022.2
23:25:20, 18.2, 0.088, 1021.6
23:25:21, 18.2, 0.094, 1022.2
23:25:22, 18.2, 0.092, 1022.0
23:25:23, 18.2, 0.089, 1021.7
23:25:24, 18.2, 0.090, 1021.8
23:25:26, 18.2, 0.093, 1022.1
23:25:27, 18.1, 0.092, 1022.0
23:25:28, 18.1, 0.085, 1021.3
23:25:29, 18.1, 0.087, 1021.5
23:25:30, 18.1, 0.086, 1021.4
23:25:31, 18.1, 0.091, 1021.9
23:25:32, 18.1, 0.091, 1021.9
23:25:33, 18.1, 0.094, 1022.2
23:25:34, 18.1, 0.092, 1022.0
23:25:35, 18.2, 0.092, 1022.0
23:25:36, 18.2, 0.088, 1021.6
23:25:38, 18.2, 0.089, 1021.7
23:25:39, 18.2, 0.090, 1021.8
23:25:40, 18.2, 0.085, 1021.3
23:25:41, 18.2, 0.090, 1021.8
23:25:42, 18.2, 0.093, 1022.1
23:25:43, 18.2, 0.089, 1021.7
23:25:44, 18.2, 0.088, 1021.6
23:25:45, 18.2, 0.093, 1022.1
23:25:46, 18.2, 0.093, 1022.1
23:25:47, 18.3, 0.091, 1021.9
23:25:48, 18.3, 0.088, 1021.6
23:25:50, 18.3, 0.090, 1021.8
23:25:51, 18.3, 0.086, 1021.4
23:25:52, 18.3, 0.089, 1021.7
23:25:53, 18.3, 0.091, 1021.9
23:25:54, 18.3, 0.089, 1021.7
23:25:55, 18.3, 0.095, 1022.3
23:25:56, 18.3, 0.090, 1021.8
23:25:57, 18.3, 0.091, 1021.9
23:25:58, 18.2, 0.087, 1021.5
23:25:59, 18.2, 0.090, 1021.8
23:26:00, 18.2, 0.090, 1021.8
23:26:02, 18.2, 0.092, 1022.0
23:26:03, 18.2, 0.091, 1021.9
23:26:04, 18.2, 0.093, 1022.1
23:26:05, 18.2, 0.092, 1022.0
23:26:06, 18.2, 0.091, 1021.9
23:26:07, 18.2, 0.090, 1021.8
23:26:08, 18.2, 0.091, 1021.9
23:26:09, 18.2, 0.092, 1022.0
23:26:10, 18.1, 0.093, 1022.1
23:26:11, 18.1, 0.097, 1022.5
23:26:12, 18.1, 0.088, 1021.6
23:26:14, 18.1, 0.091, 1021.9
23:26:15, 18.1, 0.090, 1021.8
23:26:16, 18.1, 0.093, 1022.1
23:26:17, 18.1, 0.090, 1021.8
23:26:18, 18.1, 0.089, 1021.7
23:26:19, 18.1, 0.092, 1022.0
23:26:20, 18.1, 0.092, 1022.0
23:26:21, 18.1, 0.088, 1021.6
23:26:22, 18.1, 0.092, 1022.0
23:26:23, 18.1, 0.091, 1021.9
23:26:24, 18.1, 0.085, 1021.3
23:26:26, 18.1, 0.090, 1021.8
23:26:27, 18.2, 0.091, 1021.9
23:26:28, 18.2, 0.089, 1021.7
23:26:29, 18.2, 0.090, 1021.8
23:26:30, 18.2, 0.095, 1022.3
23:26:31, 18.2, 0.093, 1022.1
23:26:32, 18.2, 0.088, 1021.6
23:26:33, 18.2, 0.091, 1021.9
23:26:34, 18.2, 0.093, 1022.1
23:26:35, 18.2, 0.093, 1022.1
23:26:36, 18.2, 0.095, 1022.3
23:26:38, 18.2, 0.092, 1022.0
23:26:39, 18.2, 0.091, 1021.9
23:26:40, 18.2, 0.092, 1022.0
23:26:41, 18.2, 0.091, 1021.9
23:26:42, 18.2, 0.088, 1021.6
23:26:43, 18.2, 0.091, 1021.9
23:26:44, 18.2, 0.089, 1021.7
23:26:45, 18.2, 0.086, 1021.4
23:26:46, 18.2, 0.091, 1021.9
23:26:47, 18.2, 0.088, 1021.6
23:26:48, 18.2, 0.097, 1022.5
23:26:50, 18.2, 0.088, 1021.6
23:26:51, 18.2, 0.088, 1021.6
23:26:52, 18.2, 0.088, 1021.6
23:26:53, 18.2, 0.090, 1021.8
23:26:54, 18.2, 0.090, 1021.8
23:26:55, 18.2, 0.088, 1021.6
23:26:56, 18.2, 0.085, 1021.3
23:26:57, 18.2, 0.089, 1021.7
23:26:58, 18.2, 0.090, 1021.8
23:26:59, 18.2, 0.091, 1021.9
23:27:00, 18.2, 0.089, 1021.7
23:27:02, 18.1, 0.089, 1021.7
23:27:03, 18.1, 0.086, 1021.4
23:27:04, 18.1, 0.091, 1021.9
23:27:05, 18.1, 0.089, 1021.7
23:27:06, 18.1, 0.090, 1021.8
23:27:07, 18.1, 0.092, 1022.0
23:27:08, 18.1, 0.086, 1021.4
23:27:09, 18.1, 0.091, 1021.9
23:27:10, 18.1, 0.087, 1021.5
23:27:11, 18.1, 0.091, 1021.9
23:27:12, 18.1, 0.089, 1021.7
23:27:14, 18.1, 0.094, 1022.2
23:27:15, 18.0, 0.090, 1021.8
23:27:16, 18.0, 0.090, 1021.8
23:27:17, 18.0, 0.090, 1021.8
23:27:18, 18.0, 0.089, 1021.7
23:27:19, 18.0, 0.091, 1021.9
23:27:20, 18.0, 0.091, 1021.9
23:27:21, 18.0, 0.087, 1021.5
23:27:22, 18.1, 0.089, 1021.7
23:27:23, 18.1, 0.088, 1021.6
23:27:24, 18.1, 0.087, 1021.5
23:27:26, 18.1, 0.089, 1021.7
23:27:27, 18.1, 0.086, 1021.4
23:27:28, 18.1, 0.089, 1021.7
23:27:29, 18.0, 0.087, 1021.5
23:27:30, 18.0, 0.091, 1021.9
23:27:31, 18.1, 0.090, 1021.8
23:27:32, 18.1, 0.088, 1021.6
23:27:33, 18.1, 0.091, 1021.9
23:27:34, 18.1, 0.088, 1021.6
23:27:35, 18.1, 0.090, 1021.8
23:27:36, 18.1, 0.093, 1022.1
23:27:38, 18.1, 0.085, 1021.3
23:27:39, 18.1, 0.087, 1021.5
23:27:40, 18.1, 0.091, 1021.9
23:27:41, 18.1, 0.091, 1021.9
23:27:42, 18.1, 0.089, 1021.7
23:27:43, 18.1, 0.095, 1022.3
23:27:44, 18.1, 0.091, 1021.9
23:27:45, 18.1, 0.088, 1021.6
23:27:46, 18.1, 0.087, 1021.5
23:27:47, 18.1, 0.093, 1022.1
23:27:48, 18.1, 0.089, 1021.7
23:27:50, 18.1, 0.087, 1021.5
23:27:51, 18.1, 0.090, 1021.8
23:27:52, 18.1, 0.084, 1021.2
23:27:53, 18.1, 0.086, 1021.4
23:27:54, 18.2, 0.091, 1021.9
23:27:55, 18.2, 0.091, 1021.9
23:27:56, 18.2, 0.089, 1021.7
23:27:57, 18.2, 0.092, 1022.0
23:27:58, 18.2, 0.087, 1021.5
23:27:59, 18.1, 0.092, 1022.0
23:28:00, 18.1, 0.090, 1021.8
23:28:02, 18.1, 0.088, 1021.6
23:28:03, 18.1, 0.091, 1021.9
23:28:04, 18.1, 0.092, 1022.0
23:28:05, 18.2, 0.090, 1021.8
23:28:06, 18.2, 0.088, 1021.6
23:28:07, 18.2, 0.091, 1021.9
23:28:08, 18.2, 0.091, 1021.9
23:28:09, 18.2, 0.086, 1021.4
23:28:10, 18.2, 0.087, 1021.5
23:28:11, 18.2, 0.089, 1021.7
23:28:12, 18.3, 0.089, 1021.7
23:28:14, 18.3, 0.089, 1021.7
23:28:15, 18.3, 0.090, 1021.8
23:28:16, 18.3, 0.091, 1021.9
23:28:17, 18.3, 0.091, 1021.9
23:28:18, 18.3, 0.091, 1021.9
23:28:19, 18.3, 0.088, 1021.6
23:28:20, 18.3, 0.092, 1022.0
23:28:21, 18.3, 0.090, 1021.8
23:28:22, 18.3, 0.086, 1021.4
23:28:23, 18.3, 0.088, 1021.6
23:28:24, 18.3, 0.095, 1022.3
23:28:26, 18.3, 0.087, 1021.5
23:28:27, 18.3, 0.090, 1021.8
23:28:28, 18.3, 0.089, 1021.7
23:28:29, 18.3, 0.092, 1022.0
23:28:30, 18.3, 0.090, 1021.8
23:28:31, 18.3, 0.088, 1021.6
23:28:32, 18.2, 0.091, 1021.9
23:28:33, 18.2, 0.091, 1021.9
23:28:34, 18.2, 0.090, 1021.8
23:28:35, 18.2, 0.092, 1022.0
23:28:36, 18.2, 0.089, 1021.7
23:28:38, 18.2, 0.090, 1021.8
23:28:39, 18.1, 0.089, 1021.7
23:28:40, 18.1, 0.091, 1021.9
23:28:41, 18.1, 0.087, 1021.5
23:28:42, 18.1, 0.091, 1021.9
23:28:43, 18.1, 0.088, 1021.6
23:28:44, 18.1, 0.085, 1021.3
23:28:45, 18.1, 0.091, 1021.9
23:28:46, 18.1, 0.086, 1021.4
23:28:47, 18.1, 0.089, 1021.7
23:28:48, 18.1, 0.091, 1021.9
23:28:50, 18.1, 0.088, 1021.6
23:28:51, 18.1, 0.089, 1021.7
23:28:52, 18.1, 0.088, 1021.6
23:28:53, 18.1, 0.090, 1021.8
23:28:54, 18.1, 0.092, 1022.0
23:28:55, 18.1, 0.088, 1021.6
23:28:56, 18.1, 0.087, 1021.5
23:28:57, 18.1, 0.086, 1021.4
23:28:58, 18.2, 0.093, 1022.1
23:28:59, 18.2, 0.090, 1021.8
23:29:00, 18.2, 0.084, 1021.2
23:29:02, 18.2, 0.087, 1021.5
23:29:03, 18.2, 0.090, 1021.8
23:29:04, 18.2, 0.091, 1021.9
23:29:05, 18.2, 0.090, 1021.8
23:29:06, 18.2, 0.090, 1021.8
23:29:07, 18.1, 0.088, 1021.6
23:29:08, 18.1, 0.093, 1022.1
23:29:09, 18.1, 0.089, 1021.7
23:29:10, 18.1, 0.087, 1021.5
23:29:11, 18.1, 0.088, 1021.6
23:29:12, 18.1, 0.091, 1021.9
23:29:14, 18.1, 0.090, 1021.8
23:29:15, 18.1, 0.088, 1021.6
23:29:16, 18.1, 0.088, 1021.6
23:29:17, 18.1, 0.089, 1021.7
23:29:18, 18.0, 0.089, 1021.7
23:29:19, 18.0, 0.093, 1022.1
23:29:20, 18.0, 0.086, 1021.4
23:29:21, 18.0, 0.087, 1021.5
23:29:22, 18.0, 0.089, 1021.7
23:29:23, 17.9, 0.084, 1021.2
23:29:24, 17.9, 0.088, 1021.6
23:29:26, 17.9, 0.085, 1021.3
23:29:27, 17.9, 0.087, 1021.5
23:29:28, 17.9, 0.089, 1021.7
23:29:29, 17.8, 0.089, 1021.7
23:29:30, 17.8, 0.088, 1021.6
23:29:31, 17.8, 0.089, 1021.7
23:29:32, 17.8, 0.090, 1021.8
23:29:33, 17.7, 0.087, 1021.5
23:29:34, 17.7, 0.089, 1021.7
23:29:35, 17.7, 0.088, 1021.6
23:29:36, 17.6, 0.086, 1021.4
23:29:38, 17.6, 0.090, 1021.8
23:29:39, 17.6, 0.090, 1021.8
23:29:40, 17.6, 0.091, 1021.9
23:29:41, 17.6, 0.087, 1021.5
23:29:42, 17.5, 0.091, 1021.9
23:29:43, 17.5, 0.091, 1021.9
23:29:44, 17.5, 0.088, 1021.6
23:29:45, 17.5, 0.089, 1021.7
23:29:46, 17.5, 0.089, 1021.7
23:29:47, 17.5, 0.089, 1021.7
23:29:49, 17.5, 0.088, 1021.6
23:29:50, 17.5, 0.086, 1021.4
23:29:51, 17.5, 0.092, 1022.0
23:29:52, 17.5, 0.090, 1021.8
23:29:53, 17.5, 0.091, 1021.9
23:29:54, 17.4, 0.090, 1021.8
23:29:55, 17.4, 0.089, 1021.7
23:29:56, 17.4, 0.091, 1021.9
23:29:57, 17.4, 0.090, 1021.8
23:29:58, 17.4, 0.092, 1022.0
23:29:59, 17.4, 0.085, 1021.3
23:30:01, 17.4, 0.088, 1021.6
23:30:02, 17.4, 0.088, 1021.6
23:30:03, 17.4, 0.087, 1021.5
23:30:04, 17.4, 0.089, 1021.7
23:30:05, 17.4, 0.087, 1021.5
23:30:06, 17.4, 0.085, 1021.3
23:30:07, 17.4, 0.086, 1021.4
23:30:08, 17.4, 0.086, 1021.4
23:30:09, 17.4, 0.089, 1021.7
23:30:10, 17.4, 0.090, 1021.8
23:30:12, 17.4, 0.088, 1021.6
23:30:13, 17.4, 0.086, 1021.4
23:30:14, 17.4, 0.092, 1022.0
23:30:15, 17.4, 0.088, 1021.6
23:30:16, 17.5, 0.090, 1021.8
23:30:17, 17.5, 0.086, 1021.4
23:30:18, 17.4, 0.086, 1021.4
23:30:19, 17.4, 0.087, 1021.5
23:30:20, 17.4, 0.089, 1021.7
23:30:21, 17.4, 0.086, 1021.4
23:30:22, 17.4, 0.090, 1021.8
23:30:24, 17.4, 0.089, 1021.7
23:30:25, 17.4, 0.087, 1021.5
23:30:26, 17.4, 0.089, 1021.7
23:30:27, 17.3, 0.085, 1021.3
23:30:28, 17.3, 0.086, 1021.4
23:30:29, 17.3, 0.089, 1021.7
23:30:30, 17.3, 0.092, 1022.0
23:30:31, 17.3, 0.089, 1021.7
23:30:32, 17.3, 0.090, 1021.8
23:30:33, 17.3, 0.090, 1021.8
23:30:34, 17.3, 0.092, 1022.0
23:30:36, 17.3, 0.087, 1021.5
23:30:37, 17.3, 0.086, 1021.4
23:30:38, 17.3, 0.093, 1022.1
23:30:39, 17.3, 0.086, 1021.4
23:30:40, 17.3, 0.087, 1021.5
23:30:41, 17.3, 0.086, 1021.4
23:30:42, 17.4, 0.089, 1021.7
23:30:43, 17.3, 0.088, 1021.6
23:30:44, 17.3, 0.092, 1022.0
23:30:45, 17.3, 0.089, 1021.7
23:30:47, 17.3, 0.085, 1021.3
23:30:48, 17.3, 0.086, 1021.4
23:30:49, 17.3, 0.084, 1021.2
23:30:50, 17.4, 0.089, 1021.7
23:30:51, 17.4, 0.087, 1021.5
23:30:52, 17.4, 0.087, 1021.5
23:30:53, 17.4, 0.087, 1021.5
23:30:54, 17.4, 0.093, 1022.1
23:30:55, 17.4, 0.085, 1021.3
23:30:56, 17.4, 0.091, 1021.9
23:30:57, 17.4, 0.088, 1021.6
23:30:59, 17.4, 0.086, 1021.4
23:31:00, 17.4, 0.088, 1021.6
23:31:01, 17.5, 0.089, 1021.7
23:31:02, 17.5, 0.089, 1021.7
23:31:03, 17.5, 0.089, 1021.7
23:31:04, 17.5, 0.086, 1021.4
23:31:05, 17.5, 0.088, 1021.6
23:31:06, 17.6, 0.087, 1021.5
23:31:07, 17.6, 0.090, 1021.8
23:31:08, 17.6, 0.087, 1021.5
23:31:09, 17.6, 0.086, 1021.4
23:31:11, 17.6, 0.090, 1021.8
23:31:12, 17.6, 0.090, 1021.8
23:31:13, 17.6, 0.087, 1021.5
23:31:14, 17.6, 0.090, 1021.8
23:31:15, 17.6, 0.088, 1021.6
23:31:16, 17.6, 0.089, 1021.7
23:31:17, 17.6, 0.087, 1021.5
23:31:18, 17.7, 0.087, 1021.5
23:31:19, 17.7, 0.085, 1021.3
23:31:20, 17.7, 0.088, 1021.6
23:31:22, 17.7, 0.085, 1021.3
23:31:23, 17.7, 0.089, 1021.7
23:31:24, 17.7, 0.090, 1021.8
23:31:25, 17.8, 0.085, 1021.3
23:31:26, 17.8, 0.090, 1021.8
23:31:27, 17.8, 0.086, 1021.4
23:31:28, 17.8, 0.089, 1021.7
23:31:29, 17.8, 0.089, 1021.7
23:31:30, 17.8, 0.089, 1021.7
23:31:31, 17.8, 0.087, 1021.5
23:31:32, 17.8, 0.086, 1021.4
23:31:34, 17.8, 0.086, 1021.4
23:31:35, 17.8, 0.083, 1021.1
23:31:36, 17.8, 0.087, 1021.5
23:31:37, 17.8, 0.088, 1021.6
23:31:38, 17.8, 0.089, 1021.7
23:31:39, 17.8, 0.089, 1021.7
23:31:40, 17.8, 0.087, 1021.5
23:31:41, 17.8, 0.088, 1021.6
23:31:42, 17.8, 0.091, 1021.9
23:31:43, 17.8, 0.087, 1021.5
23:31:45, 17.9, 0.087, 1021.5
23:31:46, 17.9, 0.092, 1022.0
23:31:47, 17.9, 0.089, 1021.7
23:31:48, 17.9, 0.085, 1021.3
23:31:49, 17.9, 0.089, 1021.7
23:31:50, 17.9, 0.086, 1021.4
23:31:51, 17.9, 0.091, 1021.9
23:31:52, 17.9, 0.087, 1021.5
23:31:53, 17.9, 0.092, 1022.0
23:31:54, 17.9, 0.084, 1021.2
23:31:55, 17.9, 0.086, 1021.4
23:31:57, 17.9, 0.086, 1021.4
23:31:58, 17.9, 0.086, 1021.4
23:31:59, 17.9, 0.084, 1021.2
23:32:00, 17.9, 0.089, 1021.7
23:32:01, 17.9, 0.087, 1021.5
23:32:02, 17.9, 0.083, 1021.1
23:32:03, 17.8, 0.086, 1021.4
23:32:04, 17.8, 0.094, 1022.2
23:32:05, 17.9, 0.090, 1021.8
23:32:06, 17.9, 0.088, 1021.6
23:32:07, 17.9, 0.091, 1021.9
23:32:09, 17.9, 0.088, 1021.6
23:32:10, 17.9, 0.088, 1021.6
23:32:11, 17.9, 0.088, 1021.6
23:32:12, 17.9, 0.086, 1021.4
23:32:13, 17.8, 0.086, 1021.4
23:32:14, 17.8, 0.088, 1021.6
23:32:15, 17.8, 0.082, 1021.0
23:32:16, 17.8, 0.086, 1021.4
23:32:17, 17.8, 0.085, 1021.3
23:32:18, 17.8, 0.088, 1021.6
23:32:20, 17.8, 0.087, 1021.5
23:32:21, 17.8, 0.090, 1021.8
23:32:22, 17.8, 0.090, 1021.8
23:32:23, 17.8, 0.083, 1021.1
23:32:24, 17.8, 0.089, 1021.7
23:32:25, 17.8, 0.085, 1021.3
23:32:26, 17.8, 0.085, 1021.3
23:32:27, 17.7, 0.087, 1021.5
23:32:28, 17.7, 0.086, 1021.4
23:32:29, 17.7, 0.086, 1021.4
23:32:30, 17.7, 0.082, 1021.0
23:32:32, 17.7, 0.085, 1021.3
23:32:33, 17.7, 0.086, 1021.4
23:32:34, 17.8, 0.087, 1021.5
23:32:35, 17.8, 0.087, 1021.5
23:32:36, 17.8, 0.093, 1022.1
23:32:37, 17.8, 0.084, 1021.2
23:32:38, 17.8, 0.089, 1021.7
23:32:39, 17.8, 0.090, 1021.8
23:32:40, 17.8, 0.090, 1021.8
23:32:41, 17.8, 0.090, 1021.8
23:32:42, 17.8, 0.089, 1021.7
23:32:44, 17.8, 0.089, 1021.7
23:32:45, 17.8, 0.093, 1022.1
23:32:46, 17.8, 0.090, 1021.8
23:32:47, 17.8, 0.091, 1021.9
23:32:48, 17.8, 0.088, 1021.6
23:32:49, 17.8, 0.093, 1022.1
23:32:50, 17.8, 0.087, 1021.5
23:32:51, 17.8, 0.089, 1021.7
23:32:52, 17.8, 0.089, 1021.7
23:32:53, 17.8, 0.087, 1021.5
23:32:55, 17.8, 0.087, 1021.5
23:32:56, 17.8, 0.087, 1021.5
23:32:57, 17.8, 0.087, 1021.5
23:32:58, 17.8, 0.089, 1021.7
23:32:59, 17.9, 0.089, 1021.7
23:33:00, 17.9, 0.085, 1021.3
23:33:01, 17.9, 0.084, 1021.2
23:33:02, 17.8, 0.085, 1021.3
23:33:03, 17.8, 0.094, 1022.2
23:33:04, 17.8, 0.089, 1021.7
23:33:05, 17.8, 0.089, 1021.7
23:33:07, 17.8, 0.087, 1021.5
23:33:08, 17.8, 0.091, 1021.9
23:33:09, 17.8, 0.094, 1022.2
23:33:10, 17.8, 0.086, 1021.4
23:33:11, 17.9, 0.087, 1021.5
23:33:12, 17.9, 0.089, 1021.7
23:33:13, 17.9, 0.088, 1021.6
23:33:14, 17.9, 0.090, 1021.8
23:33:15, 17.8, 0.088, 1021.6
23:33:16, 17.8, 0.084, 1021.2
23:33:17, 17.8, 0.089, 1021.7
23:33:19, 17.8, 0.089, 1021.7
23:33:20, 17.8, 0.091, 1021.9
23:33:21, 17.8, 0.086, 1021.4
23:33:22, 17.8, 0.087, 1021.5
23:33:23, 17.8, 0.088, 1021.6
23:33:24, 17.8, 0.088, 1021.6
23:33:25, 17.8, 0.089, 1021.7
23:33:26, 17.8, 0.087, 1021.5
23:33:27, 17.8, 0.087, 1021.5
23:33:28, 17.8, 0.086, 1021.4
23:33:30, 17.8, 0.088, 1021.6
23:33:31, 17.8, 0.086, 1021.4
23:33:32, 17.8, 0.090, 1021.8
23:33:33, 17.8, 0.089, 1021.7
23:33:34, 17.8, 0.090, 1021.8
23:33:35, 17.8, 0.088, 1021.6
23:33:36, 17.8, 0.088, 1021.6
23:33:37, 17.8, 0.088, 1021.6
23:33:38, 17.9, 0.085, 1021.3
23:33:39, 17.9, 0.089, 1021.7
23:33:40, 17.9, 0.088, 1021.6
23:33:42, 17.9, 0.088, 1021.6
23:33:43, 17.9, 0.088, 1021.6
23:33:44, 17.9, 0.086, 1021.4
23:33:45, 18.0, 0.088, 1021.6
23:33:46, 18.0, 0.083, 1021.1
23:33:47, 18.0, 0.088, 1021.6
23:33:48, 18.0, 0.086, 1021.4
23:33:49, 18.0, 0.089, 1021.7
23:33:50, 18.0, 0.085, 1021.3
23:33:51, 18.0, 0.085, 1021.3
23:33:53, 18.1, 0.088, 1021.6
23:33:54, 18.1, 0.084, 1021.2
23:33:55, 18.1, 0.083, 1021.1
23:33:56, 18.1, 0.089, 1021.7
23:33:57, 18.1, 0.083, 1021.1
23:33:58, 18.1, 0.090, 1021.8
23:33:59, 18.2, 0.080, 1020.8
23:34:00, 18.2, 0.089, 1021.7
23:34:01, 18.2, 0.089, 1021.7
23:34:02, 18.2, 0.086, 1021.4
23:34:03, 18.2, 0.087, 1021.5
23:34:05, 18.2, 0.091, 1021.9
23:34:06, 18.2, 0.087, 1021.5
23:34:07, 18.3, 0.086, 1021.4
23:34:08, 18.3, 0.090, 1021.8
23:34:09, 18.3, 0.085, 1021.3
23:34:10, 18.3, 0.085, 1021.3
23:34:11, 18.3, 0.087, 1021.5
23:34:12, 18.3, 0.087, 1021.5
23:34:13, 18.3, 0.088, 1021.6
23:34:14, 18.3, 0.082, 1021.0
23:34:16, 18.3, 0.088, 1021.6
23:34:17, 18.3, 0.084, 1021.2
23:34:18, 18.4, 0.090, 1021.8
23:34:19, 18.4, 0.085, 1021.3
23:34:20, 18.4, 0.086, 1021.4
23:34:21, 18.4, 0.087, 1021.5
23:34:22, 18.4, 0.089, 1021.7
23:34:23, 18.4, 0.089, 1021.7
23:34:24, 18.4, 0.089, 1021.7
23:34:25, 18.4, 0.084, 1021.2
23:34:26, 18.4, 0.088, 1021.6
23:34:28, 18.4, 0.089, 1021.7
23:34:29, 18.4, 0.087, 1021.5
23:34:30, 18.4, 0.088, 1021.6
23:34:31, 18.4, 0.083, 1021.1
23:34:32, 18.4, 0.086, 1021.4
23:34:33, 18.4, 0.089, 1021.7
23:34:34, 18.4, 0.085, 1021.3
23:34:35, 18.4, 0.088, 1021.6
23:34:36, 18.4, 0.085, 1021.3
23:34:37, 18.4, 0.086, 1021.4
23:34:38, 18.4, 0.090, 1021.8
23:34:40, 18.4, 0.087, 1021.5
23:34:41, 18.4, 0.087, 1021.5
23:34:42, 18.5, 0.087, 1021.5
23:34:43, 18.5, 0.087, 1021.5
23:34:44, 18.4, 0.087, 1021.5
23:34:45, 18.4, 0.088, 1021.6
23:34:46, 18.5, 0.085, 1021.3
23:34:47, 18.5, 0.087, 1021.5
23:34:48, 18.4, 0.086, 1021.4
23:34:49, 18.4, 0.089, 1021.7
23:34:51, 18.4, 0.087, 1021.5
23:34:52, 18.4, 0.086, 1021.4
23:34:53, 18.4, 0.085, 1021.3
23:34:54, 18.4, 0.085, 1021.3
23:34:55, 18.4, 0.087, 1021.5
23:34:56, 18.4, 0.088, 1021.6
23:34:57, 18.4, 0.087, 1021.5
23:34:58, 18.4, 0.090, 1021.8
23:34:59, 18.4, 0.088, 1021.6
23:35:00, 18.4, 0.086, 1021.4
23:35:01, 18.4, 0.091, 1021.9
23:35:03, 18.5, 0.091, 1021.9
23:35:04, 18.5, 0.085, 1021.3
23:35:05, 18.5, 0.089, 1021.7
23:35:06, 18.5, 0.087, 1021.5
23:35:07, 18.5, 0.086, 1021.4
23:35:08, 18.5, 0.087, 1021.5
23:35:09, 18.5, 0.091, 1021.9
23:35:10, 18.5, 0.089, 1021.7
23:35:11, 18.5, 0.087, 1021.5
23:35:12, 18.5, 0.084, 1021.2
23:35:13, 18.5, 0.088, 1021.6
23:35:15, 18.5, 0.085, 1021.3
23:35:16, 18.5, 0.090, 1021.8
23:35:17, 18.5, 0.092, 1022.0
23:35:18, 18.5, 0.089, 1021.7
23:35:19, 18.5, 0.086, 1021.4
23:35:20, 18.4, 0.086, 1021.4
23:35:21, 18.4, 0.086, 1021.4
23:35:22, 18.4, 0.086, 1021.4
23:35:23, 18.4, 0.092, 1022.0
23:35:24, 18.4, 0.085, 1021.3
23:35:26, 18.4, 0.088, 1021.6
23:35:27, 18.4, 0.087, 1021.5
23:35:28, 18.4, 0.083, 1021.1
23:35:29, 18.4, 0.091, 1021.9
23:35:30, 18.5, 0.086, 1021.4
23:35:31, 18.5, 0.086, 1021.4
23:35:32, 18.5, 0.087, 1021.5
23:35:33, 18.5, 0.085, 1021.3
23:35:34, 18.5, 0.087, 1021.5
23:35:35, 18.5, 0.088, 1021.6
23:35:36, 18.5, 0.088, 1021.6
23:35:38, 18.5, 0.085, 1021.3
23:35:39, 18.5, 0.087, 1021.5
23:35:40, 18.4, 0.088, 1021.6
23:35:41, 18.4, 0.084, 1021.2
23:35:42, 18.4, 0.084, 1021.2
23:35:43, 18.4, 0.084, 1021.2
23:35:44, 18.5, 0.087, 1021.5
23:35:45, 18.5, 0.084, 1021.2
23:35:46, 18.5, 0.090, 1021.8
23:35:47, 18.5, 0.086, 1021.4
23:35:49, 18.5, 0.088, 1021.6
23:35:50, 18.5, 0.084, 1021.2
23:35:51, 18.5, 0.089, 1021.7
23:35:52, 18.5, 0.086, 1021.4
23:35:53, 18.5, 0.090, 1021.8
23:35:54, 18.5, 0.088, 1021.6
23:35:55, 18.5, 0.087, 1021.5
23:35:56, 18.5, 0.085, 1021.3
23:35:57, 18.5, 0.086, 1021.4
23:35:58, 18.5, 0.086, 1021.4
23:35:59, 18.5, 0.087, 1021.5
23:36:01, 18.6, 0.087, 1021.5
23:36:02, 18.6, 0.089, 1021.7
23:36:03, 18.6, 0.086, 1021.4
23:36:04, 18.6, 0.085, 1021.3
23:36:05, 18.6, 0.090, 1021.8
23:36:06, 18.6, 0.084, 1021.2
23:36:07, 18.6, 0.085, 1021.3
23:36:08, 18.6, 0.087, 1021.5
23:36:09, 18.6, 0.085, 1021.3
23:36:10, 18.6, 0.087, 1021.5
23:36:11, 18.6, 0.087, 1021.5
23:36:13, 18.6, 0.086, 1021.4
23:36:14, 18.6, 0.088, 1021.6
23:36:15, 18.6, 0.087, 1021.5
23:36:16, 18.6, 0.083, 1021.1
23:36:17, 18.6, 0.087, 1021.5
23:36:18, 18.7, 0.085, 1021.3
23:36:19, 18.7, 0.085, 1021.3
23:36:20, 18.7, 0.085, 1021.3
23:36:21, 18.7, 0.091, 1021.9
23:36:22, 18.7, 0.085, 1021.3
23:36:24, 18.7, 0.085, 1021.3
23:36:25, 18.7, 0.083, 1021.1
23:36:26, 18.7, 0.085, 1021.3
23:36:27, 18.7, 0.088, 1021.6
23:36:28, 18.7, 0.085, 1021.3
23:36:29, 18.7, 0.086, 1021.4
23:36:30, 18.7, 0.087, 1021.5
23:36:31, 18.7, 0.084, 1021.2
23:36:32, 18.7, 0.081, 1020.9
23:36:33, 18.7, 0.088, 1021.6
23:36:34, 18.7, 0.084, 1021.2
23:36:36, 18.7, 0.085, 1021.3
23:36:37, 18.8, 0.085, 1021.3
23:36:38, 18.8, 0.087, 1021.5
23:36:39, 18.8, 0.081, 1020.9
23:36:40, 18.8, 0.089, 1021.7
23:36:41, 18.8, 0.085, 1021.3
23:36:42, 18.8, 0.089, 1021.7
23:36:43, 18.8, 0.082, 1021.0
23:36:44, 18.8, 0.086, 1021.4
23:36:45, 18.8, 0.086, 1021.4
23:36:46, 18.8, 0.086, 1021.4
23:36:48, 18.8, 0.085, 1021.3
23:36:49, 18.8, 0.084, 1021.2
23:36:50, 18.8, 0.090, 1021.8
23:36:51, 18.8, 0.084, 1021.2
23:36:52, 18.8, 0.085, 1021.3
23:36:53, 18.8, 0.088, 1021.6
23:36:54, 18.8, 0.088, 1021.6
23:36:55, 18.8, 0.090, 1021.8
23:36:56, 18.8, 0.085, 1021.3
23:36:57, 18.8, 0.082, 1021.0
23:36:59, 18.8, 0.085, 1021.3
23:37:00, 18.8, 0.088, 1021.6
23:37:01, 18.8, 0.085, 1021.3
23:37:02, 18.8, 0.089, 1021.7
23:37:03, 18.8, 0.084, 1021.2
23:37:04, 18.8, 0.087, 1021.5
23:37:05, 18.8, 0.082, 1021.0
23:37:06, 18.8, 0.083, 1021.1
23:37:07, 18.8, 0.083, 1021.1
23:37:08, 18.8, 0.084, 1021.2
23:37:09, 18.8, 0.086, 1021.4
23:37:11, 18.8, 0.085, 1021.3
23:37:12, 18.8, 0.085, 1021.3
23:37:13, 18.7, 0.084, 1021.2
23:37:14, 18.7, 0.083, 1021.1
23:37:15, 18.7, 0.086, 1021.4
23:37:16, 18.7, 0.084, 1021.2
23:37:17, 18.7, 0.088, 1021.6
23:37:18, 18.7, 0.084, 1021.2
23:37:19, 18.7, 0.084, 1021.2
23:37:20, 18.6, 0.084, 1021.2
23:37:22, 18.6, 0.082, 1021.0
23:37:23, 18.6, 0.086, 1021.4
23:37:24, 18.6, 0.083, 1021.1
23:37:25, 18.6, 0.086, 1021.4
23:37:26, 18.6, 0.085, 1021.3
23:37:27, 18.6, 0.081, 1020.9
23:37:28, 18.6, 0.088, 1021.6
23:37:29, 18.6, 0.087, 1021.5
23:37:30, 18.6, 0.083, 1021.1
23:37:31, 18.6, 0.085, 1021.3
23:37:32, 18.6, 0.087, 1021.5
23:37:34, 18.6, 0.082, 1021.0
23:37:35, 18.6, 0.090, 1021.8
23:37:36, 18.6, 0.088, 1021.6
23:37:37, 18.6, 0.088, 1021.6
23:37:38, 18.6, 0.084, 1021.2
23:37:39, 18.6, 0.086, 1021.4
23:37:40, 18.6, 0.084, 1021.2
23:37:41, 18.6, 0.088, 1021.6
23:37:42, 18.6, 0.086, 1021.4
23:37:43, 18.6, 0.087, 1021.5
23:37:44, 18.6, 0.085, 1021.3
23:37:46, 18.6, 0.087, 1021.5
23:37:47, 18.6, 0.084, 1021.2
23:37:48, 18.6, 0.084, 1021.2
23:37:49, 18.6, 0.089, 1021.7
23:37:50, 18.6, 0.085, 1021.3
23:37:51, 18.6, 0.087, 1021.5
23:37:52, 18.6, 0.083, 1021.1
23:37:53, 18.6, 0.085, 1021.3
23:37:54, 18.6, 0.087, 1021.5
23:37:55, 18.6, 0.087, 1021.5
23:37:57, 18.6, 0.088, 1021.6
23:37:58, 18.5, 0.084, 1021.2
23:37:59, 18.5, 0.083, 1021.1
23:38:00, 18.5, 0.087, 1021.5
23:38:01, 18.5, 0.088, 1021.6
23:38:02, 18.5, 0.087, 1021.5
23:38:03, 18.5, 0.085, 1021.3
23:38:04, 18.5, 0.085, 1021.3
23:38:05, 18.5, 0.086, 1021.4
23:38:06, 18.5, 0.085, 1021.3
23:38:07, 18.5, 0.088, 1021.6
23:38:09, 18.4, 0.084, 1021.2
23:38:10, 18.4, 0.088, 1021.6
23:38:11, 18.4, 0.090, 1021.8
23:38:12, 18.4, 0.085, 1021.3
23:38:13, 18.4, 0.088, 1021.6
23:38:14, 18.4, 0.088, 1021.6
23:38:15, 18.4, 0.088, 1021.6
23:38:16, 18.4, 0.085, 1021.3
23:38:17, 18.3, 0.085, 1021.3
23:38:18, 18.3, 0.087, 1021.5
23:38:20, 18.3, 0.088, 1021.6
23:38:21, 18.3, 0.086, 1021.4
23:38:22, 18.3, 0.084, 1021.2
23:38:23, 18.3, 0.088, 1021.6
23:38:24, 18.3, 0.086, 1021.4
23:38:25, 18.3, 0.088, 1021.6
23:38:26, 18.3, 0.085, 1021.3
23:38:27, 18.3, 0.084, 1021.2
23:38:28, 18.3, 0.088, 1021.6
23:38:29, 18.4, 0.086, 1021.4
23:38:30, 18.4, 0.087, 1021.5
23:38:32, 18.4, 0.085, 1021.3
23:38:33, 18.4, 0.087, 1021.5
23:38:34, 18.4, 0.089, 1021.7
23:38:35, 18.4, 0.087, 1021.5
23:38:36, 18.4, 0.086, 1021.4
23:38:37, 18.4, 0.086, 1021.4
23:38:38, 18.4, 0.082, 1021.0
23:38:39, 18.4, 0.084, 1021.2
23:38:40, 18.4, 0.082, 1021.0
23:38:41, 18.4, 0.089, 1021.7
23:38:42, 18.5, 0.082, 1021.0
23:38:44, 18.5, 0.084, 1021.2
23:38:45, 18.5, 0.081, 1020.9
23:38:46, 18.5, 0.083, 1021.1
23:38:47, 18.5, 0.087, 1021.5
23:38:48, 18.5, 0.088, 1021.6
23:38:49, 18.5, 0.085, 1021.3
23:38:50, 18.5, 0.089, 1021.7
23:38:51, 18.5, 0.084, 1021.2
23:38:52, 18.5, 0.088, 1021.6
23:38:53, 18.5, 0.089, 1021.7
23:38:54, 18.5, 0.089, 1021.7
23:38:56, 18.5, 0.086, 1021.4
23:38:57, 18.5, 0.084, 1021.2
23:38:58, 18.5, 0.085, 1021.3
23:38:59, 18.5, 0.084, 1021.2
23:39:00, 18.5, 0.085, 1021.3
23:39:01, 18.5, 0.084, 1021.2
23:39:02, 18.5, 0.083, 1021.1
23:39:03, 18.5, 0.084, 1021.2
23:39:04, 18.5, 0.082, 1021.0
23:39:05, 18.5, 0.086, 1021.4
23:39:06, 18.5, 0.085, 1021.3
23:39:08, 18.6, 0.086, 1021.4
23:39:09, 18.6, 0.085, 1021.3
23:39:10, 18.6, 0.087, 1021.5
23:39:11, 18.6, 0.084, 1021.2
23:39:12, 18.6, 0.085, 1021.3
23:39:13, 18.6, 0.086, 1021.4
23:39:14, 18.6, 0.087, 1021.5
23:39:15, 18.6, 0.086, 1021.4
23:39:16, 18.6, 0.086, 1021.4
23:39:17, 18.6, 0.084, 1021.2
23:39:18, 18.6, 0.086, 1021.4
23:39:20, 18.6, 0.088, 1021.6
23:39:21, 18.6, 0.090, 1021.8
23:39:22, 18.6, 0.085, 1021.3
23:39:23, 18.6, 0.086, 1021.4
23:39:24, 18.6, 0.082, 1021.0
23:39:25, 18.6, 0.090, 1021.8
23:39:26, 18.6, 0.085, 1021.3
23:39:27, 18.6, 0.088, 1021.6
23:39:28, 18.6, 0.088, 1021.6
23:39:29, 18.6, 0.086, 1021.4
23:39:30, 18.6, 0.089, 1021.7
23:39:32, 18.6, 0.084, 1021.2
23:39:33, 18.6, 0.086, 1021.4
23:39:34, 18.6, 0.084, 1021.2
23:39:35, 18.7, 0.087, 1021.5
23:39:36, 18.7, 0.085, 1021.3
23:39:37, 18.7, 0.083, 1021.1
23:39:38, 18.7, 0.085, 1021.3
23:39:39, 18.7, 0.083, 1021.1
23:39:40, 18.7, 0.087, 1021.5
23:39:41, 18.7, 0.088, 1021.6
23:39:42, 18.7, 0.087, 1021.5
23:39:44, 18.7, 0.090, 1021.8
23:39:45, 18.7, 0.087, 1021.5
23:39:46, 18.7, 0.085, 1021.3
23:39:47, 18.7, 0.090, 1021.8
23:39:48, 18.7, 0.089, 1021.7
23:39:49, 18.7, 0.081, 1020.9
23:39:50, 18.7, 0.088, 1021.6
23:39:51, 18.7, 0.083, 1021.1
23:39:52, 18.7, 0.090, 1021.8
23:39:53, 18.7, 0.087, 1021.5
23:39:54, 18.7, 0.089, 1021.7
23:39:56, 18.7, 0.088, 1021.6
23:39:57, 18.7, 0.085, 1021.3
23:39:58, 18.7, 0.088, 1021.6
23:39:59, 18.7, 0.085, 1021.3
23:40:00, 18.7, 0.088, 1021.6
23:40:01, 18.7, 0.085, 1021.3
23:40:02, 18.7, 0.083, 1021.1
23:40:03, 18.7, 0.081, 1020.9
23:40:04, 18.7, 0.089, 1021.7
23:40:05, 18.6, 0.085, 1021.3
23:40:06, 18.6, 0.085, 1021.3
23:40:08, 18.6, 0.087, 1021.5
23:40:09, 18.6, 0.090, 1021.8
23:40:10, 18.5, 0.087, 1021.5
23:40:11, 18.5, 0.086, 1021.4
23:40:12, 18.5, 0.083, 1021.1
23:40:13, 18.5, 0.086, 1021.4
23:40:14, 18.5, 0.087, 1021.5
23:40:15, 18.5, 0.086, 1021.4
23:40:16, 18.4, 0.082, 1021.0
23:40:17, 18.4, 0.087, 1021.5
23:40:18, 18.4, 0.084, 1021.2
23:40:20, 18.4, 0.086, 1021.4
23:40:21, 18.4, 0.087, 1021.5
23:40:22, 18.4, 0.083, 1021.1
23:40:23, 18.4, 0.086, 1021.4
23:40:24, 18.4, 0.086, 1021.4
23:40:25, 18.4, 0.090, 1021.8
23:40:26, 18.4, 0.088, 1021.6
23:40:27, 18.4, 0.083, 1021.1
23:40:28, 18.4, 0.085, 1021.3
23:40:29, 18.4, 0.084, 1021.2
23:40:30, 18.4, 0.081, 1020.9
23:40:32, 18.4, 0.084, 1021.2
23:40:33, 18.4, 0.084, 1021.2
23:40:34, 18.4, 0.084, 1021.2
23:40:35, 18.3, 0.089, 1021.7
23:40:36, 18.3, 0.088, 1021.6
23:40:37, 18.3, 0.087, 1021.5
23:40:38, 18.3, 0.088, 1021.6
23:40:39, 18.3, 0.084, 1021.2
23:40:40, 18.3, 0.082, 1021.0
23:40:41, 18.3, 0.084, 1021.2
23:40:42, 18.3, 0.085, 1021.3
23:40:44, 18.3, 0.085, 1021.3
23:40:45, 18.3, 0.087, 1021.5
23:40:46, 18.3, 0.089, 1021.7
23:40:47, 18.3, 0.083, 1021.1
23:40:48, 18.3, 0.088, 1021.6
23:40:49, 18.3, 0.085, 1021.3
23:40:50, 18.3, 0.088, 1021.6
23:40:51, 18.3, 0.085, 1021.3
23:40:52, 18.3, 0.087, 1021.5
23:40:53, 18.3, 0.086, 1021.4
23:40:54, 18.3, 0.082, 1021.0
23:40:56, 18.2, 0.088, 1021.6
23:40:57, 18.2, 0.086, 1021.4
23:40:58, 18.2, 0.089, 1021.7
23:40:59, 18.2, 0.083, 1021.1
23:41:00, 18.2, 0.089, 1021.7
23:41:01, 18.2, 0.086, 1021.4
23:41:02, 18.2, 0.089, 1021.7
23:41:03, 18.3, 0.085, 1021.3
23:41:04, 18.3, 0.087, 1021.5
23:41:05, 18.3, 0.085, 1021.3
23:41:06, 18.3, 0.086, 1021.4
23:41:08, 18.3, 0.087, 1021.5
23:41:09, 18.3, 0.086, 1021.4
23:41:10, 18.3, 0.084, 1021.2
23:41:11, 18.3, 0.085, 1021.3
23:41:12, 18.3, 0.086, 1021.4
23:41:13, 18.4, 0.084, 1021.2
23:41:14, 18.4, 0.084, 1021.2
23:41:15, 18.4, 0.086, 1021.4
23:41:16, 18.4, 0.089, 1021.7
23:41:17, 18.4, 0.086, 1021.4
23:41:18, 18.4, 0.086, 1021.4
23:41:20, 18.4, 0.085, 1021.3
23:41:21, 18.4, 0.083, 1021.1
23:41:22, 18.4, 0.087, 1021.5
23:41:23, 18.4, 0.086, 1021.4
23:41:24, 18.5, 0.087, 1021.5
23:41:25, 18.5, 0.091, 1021.9
23:41:26, 18.5, 0.085, 1021.3
23:41:27, 18.5, 0.083, 1021.1
23:41:28, 18.5, 0.083, 1021.1
23:41:29, 18.5, 0.086, 1021.4
23:41:30, 18.5, 0.087, 1021.5
23:41:32, 18.5, 0.089, 1021.7
23:41:33, 18.5, 0.081, 1020.9
23:41:34, 18.5, 0.083, 1021.1
23:41:35, 18.5, 0.088, 1021.6
23:41:36, 18.5, 0.089, 1021.7
23:41:37, 18.5, 0.083, 1021.1
23:41:38, 18.5, 0.086, 1021.4
23:41:39, 18.5, 0.085, 1021.3
23:41:40, 18.5, 0.085, 1021.3
23:41:41, 18.5, 0.092, 1022.0
23:41:42, 18.5, 0.081, 1020.9
23:41:44, 18.5, 0.080, 1020.8
23:41:45, 18.5, 0.085, 1021.3
23:41:46, 18.5, 0.084, 1021.2
23:41:47, 18.5, 0.086, 1021.4
23:41:48, 18.5, 0.083, 1021.1
23:41:49, 18.5, 0.086, 1021.4
23:41:50, 18.5, 0.084, 1021.2
23:41:51, 18.5, 0.085, 1021.3
23:41:52, 18.6, 0.087, 1021.5
23:41:53, 18.6, 0.089, 1021.7
23:41:54, 18.6, 0.085, 1021.3
23:41:56, 18.6, 0.085, 1021.3
23:41:57, 18.6, 0.085, 1021.3
23:41:58, 18.6, 0.090, 1021.8
23:41:59, 18.6, 0.087, 1021.5
23:42:00, 18.6, 0.088, 1021.6
23:42:01, 18.6, 0.085, 1021.3
23:42:02, 18.5, 0.086, 1021.4
23:42:03, 18.5, 0.082, 1021.0
23:42:04, 18.5, 0.084, 1021.2
23:42:05, 18.5, 0.086, 1021.4
23:42:06, 18.5, 0.084, 1021.2
23:42:08, 18.5, 0.082, 1021.0
23:42:09, 18.5, 0.082, 1021.0
23:42:10, 18.5, 0.083, 1021.1
23:42:11, 18.5, 0.083, 1021.1
23:42:12, 18.5, 0.085, 1021.3
23:42:13, 18.5, 0.084, 1021.2
23:42:14, 18.5, 0.088, 1021.6
23:42:15, 18.5, 0.085, 1021.3
23:42:16, 18.5, 0.084, 1021.2
23:42:17, 18.5, 0.085, 1021.3
23:42:18, 18.5, 0.085, 1021.3
23:42:20, 18.5, 0.089, 1021.7
23:42:21, 18.5, 0.086, 1021.4
23:42:22, 18.5, 0.089, 1021.7
23:42:23, 18.4, 0.085, 1021.3
23:42:24, 18.5, 0.085, 1021.3
23:42:25, 18.5, 0.082, 1021.0
23:42:26, 18.5, 0.086, 1021.4
23:42:27, 18.5, 0.085, 1021.3
23:42:28, 18.5, 0.081, 1020.9
23:42:29, 18.5, 0.087, 1021.5
23:42:30, 18.5, 0.085, 1021.3
23:42:32, 18.5, 0.082, 1021.0
23:42:33, 18.5, 0.084, 1021.2
23:42:34, 18.5, 0.084, 1021.2
23:42:35, 18.5, 0.083, 1021.1
23:42:36, 18.5, 0.085, 1021.3
23:42:37, 18.5, 0.086, 1021.4
23:42:38, 18.5, 0.083, 1021.1
23:42:39, 18.4, 0.087, 1021.5
23:42:40, 18.4, 0.083, 1021.1
23:42:41, 18.4, 0.084, 1021.2
23:42:42, 18.4, 0.090, 1021.8
23:42:44, 18.4, 0.085, 1021.3
23:42:45, 18.4, 0.082, 1021.0
23:42:46, 18.4, 0.084, 1021.2
23:42:47, 18.4, 0.085, 1021.3
23:42:48, 18.4, 0.084, 1021.2
23:42:49, 18.4, 0.085, 1021.3
23:42:50, 18.4, 0.080, 1020.8
23:42:51, 18.4, 0.085, 1021.3
23:42:52, 18.4, 0.082, 1021.0
23:42:53, 18.4, 0.085, 1021.3
23:42:54, 18.4, 0.085, 1021.3
23:42:56, 18.4, 0.085, 1021.3
23:42:57, 18.4, 0.086, 1021.4
23:42:58, 18.4, 0.083, 1021.1
23:42:59, 18.4, 0.088, 1021.6
23:43:00, 18.4, 0.088, 1021.6
23:43:01, 18.4, 0.085, 1021.3
23:43:02, 18.4, 0.086, 1021.4
23:43:03, 18.4, 0.082, 1021.0
23:43:04, 18.4, 0.084, 1021.2
23:43:05, 18.4, 0.083, 1021.1
23:43:06, 18.3, 0.088, 1021.6
23:43:08, 18.3, 0.084, 1021.2
23:43:09, 18.3, 0.084, 1021.2
23:43:10, 18.3, 0.088, 1021.6
23:43:11, 18.3, 0.088, 1021.6
23:43:12, 18.3, 0.091, 1021.9
23:43:13, 18.3, 0.086, 1021.4
23:43:14, 18.3, 0.081, 1020.9
23:43:15, 18.3, 0.085, 1021.3
23:43:16, 18.3, 0.085, 1021.3
23:43:17, 18.3, 0.088, 1021.6
23:43:18, 18.3, 0.085, 1021.3
23:43:20, 18.3, 0.082, 1021.0
23:43:21, 18.3, 0.081, 1020.9
23:43:22, 18.3, 0.087, 1021.5
23:43:23, 18.3, 0.091, 1021.9
23:43:24, 18.3, 0.082, 1021.0
23:43:25, 18.3, 0.087, 1021.5
23:43:26, 18.3, 0.083, 1021.1
23:43:27, 18.3, 0.080, 1020.8
23:43:28, 18.3, 0.087, 1021.5
23:43:29, 18.3, 0.086, 1021.4
23:43:30, 18.3, 0.089, 1021.7
23:43:32, 18.3, 0.084, 1021.2
23:43:33, 18.3, 0.087, 1021.5
23:43:34, 18.3, 0.086, 1021.4
23:43:35, 18.3, 0.088, 1021.6
23:43:36, 18.3, 0.086, 1021.4
23:43:37, 18.3, 0.087, 1021.5
23:43:38, 18.3, 0.088, 1021.6
23:43:39, 18.3, 0.083, 1021.1
23:43:40, 18.3, 0.083, 1021.1
23:43:41, 18.3, 0.085, 1021.3
23:43:42, 18.3, 0.083, 1021.1
23:43:44, 18.3, 0.086, 1021.4
23:43:45, 18.3, 0.089, 1021.7
23:43:46, 18.3, 0.088, 1021.6
23:43:47, 18.3, 0.085, 1021.3
23:43:48, 18.4, 0.087, 1021.5
23:43:49, 18.4, 0.083, 1021.1
23:43:50, 18.3, 0.085, 1021.3
23:43:51, 18.3, 0.087, 1021.5
23:43:52, 18.3, 0.091, 1021.9
23:43:53, 18.3, 0.084, 1021.2
23:43:54, 18.3, 0.086, 1021.4
23:43:56, 18.3, 0.082, 1021.0
23:43:57, 18.3, 0.086, 1021.4
23:43:58, 18.3, 0.086, 1021.4
23:43:59, 18.3, 0.085, 1021.3
23:44:00, 18.3, 0.087, 1021.5
23:44:01, 18.3, 0.086, 1021.4
23:44:02, 18.3, 0.086, 1021.4
23:44:03, 18.3, 0.084, 1021.2
23:44:04, 18.3, 0.087, 1021.5
23:44:05, 18.3, 0.083, 1021.1
23:44:06, 18.3, 0.084, 1021.2
23:44:08, 18.3, 0.087, 1021.5
23:44:09, 18.3, 0.087, 1021.5
23:44:10, 18.3, 0.090, 1021.8
23:44:11, 18.2, 0.087, 1021.5
23:44:12, 18.2, 0.085, 1021.3
23:44:13, 18.2, 0.085, 1021.3
23:44:14, 18.2, 0.086, 1021.4
23:44:15, 18.2, 0.083, 1021.1
23:44:16, 18.2, 0.088, 1021.6
23:44:17, 18.2, 0.084, 1021.2
23:44:19, 18.1, 0.086, 1021.4
23:44:20, 18.1, 0.084, 1021.2
23:44:21, 18.1, 0.086, 1021.4
23:44:22, 18.1, 0.084, 1021.2
23:44:23, 18.1, 0.087, 1021.5
23:44:24, 18.1, 0.083, 1021.1
23:44:25, 18.1, 0.090, 1021.8
23:44:26, 18.1, 0.083, 1021.1
23:44:27, 18.1, 0.084, 1021.2
23:44:28, 18.1, 0.089, 1021.7
23:44:29, 18.1, 0.089, 1021.7
23:44:31, 18.1, 0.086, 1021.4
23:44:32, 18.1, 0.090, 1021.8
23:44:33, 18.1, 0.088, 1021.6
23:44:34, 18.1, 0.086, 1021.4
23:44:35, 18.1, 0.083, 1021.1
23:44:36, 18.1, 0.086, 1021.4
23:44:37, 18.1, 0.082, 1021.0
23:44:38, 18.2, 0.086, 1021.4
23:44:39, 18.2, 0.089, 1021.7
23:44:40, 18.2, 0.089, 1021.7
23:44:41, 18.2, 0.086, 1021.4
23:44:43, 18.2, 0.084, 1021.2
23:44:44, 18.1, 0.080, 1020.8
23:44:45, 18.1, 0.085, 1021.3
23:44:46, 18.1, 0.083, 1021.1
23:44:47, 18.1, 0.086, 1021.4
23:44:48, 18.1, 0.087, 1021.5
23:44:49, 18.2, 0.085, 1021.3
23:44:50, 18.2, 0.088, 1021.6
23:44:51, 18.2, 0.087, 1021.5
23:44:52, 18.2, 0.086, 1021.4
23:44:53, 18.2, 0.089, 1021.7
23:44:55, 18.2, 0.083, 1021.1
23:44:56, 18.2, 0.085, 1021.3
23:44:57, 18.2, 0.082, 1021.0
23:44:58, 18.2, 0.088, 1021.6
23:44:59, 18.2, 0.087, 1021.5
23:45:00, 18.2, 0.087, 1021.5
23:45:01, 18.2, 0.089, 1021.7
23:45:02, 18.2, 0.087, 1021.5
23:45:03, 18.2, 0.081, 1020.9
23:45:04, 18.2, 0.083, 1021.1
23:45:05, 18.2, 0.087, 1021.5
23:45:07, 18.2, 0.083, 1021.1
23:45:08, 18.2, 0.088, 1021.6
23:45:09, 18.2, 0.081, 1020.9
23:45:10, 18.2, 0.085, 1021.3
23:45:11, 18.3, 0.083, 1021.1
23:45:12, 18.3, 0.082, 1021.0
23:45:13, 18.3, 0.086, 1021.4
23:45:14, 18.3, 0.082, 1021.0
23:45:15, 18.3, 0.087, 1021.5
23:45:16, 18.3, 0.084, 1021.2
23:45:17, 18.3, 0.084, 1021.2
23:45:19, 18.3, 0.082, 1021.0
23:45:20, 18.3, 0.083, 1021.1
23:45:21, 18.3, 0.086, 1021.4
23:45:22, 18.3, 0.084, 1021.2
23:45:23, 18.3, 0.084, 1021.2
23:45:24, 18.3, 0.086, 1021.4
23:45:25, 18.3, 0.087, 1021.5
23:45:26, 18.3, 0.082, 1021.0
23:45:27, 18.3, 0.084, 1021.2
23:45:28, 18.3, 0.088, 1021.6
23:45:29, 18.3, 0.083, 1021.1
23:45:31, 18.2, 0.089, 1021.7
23:45:32, 18.2, 0.083, 1021.1
23:45:33, 18.2, 0.087, 1021.5
23:45:34, 18.2, 0.082, 1021.0
23:45:35, 18.2, 0.086, 1021.4
23:45:36, 18.2, 0.088, 1021.6
23:45:37, 18.2, 0.085, 1021.3
23:45:38, 18.2, 0.085, 1021.3
23:45:39, 18.2, 0.086, 1021.4
23:45:40, 18.2, 0.086, 1021.4
23:45:41, 18.2, 0.083, 1021.1
23:45:43, 18.2, 0.087, 1021.5
23:45:44, 18.2, 0.083, 1021.1
23:45:45, 18.2, 0.085, 1021.3
23:45:46, 18.2, 0.085, 1021.3
23:45:47, 18.2, 0.086, 1021.4
23:45:48, 18.2, 0.084, 1021.2
23:45:49, 18.2, 0.086, 1021.4
23:45:50, 18.2, 0.084, 1021.2
23:45:51, 18.2, 0.081, 1020.9
23:45:52, 18.1, 0.082, 1021.0
23:45:53, 18.1, 0.083, 1021.1
23:45:55, 18.1, 0.084, 1021.2
23:45:56, 18.1, 0.083, 1021.1
23:45:57, 18.1, 0.084, 1021.2
23:45:58, 18.1, 0.081, 1020.9
23:45:59, 18.1, 0.085, 1021.3
23:46:00, 18.1, 0.084, 1021.2
23:46:01, 18.1, 0.087, 1021.5
23:46:02, 18.1, 0.086, 1021.4
23:46:03, 18.1, 0.082, 1021.0
23:46:04, 18.1, 0.082, 1021.0
23:46:05, 18.1, 0.084, 1021.2
23:46:07, 18.1, 0.085, 1021.3
23:46:08, 18.1, 0.085, 1021.3
23:46:09, 18.1, 0.086, 1021.4
23:46:10, 18.1, 0.084, 1021.2
23:46:11, 18.1, 0.079, 1020.7
23:46:12, 18.1, 0.089, 1021.7
23:46:13, 18.1, 0.088, 1021.6
23:46:14, 18.1, 0.080, 1020.8
23:46:15, 18.1, 0.083, 1021.1
23:46:16, 18.1, 0.086, 1021.4
23:46:17, 18.1, 0.081, 1020.9
23:46:19, 18.1, 0.083, 1021.1
23:46:20, 18.2, 0.088, 1021.6
23:46:21, 18.2, 0.088, 1021.6
23:46:22, 18.2, 0.086, 1021.4
23:46:23, 18.2, 0.083, 1021.1
23:46:24, 18.2, 0.083, 1021.1
23:46:25, 18.2, 0.083, 1021.1
23:46:26, 18.2, 0.088, 1021.6
23:46:27, 18.2, 0.081, 1020.9
23:46:28, 18.2, 0.086, 1021.4
23:46:29, 18.2, 0.082, 1021.0
23:46:31, 18.2, 0.084, 1021.2
23:46:32, 18.2, 0.086, 1021.4
23:46:33, 18.2, 0.083, 1021.1
23:46:34, 18.2, 0.085, 1021.3
23:46:35, 18.2, 0.084, 1021.2
23:46:36, 18.2, 0.083, 1021.1
23:46:37, 18.3, 0.091, 1021.9
23:46:38, 18.3, 0.087, 1021.5
23:46:39, 18.3, 0.086, 1021.4
23:46:40, 18.3, 0.086, 1021.4
23:46:41, 18.3, 0.083, 1021.1
23:46:43, 18.3, 0.087, 1021.5
23:46:44, 18.3, 0.086, 1021.4
23:46:45, 18.3, 0.088, 1021.6
23:46:46, 18.3, 0.083, 1021.1
23:46:47, 18.3, 0.083, 1021.1
23:46:48, 18.3, 0.086, 1021.4
23:46:49, 18.3, 0.087, 1021.5
23:46:50, 18.3, 0.086, 1021.4
23:46:51, 18.3, 0.085, 1021.3
23:46:52, 18.3, 0.088, 1021.6
23:46:53, 18.3, 0.088, 1021.6
23:46:55, 18.3, 0.088, 1021.6
23:46:56, 18.3, 0.083, 1021.1
23:46:57, 18.3, 0.085, 1021.3
23:46:58, 18.3, 0.087, 1021.5
23:46:59, 18.3, 0.085, 1021.3
23:47:00, 18.3, 0.081, 1020.9
23:47:01, 18.3, 0.084, 1021.2
23:47:02, 18.3, 0.086, 1021.4
23:47:03, 18.3, 0.080, 1020.8
23:47:04, 18.3, 0.083, 1021.1
23:47:05, 18.3, 0.083, 1021.1
23:47:07, 18.3, 0.084, 1021.2
23:47:08, 18.3, 0.082, 1021.0
23:47:09, 18.3, 0.086, 1021.4
23:47:10, 18.3, 0.082, 1021.0
23:47:11, 18.3, 0.086, 1021.4
23:47:12, 18.3, 0.086, 1021.4
23:47:13, 18.3, 0.084, 1021.2
23:47:14, 18.3, 0.082, 1021.0
23:47:15, 18.3, 0.084, 1021.2
23:47:16, 18.3, 0.085, 1021.3
23:47:17, 18.2, 0.084, 1021.2
23:47:19, 18.2, 0.086, 1021.4
23:47:20, 18.2, 0.084, 1021.2
23:47:21, 18.2, 0.082, 1021.0
23:47:22, 18.2, 0.084, 1021.2
23:47:23, 18.2, 0.083, 1021.1
23:47:24, 18.2, 0.083, 1021.1
23:47:25, 18.2, 0.081, 1020.9
23:47:26, 18.2, 0.087, 1021.5
23:47:27, 18.2, 0.081, 1020.9
23:47:28, 18.2, 0.087, 1021.5
23:47:29, 18.2, 0.082, 1021.0
23:47:31, 18.2, 0.085, 1021.3
23:47:32, 18.2, 0.085, 1021.3
23:47:33, 18.2, 0.082, 1021.0
23:47:34, 18.2, 0.085, 1021.3
23:47:35, 18.2, 0.084, 1021.2
23:47:36, 18.3, 0.083, 1021.1
23:47:37, 18.3, 0.085, 1021.3
23:47:38, 18.3, 0.083, 1021.1
23:47:39, 18.3, 0.084, 1021.2
23:47:40, 18.3, 0.086, 1021.4
23:47:41, 18.3, 0.082, 1021.0
23:47:43, 18.3, 0.087, 1021.5
23:47:44, 18.3, 0.083, 1021.1
23:47:45, 18.3, 0.086, 1021.4
23:47:46, 18.4, 0.081, 1020.9
23:47:47, 18.4, 0.084, 1021.2
23:47:48, 18.4, 0.085, 1021.3
23:47:49, 18.4, 0.082, 1021.0
23:47:50, 18.4, 0.083, 1021.1
23:47:51, 18.4, 0.084, 1021.2
23:47:52, 18.4, 0.087, 1021.5
23:47:53, 18.4, 0.084, 1021.2
23:47:55, 18.4, 0.088, 1021.6
23:47:56, 18.4, 0.088, 1021.6
23:47:57, 18.4, 0.083, 1021.1
23:47:58, 18.4, 0.082, 1021.0
23:47:59, 18.5, 0.085, 1021.3
23:48:00, 18.5, 0.083, 1021.1
23:48:01, 18.5, 0.080, 1020.8
23:48:02, 18.5, 0.083, 1021.1
23:48:03, 18.6, 0.081, 1020.9
23:48:04, 18.6, 0.084, 1021.2
23:48:05, 18.6, 0.087, 1021.5
23:48:07, 18.6, 0.083, 1021.1
23:48:08, 18.6, 0.084, 1021.2
23:48:09, 18.6, 0.085, 1021.3
23:48:10, 18.6, 0.082, 1021.0
23:48:11, 18.6, 0.080, 1020.8
23:48:12, 18.6, 0.082, 1021.0
23:48:13, 18.6, 0.083, 1021.1
23:48:14, 18.6, 0.086, 1021.4
23:48:15, 18.6, 0.082, 1021.0
23:48:16, 18.6, 0.087, 1021.5
23:48:17, 18.6, 0.085, 1021.3
23:48:19, 18.6, 0.085, 1021.3
23:48:20, 18.7, 0.078, 1020.6
23:48:21, 18.7, 0.085, 1021.3
23:48:22, 18.7, 0.084, 1021.2
23:48:23, 18.7, 0.085, 1021.3
23:48:24, 18.7, 0.085, 1021.3
23:48:25, 18.6, 0.086, 1021.4
23:48:26, 18.7, 0.080, 1020.8
23:48:27, 18.7, 0.085, 1021.3
23:48:28, 18.7, 0.089, 1021.7
23:48:29, 18.7, 0.086, 1021.4
23:48:31, 18.7, 0.088, 1021.6
23:48:32, 18.7, 0.084, 1021.2
23:48:33, 18.7, 0.081, 1020.9
23:48:34, 18.7, 0.082, 1021.0
23:48:35, 18.7, 0.086, 1021.4
23:48:36, 18.7, 0.086, 1021.4
23:48:37, 18.7, 0.083, 1021.1
23:48:38, 18.7, 0.083, 1021.1
23:48:39, 18.7, 0.080, 1020.8
23:48:40, 18.7, 0.084, 1021.2
23:48:41, 18.7, 0.088, 1021.6
23:48:43, 18.7, 0.088, 1021.6
23:48:44, 18.7, 0.084, 1021.2
23:48:45, 18.7, 0.086, 1021.4
23:48:46, 18.7, 0.085, 1021.3
23:48:47, 18.7, 0.089, 1021.7
23:48:48, 18.7, 0.086, 1021.4
23:48:49, 18.7, 0.085, 1021.3
23:48:50, 18.7, 0.087, 1021.5
23:48:51, 18.7, 0.093, 1022.1
23:48:52, 18.7, 0.088, 1021.6
23:48:53, 18.7, 0.083, 1021.1
23:48:55, 18.7, 0.079, 1020.7
23:48:56, 18.7, 0.084, 1021.2
23:48:57, 18.7, 0.085, 1021.3
23:48:58, 18.8, 0.092, 1022.0
23:48:59, 18.8, 0.078, 1020.6
23:49:00, 18.8, 0.085, 1021.3
23:49:01, 18.8, 0.084, 1021.2
23:49:02, 18.8, 0.091, 1021.9
23:49:03, 18.9, 0.085, 1021.3
23:49:04, 18.9, 0.084, 1021.2
23:49:05, 18.9, 0.083, 1021.1
23:49:07, 18.9, 0.085, 1021.3
23:49:08, 18.9, 0.085, 1021.3
23:49:09, 18.9, 0.087, 1021.5
23:49:10, 18.9, 0.085, 1021.3
23:49:11, 18.9, 0.084, 1021.2
23:49:12, 18.9, 0.085, 1021.3
23:49:13, 18.9, 0.083, 1021.1
23:49:14, 18.9, 0.085, 1021.3
23:49:15, 18.9, 0.082, 1021.0
23:49:16, 18.9, 0.083, 1021.1
23:49:17, 18.9, 0.087, 1021.5
23:49:19, 18.9, 0.083, 1021.1
23:49:20, 18.9, 0.085, 1021.3
23:49:21, 18.9, 0.083, 1021.1
23:49:22, 18.9, 0.083, 1021.1
23:49:23, 18.9, 0.085, 1021.3
23:49:24, 18.8, 0.085, 1021.3
23:49:25, 18.8, 0.085, 1021.3
23:49:26, 18.8, 0.083, 1021.1
23:49:27, 18.8, 0.087, 1021.5
23:49:28, 18.8, 0.088, 1021.6
23:49:29, 18.8, 0.087, 1021.5
23:49:31, 18.8, 0.082, 1021.0
23:49:32, 18.8, 0.085, 1021.3
23:49:33, 18.8, 0.085, 1021.3
23:49:34, 18.8, 0.081, 1020.9
23:49:35, 18.8, 0.088, 1021.6
23:49:36, 18.7, 0.085, 1021.3
23:49:37, 18.7, 0.082, 1021.0
23:49:38, 18.7, 0.082, 1021.0
23:49:39, 18.7, 0.086, 1021.4
23:49:40, 18.7, 0.085, 1021.3
23:49:41, 18.7, 0.083, 1021.1
23:49:43, 18.7, 0.085, 1021.3
23:49:44, 18.7, 0.079, 1020.7
23:49:45, 18.6, 0.081, 1020.9
23:49:46, 18.6, 0.081, 1020.9
23:49:47, 18.6, 0.084, 1021.2
23:49:48, 18.6, 0.085, 1021.3
23:49:49, 18.6, 0.082, 1021.0
23:49:50, 18.6, 0.086, 1021.4
23:49:51, 18.5, 0.084, 1021.2
23:49:52, 18.5, 0.086, 1021.4
23:49:53, 18.5, 0.086, 1021.4
23:49:55, 18.5, 0.080, 1020.8
23:49:56, 18.5, 0.083, 1021.1
23:49:57, 18.5, 0.083, 1021.1
23:49:58, 18.5, 0.085, 1021.3
23:49:59, 18.5, 0.080, 1020.8
23:50:00, 18.4, 0.081, 1020.9
23:50:01, 18.4, 0.082, 1021.0
23:50:02, 18.4, 0.083, 1021.1
23:50:03, 18.4, 0.085, 1021.3
23:50:04, 18.4, 0.084, 1021.2
23:50:05, 18.4, 0.089, 1021.7
23:50:07, 18.4, 0.084, 1021.2
23:50:08, 18.4, 0.084, 1021.2
23:50:09, 18.4, 0.085, 1021.3
23:50:10, 18.4, 0.086, 1021.4
23:50:11, 18.4, 0.085, 1021.3
23:50:12, 18.4, 0.082, 1021.0
23:50:13, 18.3, 0.079, 1020.7
23:50:14, 18.3, 0.084, 1021.2
23:50:15, 18.3, 0.087, 1021.5
23:50:16, 18.3, 0.083, 1021.1
23:50:17, 18.3, 0.082, 1021.0
23:50:19, 18.3, 0.088, 1021.6
23:50:20, 18.3, 0.085, 1021.3
23:50:21, 18.3, 0.086, 1021.4
23:50:22, 18.3, 0.083, 1021.1
23:50:23, 18.3, 0.082, 1021.0
23:50:24, 18.3, 0.087, 1021.5
23:50:25, 18.3, 0.087, 1021.5
23:50:26, 18.3, 0.083, 1021.1
23:50:27, 18.3, 0.083, 1021.1
23:50:28, 18.3, 0.087, 1021.5
23:50:29, 18.3, 0.083, 1021.1
23:50:31, 18.3, 0.085, 1021.3
23:50:32, 18.3, 0.085, 1021.3
23:50:33, 18.3, 0.085, 1021.3
23:50:34, 18.3, 0.081, 1020.9
23:50:35, 18.3, 0.080, 1020.8
23:50:36, 18.3, 0.084, 1021.2
23:50:37, 18.3, 0.083, 1021.1
23:50:38, 18.3, 0.085, 1021.3
23:50:39, 18.3, 0.085, 1021.3
23:50:40, 18.3, 0.085, 1021.3
23:50:41, 18.4, 0.086, 1021.4
23:50:43, 18.4, 0.086, 1021.4
23:50:44, 18.4, 0.082, 1021.0
23:50:45, 18.4, 0.084, 1021.2
23:50:46, 18.4, 0.085, 1021.3
23:50:47, 18.4, 0.082, 1021.0
23:50:48, 18.4, 0.084, 1021.2
23:50:49, 18.4, 0.086, 1021.4
23:50:50, 18.4, 0.085, 1021.3
23:50:51, 18.4, 0.087, 1021.5
23:50:52, 18.4, 0.089, 1021.7
23:50:53, 18.4, 0.085, 1021.3
23:50:55, 18.4, 0.086, 1021.4
23:50:56, 18.4, 0.089, 1021.7
23:50:57, 18.4, 0.086, 1021.4
23:50:58, 18.4, 0.085, 1021.3
23:50:59, 18.4, 0.082, 1021.0
23:51:00, 18.4, 0.081, 1020.9
23:51:01, 18.4, 0.085, 1021.3
23:51:02, 18.4, 0.085, 1021.3
23:51:03, 18.4, 0.084, 1021.2
23:51:04, 18.4, 0.086, 1021.4
23:51:05, 18.4, 0.082, 1021.0
23:51:07, 18.4, 0.087, 1021.5
23:51:08, 18.4, 0.084, 1021.2
23:51:09, 18.4, 0.086, 1021.4
23:51:10, 18.4, 0.086, 1021.4
23:51:11, 18.4, 0.081, 1020.9
23:51:12, 18.4, 0.083, 1021.1
23:51:13, 18.4, 0.084, 1021.2
23:51:14, 18.4, 0.084, 1021.2
23:51:15, 18.4, 0.082, 1021.0
23:51:16, 18.4, 0.080, 1020.8
23:51:17, 18.4, 0.082, 1021.0
23:51:19, 18.4, 0.084, 1021.2
23:51:20, 18.3, 0.084, 1021.2
23:51:21, 18.3, 0.086, 1021.4
23:51:22, 18.3, 0.084, 1021.2
23:51:23, 18.3, 0.085, 1021.3
23:51:24, 18.3, 0.083, 1021.1
23:51:25, 18.3, 0.088, 1021.6
23:51:26, 18.3, 0.087, 1021.5
23:51:27, 18.4, 0.086, 1021.4
23:51:28, 18.4, 0.084, 1021.2
23:51:29, 18.4, 0.088, 1021.6
23:51:31, 18.4, 0.086, 1021.4
23:51:32, 18.4, 0.084, 1021.2
23:51:33, 18.4, 0.082, 1021.0
23:51:34, 18.4, 0.083, 1021.1
23:51:35, 18.4, 0.081, 1020.9
23:51:36, 18.4, 0.083, 1021.1
23:51:37, 18.3, 0.087, 1021.5
23:51:38, 18.3, 0.076, 1020.4
23:51:39, 18.3, 0.081, 1020.9
23:51:40, 18.3, 0.084, 1021.2
23:51:41, 18.3, 0.083, 1021.1
23:51:43, 18.3, 0.085, 1021.3
23:51:44, 18.3, 0.085, 1021.3
23:51:45, 18.3, 0.085, 1021.3
23:51:46, 18.3, 0.085, 1021.3
23:51:47, 18.3, 0.083, 1021.1
23:51:48, 18.3, 0.087, 1021.5
23:51:49, 18.3, 0.088, 1021.6
23:51:50, 18.3, 0.087, 1021.5
23:51:51, 18.3, 0.081, 1020.9
23:51:52, 18.3, 0.084, 1021.2
23:51:53, 18.3, 0.085, 1021.3
23:51:55, 18.3, 0.083, 1021.1
23:51:56, 18.3, 0.089, 1021.7
23:51:57, 18.3, 0.084, 1021.2
23:51:58, 18.3, 0.084, 1021.2
23:51:59, 18.3, 0.082, 1021.0
23:52:00, 18.3, 0.086, 1021.4
23:52:01, 18.3, 0.086, 1021.4
23:52:02, 18.3, 0.084, 1021.2
23:52:03, 18.3, 0.089, 1021.7
23:52:04, 18.3, 0.087, 1021.5
23:52:05, 18.3, 0.087, 1021.5
23:52:07, 18.3, 0.083, 1021.1
23:52:08, 18.3, 0.084, 1021.2
23:52:09, 18.3, 0.083, 1021.1
23:52:10, 18.3, 0.086, 1021.4
23:52:11, 18.3, 0.083, 1021.1
23:52:12, 18.3, 0.085, 1021.3
23:52:13, 18.3, 0.083, 1021.1
23:52:14, 18.3, 0.083, 1021.1
23:52:15, 18.3, 0.087, 1021.5
23:52:16, 18.3, 0.084, 1021.2
23:52:17, 18.3, 0.089, 1021.7
23:52:19, 18.3, 0.080, 1020.8
23:52:20, 18.3, 0.084, 1021.2
23:52:21, 18.3, 0.082, 1021.0
23:52:22, 18.3, 0.086, 1021.4
23:52:23, 18.2, 0.079, 1020.7
23:52:24, 18.2, 0.085, 1021.3
23:52:25, 18.2, 0.085, 1021.3
23:52:26, 18.2, 0.085, 1021.3
23:52:27, 18.2, 0.087, 1021.5
23:52:28, 18.2, 0.086, 1021.4
23:52:29, 18.2, 0.087, 1021.5
23:52:31, 18.2, 0.087, 1021.5
23:52:32, 18.2, 0.084, 1021.2
23:52:33, 18.2, 0.086, 1021.4
23:52:34, 18.2, 0.085, 1021.3
23:52:35, 18.2, 0.084, 1021.2
23:52:36, 18.2, 0.084, 1021.2
23:52:37, 18.2, 0.082, 1021.0
23:52:38, 18.2, 0.086, 1021.4
23:52:39, 18.2, 0.086, 1021.4
23:52:40, 18.2, 0.083, 1021.1
23:52:41, 18.2, 0.087, 1021.5
23:52:43, 18.2, 0.085, 1021.3
23:52:44, 18.2, 0.087, 1021.5
23:52:45, 18.2, 0.082, 1021.0
23:52:46, 18.2, 0.086, 1021.4
23:52:47, 18.2, 0.086, 1021.4
23:52:48, 18.2, 0.084, 1021.2
23:52:49, 18.2, 0.082, 1021.0
23:52:50, 18.1, 0.084, 1021.2
23:52:51, 18.1, 0.085, 1021.3
23:52:52, 18.1, 0.090, 1021.8
23:52:53, 18.1, 0.087, 1021.5
23:52:55, 18.1, 0.086, 1021.4
23:52:56, 18.1, 0.085, 1021.3
23:52:57, 18.1, 0.088, 1021.6
23:52:58, 18.1, 0.087, 1021.5
23:52:59, 18.1, 0.088, 1021.6
23:53:00, 18.1, 0.084, 1021.2
23:53:01, 18.1, 0.086, 1021.4
23:53:02, 18.1, 0.083, 1021.1
23:53:03, 18.1, 0.084, 1021.2
23:53:04, 18.1, 0.083, 1021.1
23:53:05, 18.1, 0.085, 1021.3
23:53:07, 18.1, 0.082, 1021.0
23:53:08, 18.1, 0.085, 1021.3
23:53:09, 18.1, 0.083, 1021.1
23:53:10, 18.1, 0.084, 1021.2
23:53:11, 18.1, 0.084, 1021.2
23:53:12, 18.1, 0.089, 1021.7
23:53:13, 18.1, 0.080, 1020.8
23:53:14, 18.1, 0.086, 1021.4
23:53:15, 18.1, 0.084, 1021.2
23:53:16, 18.1, 0.083, 1021.1
23:53:17, 18.1, 0.083, 1021.1
23:53:19, 18.1, 0.083, 1021.1
23:53:20, 18.1, 0.082, 1021.0
23:53:21, 18.1, 0.086, 1021.4
23:53:22, 18.1, 0.084, 1021.2
23:53:23, 18.1, 0.086, 1021.4
23:53:24, 18.1, 0.085, 1021.3
23:53:25, 18.1, 0.085, 1021.3
23:53:26, 18.1, 0.082, 1021.0
23:53:27, 18.1, 0.089, 1021.7
23:53:28, 18.1, 0.083, 1021.1
23:53:29, 18.1, 0.083, 1021.1
23:53:31, 18.1, 0.082, 1021.0
23:53:32, 18.1, 0.083, 1021.1
23:53:33, 18.1, 0.080, 1020.8
23:53:34, 18.1, 0.085, 1021.3
23:53:35, 18.1, 0.080, 1020.8
23:53:36, 18.1, 0.088, 1021.6
23:53:37, 18.1, 0.084, 1021.2
23:53:38, 18.1, 0.084, 1021.2
23:53:39, 18.1, 0.085, 1021.3
23:53:40, 18.1, 0.084, 1021.2
23:53:41, 18.1, 0.084, 1021.2
23:53:43, 18.1, 0.083, 1021.1
23:53:44, 18.2, 0.082, 1021.0
23:53:45, 18.2, 0.085, 1021.3
23:53:46, 18.2, 0.084, 1021.2
23:53:47, 18.2, 0.088, 1021.6
23:53:48, 18.2, 0.086, 1021.4
23:53:49, 18.2, 0.086, 1021.4
23:53:50, 18.2, 0.086, 1021.4
23:53:51, 18.2, 0.088, 1021.6
23:53:52, 18.2, 0.086, 1021.4
23:53:53, 18.2, 0.086, 1021.4
23:53:55, 18.2, 0.083, 1021.1
23:53:56, 18.2, 0.083, 1021.1
23:53:57, 18.2, 0.082, 1021.0
23:53:58, 18.2, 0.086, 1021.4
23:53:59, 18.2, 0.086, 1021.4
23:54:00, 18.2, 0.082, 1021.0
23:54:01, 18.2, 0.084, 1021.2
23:54:02, 18.2, 0.085, 1021.3
23:54:03, 18.3, 0.083, 1021.1
23:54:04, 18.2, 0.084, 1021.2
23:54:05, 18.2, 0.084, 1021.2
23:54:07, 18.2, 0.084, 1021.2
23:54:08, 18.2, 0.081, 1020.9
23:54:09, 18.2, 0.085, 1021.3
23:54:10, 18.2, 0.081, 1020.9
23:54:11, 18.2, 0.083, 1021.1
23:54:12, 18.2, 0.082, 1021.0
23:54:13, 18.2, 0.081, 1020.9
23:54:14, 18.2, 0.082, 1021.0
23:54:15, 18.2, 0.088, 1021.6
23:54:16, 18.2, 0.086, 1021.4
23:54:17, 18.2, 0.082, 1021.0
23:54:19, 18.2, 0.080, 1020.8
23:54:20, 18.2, 0.083, 1021.1
23:54:21, 18.2, 0.081, 1020.9
23:54:22, 18.2, 0.081, 1020.9
23:54:23, 18.2, 0.081, 1020.9
23:54:24, 18.2, 0.085, 1021.3
23:54:25, 18.2, 0.080, 1020.8
23:54:26, 18.2, 0.087, 1021.5
23:54:27, 18.3, 0.087, 1021.5
23:54:28, 18.3, 0.080, 1020.8
23:54:29, 18.3, 0.081, 1020.9
23:54:31, 18.3, 0.085, 1021.3
23:54:32, 18.3, 0.084, 1021.2
23:54:33, 18.3, 0.083, 1021.1
23:54:34, 18.3, 0.084, 1021.2
23:54:35, 18.3, 0.084, 1021.2
23:54:36, 18.3, 0.083, 1021.1
23:54:37, 18.3, 0.084, 1021.2
23:54:38, 18.3, 0.086, 1021.4
23:54:39, 18.3, 0.085, 1021.3
23:54:40, 18.3, 0.084, 1021.2
23:54:41, 18.3, 0.087, 1021.5
23:54:43, 18.3, 0.089, 1021.7
23:54:44, 18.3, 0.087, 1021.5
23:54:45, 18.3, 0.085, 1021.3
23:54:46, 18.3, 0.086, 1021.4
23:54:47, 18.3, 0.082, 1021.0
23:54:48, 18.3, 0.087, 1021.5
23:54:49, 18.3, 0.084, 1021.2
23:54:50, 18.3, 0.081, 1020.9
23:54:51, 18.3, 0.084, 1021.2
23:54:52, 18.3, 0.084, 1021.2
23:54:53, 18.3, 0.083, 1021.1
23:54:55, 18.3, 0.082, 1021.0
23:54:56, 18.3, 0.084, 1021.2
23:54:57, 18.3, 0.084, 1021.2
23:54:58, 18.3, 0.084, 1021.2
23:54:59, 18.3, 0.083, 1021.1
23:55:00, 18.3, 0.081, 1020.9
23:55:01, 18.4, 0.086, 1021.4
23:55:02, 18.4, 0.083, 1021.1
23:55:03, 18.4, 0.083, 1021.1
23:55:04, 18.4, 0.083, 1021.1
23:55:05, 18.4, 0.086, 1021.4
23:55:07, 18.4, 0.081, 1020.9
23:55:08, 18.4, 0.085, 1021.3
23:55:09, 18.5, 0.084, 1021.2
23:55:10, 18.5, 0.083, 1021.1
23:55:11, 18.5, 0.086, 1021.4
23:55:12, 18.5, 0.084, 1021.2
23:55:13, 18.5, 0.084, 1021.2
23:55:14, 18.5, 0.086, 1021.4
23:55:15, 18.5, 0.085, 1021.3
23:55:16, 18.5, 0.082, 1021.0
23:55:17, 18.5, 0.084, 1021.2
23:55:19, 18.5, 0.082, 1021.0
23:55:20, 18.5, 0.085, 1021.3
23:55:21, 18.5, 0.083, 1021.1
23:55:22, 18.5, 0.084, 1021.2
23:55:23, 18.5, 0.089, 1021.7
23:55:24, 18.5, 0.081, 1020.9
23:55:25, 18.5, 0.087, 1021.5
23:55:26, 18.5, 0.083, 1021.1
23:55:27, 18.5, 0.085, 1021.3
23:55:28, 18.5, 0.088, 1021.6
23:55:29, 18.5, 0.087, 1021.5
23:55:31, 18.5, 0.081, 1020.9
23:55:32, 18.6, 0.087, 1021.5
23:55:33, 18.6, 0.085, 1021.3
23:55:34, 18.6, 0.088, 1021.6
23:55:35, 18.6, 0.082, 1021.0
23:55:36, 18.5, 0.086, 1021.4
23:55:37, 18.5, 0.086, 1021.4
23:55:38, 18.6, 0.086, 1021.4
23:55:39, 18.6, 0.084, 1021.2
23:55:40, 18.6, 0.085, 1021.3
23:55:42, 18.6, 0.086, 1021.4
23:55:43, 18.6, 0.083, 1021.1
23:55:44, 18.6, 0.086, 1021.4
23:55:45, 18.6, 0.084, 1021.2
23:55:46, 18.6, 0.084, 1021.2
23:55:47, 18.6, 0.082, 1021.0
23:55:48, 18.6, 0.082, 1021.0
23:55:49, 18.6, 0.082, 1021.0
23:55:50, 18.6, 0.081, 1020.9
23:55:51, 18.6, 0.082, 1021.0
23:55:52, 18.7, 0.083, 1021.1
23:55:53, 18.7, 0.086, 1021.4
23:55:55, 18.7, 0.087, 1021.5
23:55:56, 18.7, 0.084, 1021.2
23:55:57, 18.7, 0.087, 1021.5
23:55:58, 18.7, 0.091, 1021.9
23:55:59, 18.7, 0.083, 1021.1
23:56:00, 18.6, 0.084, 1021.2
23:56:01, 18.6, 0.085, 1021.3
23:56:02, 18.6, 0.087, 1021.5
23:56:03, 18.6, 0.087, 1021.5
23:56:04, 18.6, 0.086, 1021.4
23:56:05, 18.6, 0.086, 1021.4
23:56:07, 18.6, 0.081, 1020.9
23:56:08, 18.6, 0.083, 1021.1
23:56:09, 18.6, 0.087, 1021.5
23:56:10, 18.6, 0.083, 1021.1
23:56:11, 18.6, 0.084, 1021.2
23:56:12, 18.5, 0.083, 1021.1
23:56:13, 18.5, 0.084, 1021.2
23:56:14, 18.6, 0.084, 1021.2
23:56:15, 18.6, 0.083, 1021.1
23:56:16, 18.6, 0.088, 1021.6
23:56:18, 18.5, 0.089, 1021.7
23:56:19, 18.5, 0.088, 1021.6
23:56:20, 18.5, 0.085, 1021.3
23:56:21, 18.5, 0.083, 1021.1
23:56:22, 18.4, 0.081, 1020.9
23:56:23, 18.4, 0.083, 1021.1
23:56:24, 18.4, 0.086, 1021.4
23:56:25, 18.4, 0.085, 1021.3
23:56:26, 18.4, 0.087, 1021.5
23:56:27, 18.5, 0.083, 1021.1
23:56:28, 18.5, 0.087, 1021.5
23:56:30, 18.4, 0.086, 1021.4
23:56:31, 18.4, 0.084, 1021.2
23:56:32, 18.4, 0.084, 1021.2
23:56:33, 18.4, 0.086, 1021.4
23:56:34, 18.4, 0.090, 1021.8
23:56:35, 18.4, 0.083, 1021.1
23:56:36, 18.4, 0.079, 1020.7
23:56:37, 18.4, 0.088, 1021.6
23:56:38, 18.4, 0.082, 1021.0
23:56:39, 18.4, 0.082, 1021.0
23:56:40, 18.4, 0.087, 1021.5
23:56:42, 18.4, 0.081, 1020.9
23:56:43, 18.4, 0.083, 1021.1
23:56:44, 18.4, 0.082, 1021.0
23:56:45, 18.4, 0.086, 1021.4
23:56:46, 18.4, 0.080, 1020.8
23:56:47, 18.4, 0.080, 1020.8
23:56:48, 18.4, 0.081, 1020.9
23:56:49, 18.4, 0.087, 1021.5
23:56:50, 18.4, 0.087, 1021.5
23:56:51, 18.4, 0.082, 1021.0
23:56:52, 18.4, 0.087, 1021.5
23:56:54, 18.4, 0.083, 1021.1
23:56:55, 18.5, 0.083, 1021.1
23:56:56, 18.5, 0.084, 1021.2
23:56:57, 18.5, 0.086, 1021.4
23:56:58, 18.5, 0.084, 1021.2
23:56:59, 18.4, 0.079, 1020.7
23:57:00, 18.4, 0.081, 1020.9
23:57:01, 18.4, 0.083, 1021.1
23:57:02, 18.4, 0.086, 1021.4
23:57:03, 18.4, 0.083, 1021.1
23:57:04, 18.4, 0.084, 1021.2
23:57:06, 18.4, 0.083, 1021.1
23:57:07, 18.4, 0.080, 1020.8
23:57:08, 18.4, 0.084, 1021.2
23:57:09, 18.3, 0.085, 1021.3
23:57:10, 18.3, 0.084, 1021.2
23:57:11, 18.3, 0.082, 1021.0
23:57:12, 18.3, 0.084, 1021.2
23:57:13, 18.3, 0.084, 1021.2
23:57:14, 18.3, 0.087, 1021.5
23:57:15, 18.3, 0.082, 1021.0
23:57:16, 18.3, 0.081, 1020.9
23:57:18, 18.3, 0.081, 1020.9
23:57:19, 18.2, 0.082, 1021.0
23:57:20, 18.2, 0.082, 1021.0
23:57:21, 18.2, 0.080, 1020.8
23:57:22, 18.2, 0.082, 1021.0
23:57:23, 18.2, 0.080, 1020.8
23:57:24, 18.2, 0.084, 1021.2
23:57:25, 18.2, 0.082, 1021.0
23:57:26, 18.2, 0.086, 1021.4
23:57:27, 18.2, 0.080, 1020.8
23:57:28, 18.2, 0.086, 1021.4
23:57:30, 18.2, 0.081, 1020.9
23:57:31, 18.2, 0.080, 1020.8
23:57:32, 18.3, 0.079, 1020.7
23:57:33, 18.3, 0.083, 1021.1
23:57:34, 18.3, 0.084, 1021.2
23:57:35, 18.3, 0.085, 1021.3
23:57:36, 18.3, 0.086, 1021.4
23:57:37, 18.3, 0.083, 1021.1
23:57:38, 18.3, 0.085, 1021.3
23:57:39, 18.3, 0.082, 1021.0
23:57:40, 18.3, 0.083, 1021.1
23:57:42, 18.3, 0.084, 1021.2
23:57:43, 18.3, 0.079, 1020.7
23:57:44, 18.3, 0.085, 1021.3
23:57:45, 18.3, 0.084, 1021.2
23:57:46, 18.3, 0.083, 1021.1
23:57:47, 18.3, 0.082, 1021.0
23:57:48, 18.3, 0.083, 1021.1
23:57:49, 18.3, 0.086, 1021.4
23:57:50, 18.3, 0.083, 1021.1
23:57:51, 18.4, 0.082, 1021.0
23:57:52, 18.4, 0.084, 1021.2
23:57:54, 18.4, 0.085, 1021.3
23:57:55, 18.4, 0.088, 1021.6
23:57:56, 18.4, 0.080, 1020.8
23:57:57, 18.4, 0.087, 1021.5
23:57:58, 18.4, 0.086, 1021.4
23:57:59, 18.4, 0.080, 1020.8
23:58:00, 18.4, 0.080, 1020.8
23:58:01, 18.3, 0.083, 1021.1
23:58:02, 18.3, 0.080, 1020.8
23:58:03, 18.3, 0.083, 1021.1
23:58:04, 18.3, 0.084, 1021.2
23:58:06, 18.3, 0.085, 1021.3
23:58:07, 18.4, 0.086, 1021.4
23:58:08, 18.4, 0.084, 1021.2
23:58:09, 18.4, 0.081, 1020.9
23:58:10, 18.4, 0.080, 1020.8
23:58:11, 18.4, 0.083, 1021.1
23:58:12, 18.4, 0.079, 1020.7
23:58:13, 18.4, 0.086, 1021.4
23:58:14, 18.4, 0.082, 1021.0
23:58:15, 18.4, 0.083, 1021.1
23:58:16, 18.4, 0.081, 1020.9
23:58:18, 18.4, 0.085, 1021.3
23:58:19, 18.4, 0.082, 1021.0
23:58:20, 18.4, 0.085, 1021.3
23:58:21, 18.4, 0.082, 1021.0
23:58:22, 18.4, 0.085, 1021.3
23:58:23, 18.4, 0.084, 1021.2
23:58:24, 18.4, 0.082, 1021.0
23:58:25, 18.4, 0.083, 1021.1
23:58:26, 18.4, 0.086, 1021.4
23:58:27, 18.4, 0.080, 1020.8
23:58:28, 18.4, 0.085, 1021.3
23:58:30, 18.4, 0.085, 1021.3
23:58:31, 18.4, 0.086, 1021.4
23:58:32, 18.4, 0.085, 1021.3
23:58:33, 18.4, 0.084, 1021.2
23:58:34, 18.5, 0.079, 1020.7
23:58:35, 18.5, 0.081, 1020.9
23:58:36, 18.5, 0.085, 1021.3
23:58:37, 18.5, 0.085, 1021.3
23:58:38, 18.5, 0.078, 1020.6
23:58:39, 18.5, 0.084, 1021.2
23:58:40, 18.5, 0.085, 1021.3
23:58:42, 18.5, 0.084, 1021.2
23:58:43, 18.5, 0.083, 1021.1
23:58:44, 18.4, 0.083, 1021.1
23:58:45, 18.5, 0.080, 1020.8
23:58:46, 18.4, 0.085, 1021.3
23:58:47, 18.4, 0.086, 1021.4
23:58:48, 18.4, 0.087, 1021.5
23:58:49, 18.4, 0.084, 1021.2
23:58:50, 18.4, 0.083, 1021.1
23:58:51, 18.4, 0.080, 1020.8
23:58:52, 18.4, 0.085, 1021.3
23:58:54, 18.4, 0.084, 1021.2
23:58:55, 18.4, 0.088, 1021.6
23:58:56, 18.4, 0.083, 1021.1
23:58:57, 18.4, 0.085, 1021.3
23:58:58, 18.4, 0.084, 1021.2
23:58:59, 18.4, 0.085, 1021.3
23:59:00, 18.4, 0.086, 1021.4
23:59:01, 18.4, 0.089, 1021.7
23:59:02, 18.4, 0.086, 1021.4
23:59:03, 18.4, 0.084, 1021.2
23:59:04, 18.4, 0.089, 1021.7
23:59:06, 18.4, 0.082, 1021.0
23:59:07, 18.4, 0.084, 1021.2
23:59:08, 18.4, 0.084, 1021.2
23:59:09, 18.4, 0.083, 1021.1
23:59:10, 18.4, 0.089, 1021.7
23:59:11, 18.5, 0.083, 1021.1
23:59:12, 18.5, 0.083, 1021.1
23:59:13, 18.5, 0.084, 1021.2
23:59:14, 18.5, 0.086, 1021.4
23:59:15, 18.5, 0.082, 1021.0
23:59:16, 18.5, 0.087, 1021.5
23:59:18, 18.5, 0.086, 1021.4
23:59:19, 18.5, 0.086, 1021.4
23:59:20, 18.5, 0.083, 1021.1
23:59:21, 18.5, 0.085, 1021.3
23:59:22, 18.5, 0.085, 1021.3
23:59:23, 18.5, 0.084, 1021.2
23:59:24, 18.5, 0.086, 1021.4
23:59:25, 18.5, 0.086, 1021.4
23:59:26, 18.5, 0.085, 1021.3
23:59:27, 18.5, 0.085, 1021.3
23:59:28, 18.5, 0.086, 1021.4
23:59:30, 18.5, 0.087, 1021.5
23:59:31, 18.6, 0.084, 1021.2
23:59:32, 18.6, 0.086, 1021.4
23:59:33, 18.6, 0.087, 1021.5
23:59:34, 18.6, 0.087, 1021.5
23:59:35, 18.6, 0.086, 1021.4
23:59:36, 18.6, 0.081, 1020.9
23:59:37, 18.6, 0.088, 1021.6
23:59:38, 18.6, 0.083, 1021.1
23:59:39, 18.6, 0.080, 1020.8
23:59:40, 18.6, 0.084, 1021.2
23:59:42, 18.6, 0.085, 1021.3
23:59:43, 18.5, 0.087, 1021.5
23:59:44, 18.5, 0.089, 1021.7
23:59:45, 18.5, 0.081, 1020.9
23:59:46, 18.5, 0.081, 1020.9
23:59:47, 18.5, 0.087, 1021.5
23:59:48, 18.5, 0.087, 1021.5
23:59:49, 18.5, 0.083, 1021.1
23:59:50, 18.5, 0.084, 1021.2
23:59:51, 18.5, 0.084, 1021.2
23:59:52, 18.5, 0.087, 1021.5
23:59:54, 18.6, 0.084, 1021.2
23:59:55, 18.6, 0.078, 1020.6
23:59:56, 18.6, 0.085, 1021.3
23:59:57, 18.6, 0.089, 1021.7
23:59:58, 18.6, 0.085, 1021.3
23:59:59, 18.6, 0.085, 1021.3
00:00:00, 18.6, 0.084, 1021.2
00:00:01, 18.6, 0.083, 1021.1
00:00:02, 18.6, 0.082, 1021.0
00:00:03, 18.6, 0.087, 1021.5
00:00:04, 18.6, 0.086, 1021.4
00:00:06, 18.6, 0.082, 1021.0
00:00:07, 18.6, 0.089, 1021.7
00:00:08, 18.6, 0.087, 1021.5
00:00:09, 18.6, 0.086, 1021.4
00:00:10, 18.6, 0.082, 1021.0
00:00:11, 18.6, 0.084, 1021.2
00:00:12, 18.5, 0.085, 1021.3
00:00:13, 18.5, 0.085, 1021.3
00:00:14, 18.5, 0.084, 1021.2
00:00:15, 18.5, 0.085, 1021.3
00:00:16, 18.5, 0.086, 1021.4
00:00:18, 18.5, 0.081, 1020.9
00:00:19, 18.5, 0.085, 1021.3
00:00:20, 18.5, 0.080, 1020.8
00:00:21, 18.5, 0.083, 1021.1
00:00:22, 18.5, 0.085, 1021.3
00:00:23, 18.5, 0.083, 1021.1
00:00:24, 18.6, 0.085, 1021.3
00:00:25, 18.6, 0.085, 1021.3
00:00:26, 18.6, 0.084, 1021.2
00:00:27, 18.6, 0.085, 1021.3
00:00:28, 18.6, 0.085, 1021.3
00:00:30, 18.6, 0.083, 1021.1
00:00:31, 18.6, 0.085, 1021.3
00:00:32, 18.6, 0.089, 1021.7
00:00:33, 18.6, 0.088, 1021.6
00:00:34, 18.6, 0.085, 1021.3
00:00:35, 18.6, 0.085, 1021.3
00:00:36, 18.6, 0.091, 1021.9
00:00:37, 18.6, 0.084, 1021.2
00:00:38, 18.6, 0.086, 1021.4
00:00:39, 18.6, 0.087, 1021.5
00:00:40, 18.6, 0.082, 1021.0
00:00:42, 18.6, 0.083, 1021.1
00:00:43, 18.6, 0.080, 1020.8
00:00:44, 18.6, 0.089, 1021.7
00:00:45, 18.6, 0.086, 1021.4
00:00:46, 18.7, 0.081, 1020.9
00:00:47, 18.7, 0.083, 1021.1
00:00:48, 18.7, 0.085, 1021.3
00:00:49, 18.7, 0.085, 1021.3
00:00:50, 18.7, 0.085, 1021.3
00:00:51, 18.7, 0.081, 1020.9
00:00:52, 18.7, 0.083, 1021.1
00:00:54, 18.7, 0.088, 1021.6
00:00:55, 18.7, 0.087, 1021.5
00:00:56, 18.7, 0.086, 1021.4
00:00:57, 18.7, 0.083, 1021.1
00:00:58, 18.7, 0.084, 1021.2
00:00:59, 18.7, 0.088, 1021.6
00:01:00, 18.7, 0.084, 1021.2
00:01:01, 18.7, 0.083, 1021.1
00:01:02, 18.7, 0.084, 1021.2
00:01:03, 18.7, 0.087, 1021.5
00:01:04, 18.7, 0.085, 1021.3
00:01:06, 18.7, 0.085, 1021.3
00:01:07, 18.7, 0.086, 1021.4
00:01:08, 18.7, 0.086, 1021.4
00:01:09, 18.7, 0.083, 1021.1
00:01:10, 18.7, 0.086, 1021.4
00:01:11, 18.7, 0.086, 1021.4
00:01:12, 18.7, 0.088, 1021.6
00:01:13, 18.7, 0.086, 1021.4
00:01:14, 18.7, 0.085, 1021.3
00:01:15, 18.7, 0.087, 1021.5
00:01:16, 18.7, 0.084, 1021.2
00:01:18, 18.7, 0.090, 1021.8
00:01:19, 18.8, 0.088, 1021.6
00:01:20, 18.8, 0.085, 1021.3
00:01:21, 18.8, 0.088, 1021.6
00:01:22, 18.8, 0.085, 1021.3
00:01:23, 18.7, 0.084, 1021.2
00:01:24, 18.7, 0.084, 1021.2
00:01:25, 18.7, 0.084, 1021.2
00:01:26, 18.7, 0.089, 1021.7
00:01:27, 18.7, 0.089, 1021.7
00:01:28, 18.7, 0.083, 1021.1
00:01:30, 18.7, 0.084, 1021.2
00:01:31, 18.7, 0.090, 1021.8
00:01:32, 18.7, 0.087, 1021.5
00:01:33, 18.6, 0.083, 1021.1
00:01:34, 18.6, 0.086, 1021.4
00:01:35, 18.6, 0.089, 1021.7
00:01:36, 18.7, 0.090, 1021.8
00:01:37, 18.7, 0.085, 1021.3
00:01:38, 18.8, 0.089, 1021.7
00:01:39, 18.8, 0.084, 1021.2
00:01:40, 18.9, 0.082, 1021.0
00:01:42, 18.9, 0.092, 1022.0
00:01:43, 18.9, 0.088, 1021.6
00:01:44, 19.0, 0.061, 1019.0
00:01:45, 19.1, 0.100, 1022.8
00:01:46, 19.2, 0.111, 1023.9
00:01:47, 19.2, 0.140, 1026.7
00:01:48, 19.2, 0.086, 1021.4
00:01:49, 19.2, 0.172, 1029.8
00:01:50, 19.2, 0.107, 1023.5
00:01:51, 19.2, 0.085, 1021.3
00:01:52, 19.2, 0.148, 1027.5
00:01:54, 19.3, 0.089, 1021.7
00:01:55, 19.2, 0.087, 1021.5
00:01:56, 19.2, 0.099, 1022.7
00:01:57, 19.3, 0.162, 1028.8
00:01:58, 19.3, 0.164, 1029.0
00:01:59, 19.4, 0.164, 1029.0
00:02:00, 19.5, 0.167, 1029.3
00:02:01, 19.6, 0.167, 1029.3
00:02:02, 19.6, 0.166, 1029.2
00:02:03, 19.6, 0.089, 1021.7
00:02:04, 19.6, 0.096, 1022.4
00:02:06, 19.5, 0.088, 1021.6
00:02:07, 19.5, 0.094, 1022.2
00:02:08, 19.6, 0.090, 1021.8
00:02:09, 19.6, 0.090, 1021.8
00:02:10, 19.5, 0.090, 1021.8
00:02:11, 19.5, 0.091, 1021.9
00:02:12, 19.5, 0.093, 1022.1
00:02:13, 19.3, 0.090, 1021.8
00:02:14, 19.2, 0.094, 1022.2
00:02:15, 19.2, 0.088, 1021.6
00:02:16, 19.2, 0.088, 1021.6
00:02:18, 19.1, 0.086, 1021.4
00:02:19, 19.1, 0.086, 1021.4
00:02:20, 19.1, 0.087, 1021.5
00:02:21, 19.0, 0.088, 1021.6
00:02:22, 18.9, 0.088, 1021.6
00:02:23, 18.9, 0.092, 1022.0
00:02:24, 18.8, 0.087, 1021.5
00:02:25, 18.8, 0.092, 1022.0
00:02:26, 18.8, 0.088, 1021.6
00:02:27, 18.8, 0.088, 1021.6
00:02:28, 18.8, 0.093, 1022.1
00:02:30, 18.8, 0.087, 1021.5
00:02:31, 18.8, 0.086, 1021.4
00:02:32, 18.8, 0.087, 1021.5
00:02:33, 18.8, 0.088, 1021.6
00:02:34, 18.8, 0.086, 1021.4
00:02:35, 18.8, 0.087, 1021.5
00:02:36, 18.8, 0.085, 1021.3
